date,state,death,deathConfirmed,deathIncrease,deathProbable,hospitalized,hospitalizedCumulative,hospitalizedCurrently,hospitalizedIncrease,inIcuCumulative,inIcuCurrently,negative,negativeIncrease,negativeTestsAntibody,negativeTestsPeopleAntibody,negativeTestsViral,onVentilatorCumulative,onVentilatorCurrently,positive,positiveCasesViral,positiveIncrease,positiveScore,positiveTestsAntibody,positiveTestsAntigen,positiveTestsPeopleAntibody,positiveTestsPeopleAntigen,positiveTestsViral,recovered,totalTestEncountersViral,totalTestEncountersViralIncrease,totalTestResults,totalTestResultsIncrease,totalTestsAntibody,totalTestsAntigen,totalTestsPeopleAntibody,totalTestsPeopleAntigen,totalTestsPeopleViral,totalTestsPeopleViralIncrease,totalTestsViral,totalTestsViralIncrease,policy
3/4/2020,NC,,,0,,,,,0,,,,0,,,,,,1,,0,0,,,,,,,,0,,0,,,,,,0,,0,0
3/5/2020,NC,,,0,,,,,0,,,,0,,,,,,1,,0,0,,,,,,,,0,,0,,,,,,0,,0,0
3/6/2020,NC,,,0,,,,,0,,,,0,,,,,,2,,1,0,,,,,,,,0,,0,,,,,,0,,0,0
3/7/2020,NC,,,0,,,,,0,,,,0,,,,,,2,,0,0,,,,,,,,0,,0,,,,,,0,,0,0
3/8/2020,NC,,,0,,,,,0,,,,0,,,,,,2,,0,0,,,,,,,,0,,0,,,,,,0,,0,0
3/9/2020,NC,,,0,,,,,0,,,,0,,,,,,2,,0,0,,,,,,,,0,,0,,,,,,0,,0,0
3/10/2020,NC,,,0,,,,,0,,,,0,,,,,,7,,5,0,,,,,,,,0,,0,,,,,,0,,0,0
3/11/2020,NC,,,0,,,,,0,,,,0,,,,,,7,,0,0,,,,,,,,0,,0,,,,,,0,,0,0
3/12/2020,NC,,,0,,,,,0,,,,0,,,,,,12,,5,0,,,,,,,,0,,0,,,,,,0,,0,0
3/13/2020,NC,,,0,,,,,0,,,,0,,,,,,15,,3,0,,,,,,,,0,,0,,,,,,0,,0,0
3/14/2020,NC,,,0,,,,,0,,,,0,,,,,,23,,8,0,,,,,,,,0,,0,,,,,,0,,0,0
3/15/2020,NC,,,0,,,,,0,,,,0,,,,,,32,,9,0,,,,,,,,0,,0,,,,,,0,,0,0
3/16/2020,NC,0,,0,,,,,0,,,,0,,,,,,33,,1,0,,,,,,,,0,,0,,,,,,0,,0,0
3/17/2020,NC,0,,0,,,,,0,,,,0,,,,,,40,,7,0,,,,,,,,0,936,936,,,,,,0,936,936,0
3/18/2020,NC,0,,0,,,,,0,,,,0,,,,,,63,,23,0,,,,,,,,0,1231,295,,,,,,0,1231,295,0
3/19/2020,NC,0,,0,,,,,0,,,,0,,,,,,97,,34,0,,,,,,,,0,1436,205,,,,,,0,1436,205,0
3/20/2020,NC,0,,0,,,,,0,,,,0,,,,,,137,,40,0,,,,,,,,0,3132,1696,,,,,,0,3132,1696,0
3/21/2020,NC,0,,0,,,,,0,,,,0,,,,,,184,,47,0,,,,,,,,0,4075,943,,,,,,0,4075,943,0
3/22/2020,NC,0,,0,,,,,0,,,,0,,,,,,255,,71,0,,,,,,,,0,6267,2192,,,,,,0,6267,2192,0
3/23/2020,NC,0,,0,,,,,0,,,,0,,,,,,297,,42,0,,,,,,,,0,7656,1389,,,,,,0,7656,1389,0
3/24/2020,NC,0,,0,,,,,0,,,,0,,,,,,398,,101,0,,,,,,,,0,9819,2163,,,,,,0,9819,2163,0
3/25/2020,NC,1,,1,,,,29,0,,,,0,,,,,,504,,106,0,,,,,,,,0,10348,529,,,,,,0,10348,529,0
3/26/2020,NC,2,,1,,,,29,0,,,,0,,,,,,636,,132,0,,,,,,,,0,12794,2446,,,,,,0,12794,2446,0
3/27/2020,NC,3,,1,,,,77,0,,,,0,,,,,,763,,127,0,,,,,,,,0,15587,2793,,,,,,0,15587,2793,0
3/28/2020,NC,4,,1,,,,87,0,,,,0,,,,,,935,,172,0,,,,,,,,0,18254,2667,,,,,,0,18254,2667,0
3/29/2020,NC,4,,0,,,,91,0,,,,0,,,,,,1040,,105,0,,,,,,,,0,21164,2910,,,,,,0,21164,2910,0
3/30/2020,NC,6,,2,,,,137,0,,,,0,,,,,,1307,,267,0,,,,,,,,0,22802,1638,,,,,,0,22802,1638,1
3/31/2020,NC,8,,2,,,,157,0,,,,0,,,,,,1498,,191,0,,,,,,,,0,24884,2082,,,,,,0,24884,2082,1
4/1/2020,NC,10,,2,,,,204,0,,,,0,,,,,,1584,,86,0,,,,,,,,0,27671,2787,,,,,,0,27671,2787,1
4/2/2020,NC,16,,6,,,,184,0,,,,0,,,,,,1857,,273,0,,,,,,,,0,31106,3435,,,,,,0,31106,3435,1
4/3/2020,NC,19,,3,,,,184,0,,,,0,,,,,,2093,,236,0,,,,,,,,0,33989,2883,,,,,,0,33989,2883,1
4/4/2020,NC,24,,5,,,,271,0,,,,0,,,,,,2402,,309,0,,,,,,,,0,37393,3404,,,,,,0,37393,3404,1
4/5/2020,NC,31,,7,,,,261,0,,,,0,,,,,,2585,,183,0,,,,,,,,0,45022,7629,,,,,,0,45022,7629,1
4/6/2020,NC,33,,2,,,,270,0,,,,0,,,,,,2870,,285,0,,,,,,,,0,46365,1343,,,,,,0,46365,1343,1
4/7/2020,NC,46,,13,,,,354,0,,,,0,,,,,,3221,,351,0,,,,,,,,0,47217,852,,,,,,0,47217,852,1
4/8/2020,NC,53,,7,,,,386,0,,,,0,,,,,,3426,,205,0,,,,,,,,0,48130,913,,,,,,0,48130,913,1
4/9/2020,NC,65,,12,,,,398,0,,,,0,,,,,,3651,,225,0,,,,,,,,0,50561,2431,,,,,,0,50561,2431,1
4/10/2020,NC,74,,9,,,,423,0,,,,0,,,,,,3908,,257,0,,,,,,,,0,55823,5262,,,,,,0,55823,5262,1
4/11/2020,NC,80,,6,,,,362,0,,,,0,,,,,,4312,,404,0,,,,,,,,0,66034,10211,,,,,,0,66034,10211,1
4/12/2020,NC,81,,1,,,,331,0,,,,0,,,,,,4520,,208,0,,,,,,,,0,68909,2875,,,,,,0,68909,2875,1
4/13/2020,NC,86,,5,,,,313,0,,,,0,,,,,,4816,,296,0,,,,,,,,0,76908,7999,,,,,,0,76908,7999,1
4/14/2020,NC,108,,22,,,,418,0,,,,0,,,,,,5024,,208,0,,,,,,,,0,78206,1298,,,,,,0,78206,1298,1
4/15/2020,NC,117,,9,,,,431,0,,,,0,,,,,,5123,,99,0,,,,,,,,0,80174,1968,,,,,,0,80174,1968,1
4/16/2020,NC,131,,14,,,,452,0,,,,0,,,,,,5465,,342,0,,,,,,,,0,83389,3215,,,,,,0,83389,3215,1
4/17/2020,NC,152,,21,,,,429,0,,,,0,,,,,,5859,,394,0,,,,,,,,0,86965,3576,,,,,,0,86965,3576,1
4/18/2020,NC,164,,12,,,,388,0,,,,0,,,,,,6140,,281,0,,,,,,,,0,89437,2472,,,,,,0,89437,2472,1
4/19/2020,NC,172,,8,,,,465,0,,,,0,,,,,,6493,,353,0,,,,,,,,0,93037,3600,,,,,,0,93037,3600,1
4/20/2020,NC,179,,7,,,,373,0,,,,0,,,,,,6764,,271,0,,,,,,,,0,95629,2592,,,,,,0,95629,2592,1
4/21/2020,NC,213,,34,,,,427,0,,,,0,,,,,,6951,,187,0,,,,,,,,0,96402,773,,,,,,0,96402,773,1
4/22/2020,NC,242,,29,,,,434,0,,,,0,,,,,,7220,,269,0,,,,,,,,0,100922,4520,,,,,,0,100922,4520,1
4/23/2020,NC,253,,11,,,,486,0,,,,0,,,,,,7608,,388,0,,,,,,,,0,108718,7796,,,,,,0,108718,7796,1
4/24/2020,NC,269,,16,,,,477,0,,,,0,,,,,,8052,,444,0,,,,,,,,0,115124,6406,,,,,,0,115124,6406,1
4/25/2020,NC,289,,20,,,,456,0,,,,0,,,,,,8623,,571,0,,,,,,,,0,119912,4788,,,,,,0,119912,4788,1
4/26/2020,NC,299,,10,,,,451,0,,,,0,,,,,,8830,,207,0,,,,,,,,0,125210,5298,,,,,,0,125210,5298,1
4/27/2020,NC,306,,7,,,,473,0,,,,0,,,,,,9142,,312,0,,,,,,,,0,128195,2985,,,,,,0,128195,2985,1
4/28/2020,NC,342,,36,,,,463,0,,,,0,,,,,,9568,,426,0,,,,,,,,0,130329,2134,,,,,,0,130329,2134,1
4/29/2020,NC,354,,12,,,,551,0,,,,0,,,,,,9948,9948,380,0,,,,,,,,0,134080,3751,,,,,,0,134080,3751,1
4/30/2020,NC,378,,24,,,,546,0,,,,0,,,,,,10509,10509,561,0,,,,,,,,0,139398,5318,,,,,,0,139398,5318,1
5/1/2020,NC,399,,21,,,,547,0,,,,0,,,,,,10923,10923,414,0,,,,,,,,0,145996,6598,,,,,,0,145996,6598,1
5/2/2020,NC,420,,21,,,,502,0,,,,0,,,,,,11509,11509,586,0,,,,,,,,0,151486,5490,,,,,,0,151486,5490,1
5/3/2020,NC,422,422,2,,,,475,0,,,,0,,,,,,11664,11664,155,0,,,,,,,,0,157447,5961,,,,,,0,157447,5961,1
5/4/2020,NC,430,430,8,,,,498,0,,,,0,,,,,,11848,11848,184,0,,,,,,,,0,162649,5202,,,,,,0,162649,5202,1
5/5/2020,NC,452,452,22,,,,534,0,,,,0,,,,,,12256,12256,408,0,,,,,,,,0,165350,2701,,,,,,0,165350,2701,1
5/6/2020,NC,477,477,25,,,,516,0,,,,0,,,,,,12758,12758,502,0,,,,,,,,0,171322,5972,,,,,,0,171322,5972,1
5/7/2020,NC,507,507,30,,,,525,0,,,,0,,,,,,13397,13397,639,0,,,,,,,,0,180652,9330,,,,,,0,180652,9330,1
5/8/2020,NC,527,527,20,,,,515,0,,,,0,,,,,,13868,13868,471,0,,,,,,,,0,187523,6871,,,,,,0,187523,6871,1
5/9/2020,NC,544,544,17,,,,513,0,,,,0,,,,,,14360,14360,492,0,,,,,,,,0,195440,7917,,,,,,0,195440,7917,2
5/10/2020,NC,547,547,3,,,,442,0,,,,0,,,,,,14764,14764,404,0,,,,,,,,0,202897,7457,,,,,,0,202897,7457,2
5/11/2020,NC,550,550,3,,,,464,0,,,,0,,,,,,15045,15045,281,0,,,,,,,,0,208215,5318,,,,,,0,208215,5318,2
5/12/2020,NC,577,577,27,,,,475,0,,,,0,,,,,,15346,15346,301,0,,,,,,,,0,210956,2741,,,,,,0,210956,2741,2
5/13/2020,NC,597,597,20,,,,521,0,,,,0,,,,,,15816,15816,470,0,,,,,,,,0,217642,6686,,,,,,0,217642,6686,2
5/14/2020,NC,615,615,18,,,,507,0,,,,0,,,,,,16507,16507,691,0,,,,,,,,0,225561,7919,,,,,,0,225561,7919,2
5/15/2020,NC,641,641,26,,,,492,0,,,,0,,,,,,17129,17129,622,0,,,,,,,,0,234878,9317,,,,,,0,234878,9317,2
5/16/2020,NC,652,652,11,,,,481,0,,,,0,,,,,,17982,17982,853,0,,,,,,,,0,248801,13923,,,,,,0,248801,13923,2
5/17/2020,NC,659,659,7,,,,493,0,,,,0,,,,,,18512,18512,530,0,,,,,,,,0,259509,10708,,,,,,0,259509,10708,2
5/18/2020,NC,661,661,2,,,,511,0,,,,0,,,,,,19023,19023,511,0,,,,,,,,0,269017,9508,,,,,,0,269017,9508,2
5/19/2020,NC,691,691,30,,,,585,0,,,,0,,,,,,19700,19700,677,0,,,,,,,,0,277414,8397,,,,,,0,277414,8397,2
5/20/2020,NC,702,702,11,,,,554,0,,,,0,,,,,,20122,20122,422,0,,,,,,,,0,286061,8647,,,,,,0,286061,8647,2
5/21/2020,NC,716,716,14,,,,578,0,,,,0,,,,,,20860,20860,738,0,,,,,,,,0,298374,12313,,,,,,0,298374,12313,2
5/22/2020,NC,728,728,12,,,,568,0,,,,0,,,,,,21618,21618,758,0,,,,,,,,0,308559,10185,,,,,,0,308559,10185,2
5/23/2020,NC,737,737,9,,,,589,0,,,,0,,,,,,22725,22725,1107,0,,,,,,,,0,320388,11829,,,,,,0,320388,11829,3
5/24/2020,NC,744,744,7,,,,587,0,,,,0,,,,,,23222,23222,497,0,,,,,,,,0,329434,9046,,,,,,0,329434,9046,3
5/25/2020,NC,754,754,10,,,,627,0,,,,0,,,,,,23964,23964,742,0,,,,,,,,0,336588,7154,,,,,,0,336588,7154,3
5/26/2020,NC,766,766,12,,,,621,0,,,,0,,,,,,24140,24140,176,0,,,,,,,,0,344336,7748,,,,,,0,344336,7748,3
5/27/2020,NC,794,794,28,,,,702,0,,,,0,,,,,,24628,24628,488,0,,,,,,,,0,347907,3571,,,,,,0,347907,3571,3
5/28/2020,NC,827,827,33,,,,708,0,,,,0,,,,,,25412,25412,784,0,,,,,,,,0,359480,11573,,,,,,0,359480,11573,3
5/29/2020,NC,859,859,32,,,,680,0,,,,0,,,,,,26488,26488,1076,0,,,,,,,,0,369596,10116,,,,,,0,369596,10116,3
5/30/2020,NC,877,877,18,,,,638,0,,,,0,,,,,,27673,27673,1185,0,,,,,,,,0,386302,16706,,,,,,0,386302,16706,3
5/31/2020,NC,886,886,9,,,,649,0,,,,0,,,,,,28589,28589,916,0,,,,,,,,0,398280,11978,,,,,,0,398280,11978,3
6/1/2020,NC,898,898,12,,,,650,0,,,,0,,,,,,29263,29263,674,0,,,,,,,,0,412211,13931,,,,,,0,412211,13931,3
6/2/2020,NC,921,921,23,,,,716,0,,,,0,,,,,,29889,29889,626,0,,,,,,,,0,416763,4552,,,,,,0,416763,4552,3
6/3/2020,NC,939,939,18,,,,684,0,,,,0,,,,,,30777,30777,888,0,,,,,,,,0,429076,12313,,,,,,0,429076,12313,3
6/4/2020,NC,960,960,21,,,,659,0,,,,0,,,,,,31966,31966,1189,0,,,,,,,,0,442042,12966,,,,,,0,442042,12966,3
6/5/2020,NC,966,966,6,,,,717,0,,,,0,,,,,,33255,33255,1289,0,,,,,,,,0,460788,18746,,,,,,0,460788,18746,3
6/6/2020,NC,992,992,26,,,,708,0,,,,0,,,,,,34625,34625,1370,0,,,,,,,,0,473709,12921,,,,,,0,473709,12921,3
6/7/2020,NC,996,996,4,,,,696,0,,,,0,,,,,,35546,35546,921,0,,,,,,,,0,489499,15790,,,,,,0,489499,15790,3
6/8/2020,NC,1006,1006,10,,,,739,0,,,,0,,,,,,36484,36484,938,0,,,,,,,,0,502428,12929,,,,,,0,502428,12929,3
6/9/2020,NC,1029,1029,23,,,,774,0,,,,0,,,,,,37160,37160,676,0,,,,,,,,0,511754,9326,,,,,,0,511754,9326,3
6/10/2020,NC,1053,1053,24,,,,780,0,,,,0,,,,,,38171,38171,1011,0,,,,,,,,0,527473,15719,,,,,,0,527473,15719,3
6/11/2020,NC,1064,1064,11,,,,812,0,,,,0,,,,,,39481,39481,1310,0,,,,,,,,0,542829,15356,,,,,,0,542829,15356,3
6/12/2020,NC,1092,1092,28,,,,760,0,,,,0,,,,,,41249,41249,1768,0,,,,,,,,0,562300,19471,,,,,,0,562300,19471,3
6/13/2020,NC,1104,1104,12,,,,823,0,,,,0,,,,,,42676,42676,1427,0,,,,,,,,0,584426,22126,,,,,,0,584426,22126,3
6/14/2020,NC,1109,1109,5,,,,798,0,,,,0,,,,,,44119,44119,1443,0,,,,,,,,0,600475,16049,,,,,,0,600475,16049,3
6/15/2020,NC,1118,1118,9,,,,797,0,,,,0,,,,,,45102,45102,983,0,,,,,,,,0,614016,13541,,,,,,0,614016,13541,3
6/16/2020,NC,1154,1154,36,,,,829,0,,,,0,,,,,,45853,45853,751,0,,,,,,,,0,626710,12694,,,,,,0,626710,12694,3
6/17/2020,NC,1168,1168,14,,,,846,0,,,,0,,,,,,46855,46855,1002,0,,,,,,,,0,640436,13726,,,,,,0,640436,13726,3
6/18/2020,NC,1175,1175,7,,,,857,0,,,,0,,,,,,48188,48188,1333,0,,,,,,,,0,657507,17071,,,,,,0,657507,17071,3
6/19/2020,NC,1197,1197,22,,,,871,0,,,,0,,,,,,49840,49840,1652,0,,,,,,,,0,678919,21412,,,,,,0,678919,21412,3
6/20/2020,NC,1212,1212,15,,,,883,0,,,,0,,,,,,51389,51389,1549,0,,,,,,,,0,703296,24377,,,,,,0,703296,24377,3
6/21/2020,NC,1220,1220,8,,,,845,0,,,,0,,,,,,52801,52801,1412,0,,,,,,,,0,718696,15400,,,,,,0,718696,15400,3
6/22/2020,NC,1223,1223,3,,,,870,0,,,,0,,,,,,53605,53605,804,0,,,,,,,,0,736825,18129,,,,,,0,736825,18129,3
6/23/2020,NC,1251,1251,28,,,,915,0,,,,0,,,,,,54453,54453,848,0,,,,,,,,0,748078,11253,,,,,,0,748078,11253,3
6/24/2020,NC,1266,1266,15,,,,906,0,,,,0,,,,,,56174,56174,1721,0,,,,,,,,0,763791,15713,,,,,,0,763791,15713,3
6/25/2020,NC,1284,1284,18,,,,891,0,,,,0,,,,,,57183,57183,1009,0,,,,,,,,0,782318,18527,,,,,,0,782318,18527,3
6/26/2020,NC,1303,1303,19,,,,892,0,,,,0,,,,,,58818,58818,1635,0,,,,,,,,0,803556,21238,,,,,,0,803556,21238,3
6/27/2020,NC,1312,1312,9,,,,888,0,,,,0,,,,,,60537,60537,1719,0,,,,,,,,0,822705,19149,,,,,,0,822705,19149,3
6/28/2020,NC,1322,1322,10,,,,890,0,,,,0,,,,,,62142,62142,1605,0,,,,,,,,0,843116,20411,,,,,,0,843116,20411,3
6/29/2020,NC,1325,1325,3,,,,843,0,,,,0,,,,,,63484,63484,1342,0,,,,,,,,0,860664,17548,,,,,,0,860664,17548,3
6/30/2020,NC,1343,1343,18,,,,908,0,,,,0,,,,,,64670,64670,1186,0,,,,,,,,0,877038,16374,,,,,,0,877038,16374,3
7/1/2020,NC,1373,1373,30,,,,901,0,,,,0,,,,,,66513,66513,1843,0,,,,,,,,0,895499,18461,,,,,,0,895499,18461,3
7/2/2020,NC,1391,1391,18,,,,912,0,,,,0,,,,,,68142,68142,1629,0,,,,,,,,0,917410,21911,,,,,,0,917410,21911,3
7/3/2020,NC,1392,1392,1,,,,951,0,,,,0,,,,,,70241,70241,2099,0,,,,,,,,0,938884,21474,,,,,,0,938884,21474,3
7/4/2020,NC,1395,1395,3,,,,945,0,,,,0,,,,,,71654,71654,1413,0,,,,,,,,0,959293,20409,,,,,,0,959293,20409,3
7/5/2020,NC,1396,1396,1,,,,949,0,,,,0,,,,,,72983,72983,1329,0,,,,,,,,0,976201,16908,,,,,,0,976201,16908,3
7/6/2020,NC,1398,1398,2,,,,982,0,,,,0,,,,,,74529,74529,1546,0,,,,,,,,0,995086,18885,,,,,,0,995086,18885,3
7/7/2020,NC,1420,1420,22,,,,989,0,,,,0,,,,,,75875,75875,1346,0,,,,,,,,0,1012215,17129,,,,,,0,1012215,17129,3
7/8/2020,NC,1441,1441,21,,,,994,0,,,,0,,,,,,77310,77310,1435,0,,,,,,,,0,1027036,14821,,,,,,0,1027036,14821,3
7/9/2020,NC,1461,1461,20,,,,1034,0,,,,0,,,,,,79349,79349,2039,0,,,,,,,,0,1045374,18338,,,,,,0,1045374,18338,3
7/10/2020,NC,1479,1479,18,,,,1046,0,,,,0,,,,,,81331,81331,1982,0,,,,,,,,0,1069034,23660,,,,,,0,1069034,23660,3
7/11/2020,NC,1499,1499,20,,,,1093,0,,,,0,,,,,,83793,83793,2462,0,,,,,,,,0,1091314,22280,,,,,,0,1091314,22280,3
7/12/2020,NC,1503,1503,4,,,,1070,0,,,,0,,,,,,85701,85701,1908,0,,,,,,,,0,1115797,24483,,,,,,0,1115797,24483,3
7/13/2020,NC,1510,1510,7,,,,1040,0,,,,0,,,,,,87528,87528,1827,0,,,,,,,,0,1142819,27022,,,,,,0,1142819,27022,3
7/14/2020,NC,1552,1552,42,,,,1109,0,,,,0,,,,,,89484,89484,1956,0,,,,,,,,0,1161693,18874,,,,,,0,1161693,18874,3
7/15/2020,NC,1568,1568,16,,,,1142,0,,,,0,,,,,,91266,91266,1782,0,,,,,,,,0,1184886,23193,,,,,,0,1184886,23193,3
7/16/2020,NC,1588,1588,20,,,,1134,0,,,,0,,,,,,93426,93426,2160,0,,,,,,,,0,1208018,23132,,,,,,0,1208018,23132,3
7/17/2020,NC,1606,1606,18,,,,1180,0,,,,0,,,,,,95477,95477,2051,0,,,,,,,,0,1230289,22271,,,,,,0,1230289,22271,3
7/18/2020,NC,1629,1629,23,,,,1154,0,,,,0,,,,,,97958,97958,2481,0,,,,,,,,0,1258509,28220,,,,,,0,1258509,28220,3
7/19/2020,NC,1634,1634,5,,,,1115,0,,,,0,,,,,,99778,99778,1820,0,,,,,,,,0,1284308,25799,,,,,,0,1284308,25799,3
7/20/2020,NC,1642,1642,8,,,,1086,0,,,,0,,,,,,101046,101046,1268,0,,,,,,,,0,1308748,24440,,,,,,0,1308748,24440,3
7/21/2020,NC,1668,1668,26,,,,1179,0,,,,0,,,,,,102861,102861,1815,0,,,,,,,,0,1329859,21111,,,,,,0,1329859,21111,3
7/22/2020,NC,1698,1698,30,,,,1137,0,,338,,0,,,,,,105001,105001,2140,0,,,,,,,,0,1349841,19982,,,,,,0,1349841,19982,3
7/23/2020,NC,1726,1726,28,,,,1188,0,,360,,0,,,,,,106893,106893,1892,0,,,,,,,,0,1375493,25652,,,,,,0,1375493,25652,3
7/24/2020,NC,1746,1746,20,,,,1182,0,,363,,0,,,,,,108995,108995,2102,0,,,,,,,,0,1402141,26648,,,,,,0,1402141,26648,3
7/25/2020,NC,1778,1778,32,,,,1168,0,,362,,0,,,,,,111092,111092,2097,0,,,,,,,,0,1424254,22113,,,,,,0,1424254,22113,3
7/26/2020,NC,1785,1785,7,,,,1170,0,,350,,0,,,,,,112713,112713,1621,0,,,,,,,,0,1448133,23879,,,,,,0,1448133,23879,3
7/27/2020,NC,1790,1790,5,,,,1169,0,,352,,0,,,,,,114338,114338,1625,0,,,,,,,,0,1473775,25642,,,,,,0,1473775,25642,3
7/28/2020,NC,1820,1820,30,,,,1244,0,,364,,0,,,,,,116087,116087,1749,0,,,,,,,,0,1492513,18738,,,,,,0,1492513,18738,3
7/29/2020,NC,1865,1865,45,,,,1291,0,,361,,0,,,,,,117850,117850,1763,0,,,,,,,,0,1512939,20426,,,,,,0,1512939,20426,3
7/30/2020,NC,1903,1903,38,,,,1239,0,,358,,0,,,,,,120194,120194,2344,0,,,,,,,,0,1538114,25175,,,,,,0,1538114,25175,3
7/31/2020,NC,1924,1924,21,,,,1229,0,,363,,0,,,,,,122148,122148,1954,0,,,,,,,,0,1563552,25438,,,,,,0,1563552,25438,3
8/1/2020,NC,1964,1964,40,,,,1151,0,,349,,0,,,,,,123878,123878,1730,0,,,,,,,,0,1587499,23947,,,,,,0,1587499,23947,3
8/2/2020,NC,1969,1969,5,,,,1142,0,,341,,0,,,,,,125219,125219,1341,0,,,,,,,,0,1610590,23091,,,,,,0,1610590,23091,3
8/3/2020,NC,1982,1982,13,,,,1057,0,,318,,0,,,,,,126532,126532,1313,0,,,,,,,,0,1634070,23480,,,,,,0,1634070,23480,3
8/4/2020,NC,2010,2010,28,,,,1166,0,,339,,0,,,,,,128161,128161,1629,0,,,,,,,,0,1653810,19740,,,,,,0,1653810,19740,3
8/5/2020,NC,2050,2050,40,,,,1167,0,,346,,0,,,,,,129288,129288,1127,0,,,,,,,,0,1665423,11613,,,,,,0,1665423,11613,3
8/6/2020,NC,2092,2092,42,,,,1147,0,,333,,0,,,,,,131267,131267,1979,0,,,,,,,,0,1684981,19558,,,,,,0,1684981,19558,3
8/7/2020,NC,2134,2134,42,,,,1123,0,,339,,0,,,,,,132812,132812,1545,0,,,,,,,,0,1708450,23469,,,,,,0,1708450,23469,3
8/8/2020,NC,2160,2160,26,,,,1129,0,,335,,0,,,,,,134766,134766,1954,0,,,,,,,,0,1730290,21840,,,,,,0,1730290,21840,3
8/9/2020,NC,2168,2168,8,,,,1109,0,,315,,0,,,,,,136218,136218,1452,0,,,,,,,,0,1751321,21031,,,,,,0,1751321,21031,3
8/10/2020,NC,2172,2172,4,,,,1111,0,,317,,0,,,,,,136844,136844,626,0,,,,,,,,0,1770503,19182,,,,,,0,1770503,19182,3
8/11/2020,NC,2204,2204,32,,,,1122,0,,329,,0,,,,,,137895,137895,1051,0,,,,,,,,0,1787640,17137,,,,,,0,1787640,17137,3
8/12/2020,NC,2249,2249,45,,,,1062,0,,311,,0,,,,,,139061,139061,1166,0,,,,,,,,0,1803344,15704,,,,,,0,1803344,15704,3
8/13/2020,NC,2287,2287,38,,,,1070,0,,313,,0,,,,,,140824,140824,1763,0,,,,,,,,0,1830059,26715,,,,,,0,1830059,26715,3
8/14/2020,NC,2313,2313,26,,,,1049,0,,308,,0,,,,,,142170,142170,1346,0,,,,,,,,0,1860127,30068,,,,,,0,1860127,30068,3
8/15/2020,NC,2343,2343,30,,,,1032,0,,320,,0,,,,,,143706,143706,1536,0,,,,,,,,0,1882983,22856,,,,,,0,1882983,22856,3
8/16/2020,NC,2347,2347,4,,,,934,0,,289,,0,,,,,,144952,144952,1246,0,,,,,,,,0,1908635,25652,,,,,,0,1908635,25652,3
8/17/2020,NC,2348,2348,1,,,,980,0,,290,,0,,,,,,145516,145516,564,0,,,,,,,,0,1931656,23021,,,,,,0,1931656,23021,3
8/18/2020,NC,2396,2396,48,,,,1026,0,,313,,0,,,,,,146779,146779,1263,0,,,,,,,,0,1945518,13862,,,,,,0,1945518,13862,3
8/19/2020,NC,2431,2431,35,,,,1001,0,,306,,0,,,,,,147932,147932,1153,0,,,,,,,,0,1956411,10893,,,,,,0,1956411,10893,3
8/20/2020,NC,2465,2465,34,,,,1023,0,,280,,0,,,,,,149904,149904,1972,0,,,,,,,,0,1982150,25739,,,,,,0,1982150,25739,3
8/21/2020,NC,2494,2494,29,,,,1015,0,,284,,0,,,,,,151912,151912,2008,0,,,,,,,,0,2008172,26022,,,,,,0,2008172,26022,3
8/22/2020,NC,2521,2521,27,,,,996,0,,279,,0,,,,,,153641,153641,1729,0,,,,,,,,0,2033933,25761,,,,,,0,2033933,25761,3
8/23/2020,NC,2531,2531,10,,,,898,0,,268,,0,,,,,,155113,155113,1472,0,,,,,,,,0,2058837,24904,,,,,,0,2058837,24904,3
8/24/2020,NC,2535,2535,4,,,,948,0,,274,,0,,,,,,156396,156396,1283,0,,,,,,,,0,2083006,24169,,,,,,0,2083006,24169,3
8/25/2020,NC,2570,2570,35,,,,1000,0,,270,,0,,,,,,157741,157741,1345,0,,,,,,,,0,2096126,13120,,,,,,0,2096126,13120,3
8/26/2020,NC,2606,2606,36,,,,1004,0,,281,,0,,,,,,158985,158985,1244,0,,,,,,,,0,2111046,14920,,,,,,0,2111046,14920,3
8/27/2020,NC,2630,2630,24,,,,958,0,,272,,0,,,,,,161076,161076,2091,0,,,,,,,,0,2142178,31132,,,,,,0,2142178,31132,3
8/28/2020,NC,2652,2652,22,,,,970,0,,278,,0,,,,,,162491,162491,1415,0,,,,,,,,0,2177899,35721,,,,,,0,2177899,35721,3
8/29/2020,NC,2683,2683,31,,,,965,0,,264,,0,,,,,,165076,165076,2585,0,,,,,,,,0,2212770,34871,,,,,,0,2212770,34871,3
8/30/2020,NC,2692,2692,9,,,,917,0,,260,,0,,,,,,166127,166127,1051,0,,,,,,,,0,2243749,30979,,,,,,0,2243749,30979,3
8/31/2020,NC,2702,2702,10,,,,923,0,,244,,0,,,,,,167313,167313,1186,0,,,,,,,,0,2268793,25044,,,,,,0,2268793,25044,3
9/1/2020,NC,2741,2741,39,,,,946,0,,270,,0,,,,,,169424,169424,2111,0,,,,,,,,0,2287415,18622,,,,,,0,2287415,18622,3
9/2/2020,NC,2779,2779,38,,,,858,0,,270,,0,,,,,,170553,170553,1129,0,,,,,,,,0,2302480,15065,,,,,,0,2302480,15065,3
9/3/2020,NC,2803,2803,24,,,,858,0,,257,,0,,,,,,172209,172209,1656,0,,,,,,,,0,2331367,28887,,,,,,0,2331367,28887,3
9/4/2020,NC,2839,2839,36,,,,955,0,,281,,0,,,,,,174254,174254,2045,0,,,,,,,,0,2368246,36879,,,,,,0,2368246,36879,3
9/5/2020,NC,2889,2889,50,,,,831,0,,254,,0,,,,,,175815,175815,1561,0,,,,,,,,0,2400868,32622,,,,,,0,2400868,32622,3
9/6/2020,NC,2890,2890,1,,,,830,0,,250,,0,,,,,,176901,176901,1086,0,,,,,,,,0,2429647,28779,,,,,,0,2429647,28779,3
9/7/2020,NC,2897,2897,7,,,,765,0,,248,,0,,,,,,177919,177919,1018,0,,,,,,,,0,2454856,25209,,,,,,0,2454856,25209,3
9/8/2020,NC,2909,2909,12,,,,827,0,,262,,0,,,,,,178635,178635,716,0,,,,,,,,0,2470106,15250,,,,,,0,2470106,15250,3
9/9/2020,NC,2958,2958,49,,,,916,0,,296,,0,,,,,,179532,179532,897,0,,,,,,,,0,2480727,10621,,,,,,0,2480727,10621,3
9/10/2020,NC,2990,2990,32,,,,928,0,,291,,0,,,,,,180754,180754,1222,0,,,,,,,,0,2496263,15536,,,,,,0,2496263,15536,3
9/11/2020,NC,3023,3023,33,,,,938,0,,292,,0,,,,,,182286,182286,1532,0,,,,,,,,0,2530135,33872,,,,,,0,2530135,33872,3
9/12/2020,NC,3047,3047,24,,,,870,0,,287,,0,,,,,,183740,183740,1454,0,,,,,,,,0,2568816,38681,,,,,,0,2568816,38681,3
9/13/2020,NC,3052,3052,5,,,,831,0,,270,,0,,,,,,184936,184936,1196,0,,,,,,,,0,2602183,33367,,,,,,0,2602183,33367,3
9/14/2020,NC,3060,3060,8,,,,895,0,,293,,0,,,,,,185781,185781,845,0,,,,,,,,0,2628386,26203,,,,,,0,2628386,26203,3
9/15/2020,NC,3111,3111,51,,,,916,0,,297,,0,,,,,,186887,186887,1106,0,,,,,,,,0,2646728,18342,,,,,,0,2646728,18342,3
9/16/2020,NC,3149,3149,38,,,,918,0,,297,,0,,,,,,188024,188024,1137,0,,,,,,,,0,2662357,15629,,,,,,0,2662357,15629,3
9/17/2020,NC,3180,3180,31,,,,894,0,,286,,0,,,,,,189576,189576,1552,0,,,,,,,,0,2690863,28506,,,,,,0,2690863,28506,3
9/18/2020,NC,3207,3207,27,,,,904,0,,283,,0,,,,,,191019,191019,1443,0,,,,,,,,0,2728470,37607,,,,,,0,2728470,37607,3
9/19/2020,NC,3235,3235,28,,,,882,0,,293,,0,,,,,,192248,192248,1229,0,,,,,,,,0,2762911,34441,,,,,,0,2762911,34441,3
9/20/2020,NC,3243,3243,8,,,,889,0,,292,,0,,,,,,193581,193581,1333,0,,,,,,,,0,2790314,27403,,,,,,0,2790314,27403,3
9/21/2020,NC,3247,3247,4,,,,885,0,,277,,0,,,,,,194381,194381,800,0,,,,,,,,0,2814993,24679,,,,,,0,2814993,24679,3
9/22/2020,NC,3286,3286,39,,,,905,0,,277,,0,,,,,,195549,195549,1168,0,,,,,,,,0,2830994,16001,,,,,,0,2830994,16001,3
9/23/2020,NC,3316,3316,30,,,,912,0,,281,,0,,,,,,196501,196501,952,0,,,,,,,,0,2843328,12334,,,,,,0,2843328,12334,3
9/24/2020,NC,3356,3356,40,,,,902,0,,279,,0,,,,,,198189,198189,1688,0,,,,,,,,0,2871507,28179,,,,,,0,2871507,28179,3
9/25/2020,NC,3409,3409,53,,,,903,0,,281,,0,,,,,,204331,199768,6142,0,,,,,,,,0,2909577,38070,,,,,,0,2909577,38070,3
9/26/2020,NC,3440,3413,31,27,,,914,0,,272,,0,,,,,,206090,201431,1759,0,,,,,,,,0,2945386,35809,,,,,,0,2945386,35809,3
9/27/2020,NC,3441,3414,1,27,,,917,0,,269,,0,,,,,,207380,202704,1290,0,,,,,,,,0,2976678,31292,,,,,,0,2976678,31292,3
9/28/2020,NC,3445,3418,4,27,,,897,0,,271,,0,,,,,,208248,203568,868,0,,,,,,,,0,3002591,25913,,,,,,0,3002591,25913,3
9/29/2020,NC,3494,3467,49,27,,,950,0,,287,,0,,,,,,209137,204331,889,0,,,,,,,,0,3016380,13789,,,,,,0,3016380,13789,3
9/30/2020,NC,3532,3505,38,27,,,956,0,,297,,0,,,,,,210632,205703,1495,0,,,,,,,,0,3030055,13675,,2337,,,,0,3030055,13675,3
10/1/2020,NC,3579,3551,47,28,,,939,0,,297,,0,,,,,,212909,207789,2277,0,,,,,,,,0,3058629,28574,,2721,,,,0,3058629,28574,3
10/2/2020,NC,3608,3579,29,29,,,921,0,,278,,0,,,,,,214684,209397,1775,0,,,,,,,,0,3098503,39874,,3063,,,,0,3098503,39874,3
10/3/2020,NC,3629,3600,21,29,,,921,0,,273,,0,,,,,,216886,211403,2202,0,,,,,,,,0,3133929,35426,,3527,,,,0,3133929,35426,3
10/4/2020,NC,3634,3603,5,31,,,907,0,,266,,0,,,,,,217496,211961,610,0,,,,,,,,0,3165818,31889,,3996,,,,0,3165818,31889,3
10/5/2020,NC,3637,3606,3,31,,,971,0,,274,,0,,,,,,219754,214209,2258,0,,,,,,,,0,3192516,26698,,4175,,,,0,3192516,26698,3
10/6/2020,NC,3670,3639,33,31,,,1013,0,,290,,0,,,,,,221258,215477,1504,0,,,,,,,,0,3210310,17794,,4508,,,,0,3210310,17794,3
10/7/2020,NC,3693,3661,23,32,,,1028,0,,288,,0,,,,,,222969,216943,1711,0,,,,,,,,0,3227198,16888,,5101,,,,0,3227198,16888,3
10/8/2020,NC,3722,3689,29,33,,,1051,0,,296,,0,,,,,,225397,219162,2428,0,,,,,,,,0,3260626,33428,,6114,,,,0,3260626,33428,3
10/9/2020,NC,3747,3713,25,34,,,1065,0,,299,,0,,,,,,227431,220965,2034,0,,,,,,,,0,3300638,40012,,8219,,,,0,3300638,40012,3
10/10/2020,NC,3765,3731,18,34,,,1034,0,,281,,0,,,,,,229752,223089,2321,0,,,,,,,,0,3341821,41183,,9135,,,,0,3341821,41183,3
10/11/2020,NC,3770,3735,5,35,,,1046,0,,288,,0,,,,,,231471,224727,1719,0,,,,,,,,0,3378041,36220,,9655,,,,0,3378041,36220,3
10/12/2020,NC,3773,3738,3,35,,,1109,0,,314,,0,,,,,,232747,225959,1276,0,,,,,,,,0,3410281,32240,,9950,,,,0,3410281,32240,3
10/13/2020,NC,3816,3774,43,42,,,1103,0,,306,,0,,,,,,234481,227496,1734,0,,,,,,,,0,3431640,21359,,10173,,,,0,3431640,21359,3
10/14/2020,NC,3856,3813,40,43,,,1152,0,,300,,0,,,,,,236407,229115,1926,0,,,,,,,,0,3452177,20537,,11616,,,,0,3452177,20537,3
10/15/2020,NC,3874,3831,18,43,,,1140,0,,296,,0,,,,,,238939,231362,2532,0,,,,,,,,0,3485026,32849,,12872,,,,0,3485026,32849,3
10/16/2020,NC,3910,3864,36,46,,,1148,0,,299,,0,,,,,,241623,233732,2684,0,,,,,,,,0,3526194,41168,,13588,,,,0,3526194,41168,3
10/17/2020,NC,3929,3882,19,47,,,1140,0,,316,,0,,,,,,243725,235597,2102,0,,,,,,,,0,3566257,40063,,14658,,,,0,3566257,40063,3
10/18/2020,NC,3934,3887,5,47,,,1129,0,,310,,0,,,,,,246028,237805,2303,0,,,,,,,,0,3599871,33614,,15275,,,,0,3599871,33614,3
10/19/2020,NC,3939,3892,5,47,,,1142,0,,311,,0,,,,,,247172,238894,1144,0,,,,,,,,0,3632454,32583,,15544,,,,0,3632454,32583,3
10/20/2020,NC,3992,3941,53,51,,,1203,0,,326,,0,,,,,,248750,240297,1578,0,,,,,,,,0,3655573,23119,,16457,,,,0,3655573,23119,3
10/21/2020,NC,4032,3981,40,51,,,1219,0,,337,,0,,,,,,250592,241792,1842,0,,,,,,,,0,3672176,16603,,17543,,,,0,3672176,16603,3
10/22/2020,NC,4082,4028,50,54,,,1205,0,,333,,0,,,,,,252992,243923,2400,0,,,,,,,,0,3706914,34738,,18776,,,,0,3706914,34738,3
10/23/2020,NC,4114,4058,32,56,,,1181,0,,325,,0,,,,,,255708,246346,2716,0,,,,,,,,0,3751895,44981,,19839,,,,0,3751895,44981,0
10/24/2020,NC,4144,4085,30,59,,,1182,0,,338,,0,,,,,,258292,248620,2584,0,,,,,,,,0,3790617,38722,,21790,,,,0,3790617,38722,0
10/25/2020,NC,4157,4097,13,60,,,1148,0,,321,,0,,,,,,260099,250332,1807,0,,,,,,,,0,3827249,36632,,22622,,,,0,3827249,36632,0
10/26/2020,NC,4170,4108,13,62,,,1193,0,,332,,0,,,,,,261742,251937,1643,0,,,,,,,,0,3857278,30029,,22972,,,,0,3857278,30029,0
10/27/2020,NC,4211,4144,41,67,,,1214,0,,329,,0,,,,,,263883,253847,2141,0,,,,,,,,0,3882328,25050,,23444,,,,0,3882328,25050,0
10/28/2020,NC,4245,4176,34,69,,,1193,0,,329,,0,,,,,,266136,255693,2253,0,,,,,,,,0,3903917,21589,,24967,,,,0,3903917,21589,0
10/29/2020,NC,4283,4210,38,73,,,1181,0,,340,,0,,,,,,269021,258319,2885,0,,,,,,,,0,3940586,36669,,27145,,,,0,3940586,36669,0
10/30/2020,NC,4332,4257,49,75,,,1196,0,,343,,0,,,,,,271830,260709,2809,0,,,,,,,,0,3983645,43059,,29700,,,,0,3983645,43059,0
10/31/2020,NC,4378,4301,46,77,,,1184,0,,345,,0,,,,,,274635,263177,2805,0,,,,,,,,0,4025732,42087,,32124,,,,0,4025732,42087,0
11/1/2020,NC,4383,4306,5,77,,,1122,0,,328,,0,,,,,,276692,265171,2057,0,,,,,,,,0,4062923,37191,,33369,,,,0,4062923,37191,0
11/2/2020,NC,4390,4313,7,77,,,1146,0,,344,,0,,,,,,278028,266451,1336,0,,,,,,,,0,4095672,32749,,33792,,,,0,4095672,32749,0
11/3/2020,NC,4457,4371,67,86,,,1175,0,,331,,0,,,,,,280377,268613,2349,0,,,,,,,,0,4121813,26141,,35890,,,,0,4121813,26141,0
11/4/2020,NC,4507,4418,50,89,,,1186,0,,327,,0,,,,,,282802,270675,2425,0,,,,,,,,0,4144314,22501,,39185,,,,0,4144314,22501,0
11/5/2020,NC,4548,4457,41,91,,,1193,0,,323,,0,,,,,,285661,273173,2859,0,,,,,,,,0,4184950,40636,,41718,,,,0,4184950,40636,0
11/6/2020,NC,4582,4489,34,93,,,1161,0,,311,,0,,,,,,288569,275790,2908,0,,,,,,,,0,4230191,45241,,45126,,,,0,4230191,45241,0
11/7/2020,NC,4605,4511,23,94,,,1196,0,,327,,0,,,,,,291245,278200,2676,0,,,,,,,,0,4272137,41946,,47403,,,,0,4272137,41946,0
11/8/2020,NC,4607,4513,2,94,,,1147,0,,311,,0,,,,,,293339,280213,2094,0,,,,,,,,0,4310365,38228,,48655,,,,0,4310365,38228,0
11/9/2020,NC,4615,4521,8,94,,,1169,0,,323,,0,,,,,,294860,281679,1521,0,,,,,,,,0,4344103,33738,,51349,,,,0,4344103,33738,0
11/10/2020,NC,4660,4562,45,98,,,1230,0,,325,,0,,,,,,297442,283895,2582,0,,,,,,,,0,4369833,25730,,52915,,,,0,4369833,25730,0
11/11/2020,NC,4698,4598,38,100,,,1246,0,,301,,0,,,,,,300561,286524,3119,0,,,,,,,,0,4395812,25979,,55930,,,,0,4395812,25979,0
11/12/2020,NC,4706,4606,8,100,,,1279,0,,325,,0,,,,,,303454,289204,2893,0,,,,,,,,0,4433680,37868,,59388,,,,0,4433680,37868,0
11/13/2020,NC,4720,4619,14,101,,,1423,0,,352,,0,,,,,,305233,290802,1779,0,,,,,,,,0,4477101,43421,,61929,,,,0,4477101,43421,0
11/14/2020,NC,4756,4651,36,105,,,1425,0,,347,,0,,,,,,309118,294328,3885,0,,,,,,,,0,4521717,44616,,65269,,,,0,4521717,44616,0
11/15/2020,NC,4806,4696,50,110,,,1395,0,,352,,0,,,,,,312235,297184,3117,0,,,,,,,,0,4560187,38470,,66867,,,,0,4560187,38470,0
11/16/2020,NC,4814,4704,8,110,,,1424,0,,360,,0,,,,,,314207,299061,1972,0,,,,,,,,0,4594924,34737,,67638,,,,0,4594924,34737,0
11/17/2020,NC,4852,4738,38,114,,,1501,0,,370,,0,,,,,,317495,301998,3288,0,,,,,,,,0,4623638,28714,,70545,,,,0,4623638,28714,0
11/18/2020,NC,4898,4780,46,118,,,1537,0,,386,,0,,,,,,320862,304784,3367,0,,,,,,,,0,4654490,30852,,74368,,,,0,4654490,30852,0
11/19/2020,NC,4936,4814,38,122,,,1538,0,,395,,0,,,,,,325158,308548,4296,0,,,,,,,,0,4700342,45852,,81125,,,,0,4700342,45852,0
11/20/2020,NC,4979,4854,43,125,,,1571,0,,415,,0,,,,,,328846,311772,3688,0,,,,,,,,0,4750277,49935,,84138,,,,0,4750277,49935,0
11/21/2020,NC,5005,4880,26,125,,,1590,0,,409,,0,,,,,,332261,314615,3415,0,,,,,,,,0,4803616,53339,,88848,,,,0,4803616,53339,0
11/22/2020,NC,5034,4907,29,127,,,1571,0,,404,,0,,,,,,336775,318763,4514,0,,,,,,,,0,4854135,50519,,91610,,,,0,4854135,50519,0
11/23/2020,NC,5039,4910,5,129,,,1601,0,,397,,0,,,,,,339194,320990,2419,0,,,,,,,,0,4896217,42082,,91610,,,,0,4896217,42082,0
11/24/2020,NC,5074,4939,35,135,,,1724,0,,412,,0,,,,,,342294,323751,3100,0,,,,,,,,0,4936308,40091,,95746,,,,0,4936308,40091,0
11/25/2020,NC,5138,4993,64,145,,,1811,0,,431,,0,,,,,,346506,327379,4212,0,,,,,,,,0,4982620,46312,,103064,,,,0,4982620,46312,0
11/26/2020,NC,5138,4993,0,145,,,1811,0,,431,,0,,,,,,346506,327379,0,0,,,,,,,,0,5027986,45366,,103064,,,,0,5027986,45366,0
11/27/2020,NC,5210,5059,72,151,,,1780,0,,437,,0,,,,,,354514,334190,8008,0,,,,,,,,0,5089455,61469,,111727,,,,0,5089455,61469,0
11/28/2020,NC,5219,5068,9,151,,,1840,0,,450,,0,,,,,,357958,337501,3444,0,,,,,,,,0,5129863,40408,,113574,,,,0,5129863,40408,0
11/29/2020,NC,5240,5085,21,155,,,1885,0,,454,,0,,,,,,361778,340939,3820,0,,,,,,,,0,5169025,39162,,115123,,,,0,5169025,39162,0
11/30/2020,NC,5261,5104,21,157,,,1966,0,,457,,0,,,,,,364512,343518,2734,0,,,,,,,,0,5203379,34354,,115957,,,,0,5203379,34354,0
12/1/2020,NC,5284,5123,23,161,,,2033,0,,485,,0,,,,,,367395,345906,2883,0,,,,,,,,0,5226292,22913,,118261,,,,0,5226292,22913,0
12/2/2020,NC,5366,5192,82,174,,,2039,0,,508,,0,,,,,,371594,349280,4199,0,,,,,,,,0,5252392,26100,,124631,,,,0,5252392,26100,0
12/3/2020,NC,5410,5231,44,179,,,2101,0,,500,,0,,,,,,377231,353966,5637,0,,,,,,,,0,5299428,47036,,130577,,,,0,5299428,47036,0
12/4/2020,NC,5467,5279,57,188,,,2157,0,,505,,0,,,,,,382534,358467,5303,0,,,,,,,,0,5352128,52700,,138473,,,,0,5352128,52700,0
12/5/2020,NC,5516,5323,49,193,,,2171,0,,508,,0,,,,,,388552,363698,6018,0,,,,,,,,0,5408609,56481,,145082,,,,0,5408609,56481,0
12/6/2020,NC,5543,5347,27,196,,,2191,0,,515,,0,,,,,,394990,369538,6438,0,,,,,,,,0,5459687,51078,,148091,,,,0,5459687,51078,0
12/7/2020,NC,5560,5364,17,196,,,2240,0,,528,,0,,,,,,399362,373684,4372,0,,,,,,,,0,5508871,49184,,149603,,,,0,5508871,49184,0
12/8/2020,NC,5605,5401,45,204,,,2373,0,,573,,0,,,,,,404032,377926,4670,0,,,,,,,,0,5546995,38124,,155329,,,,0,5546995,38124,0
12/9/2020,NC,5661,5453,56,208,,,2440,0,,577,,0,,,,,,410527,383408,6495,0,,,,,,,,0,5587556,40561,,163371,,,,0,5587556,40561,0
12/10/2020,NC,5714,5497,53,217,,,2444,0,,573,,0,,,,,,416083,388106,5556,0,,,,,,,,0,5639915,52359,,168721,,,,0,5639915,52359,0
12/11/2020,NC,5752,5528,38,224,,,2514,0,,583,,0,,,,,,423623,394742,7540,0,,,,,,,,0,5703416,63501,,175843,,,,0,5703416,63501,0
12/12/2020,NC,5796,5564,44,232,,,2577,0,,610,,0,,,,,,429776,399981,6153,0,,,,,,,,0,5763195,59779,,182850,,,,0,5763195,59779,0
12/13/2020,NC,5823,5588,27,235,,,2520,0,,606,,0,,,,,,436595,406174,6819,0,,,,,,,,0,5818033,54838,,186013,,,,0,5818033,54838,0
12/14/2020,NC,5855,5615,32,240,,,2553,0,,613,,0,,,,,,441365,410470,4770,0,,,,,,,,0,5862498,44465,,187337,,,,0,5862498,44465,0
12/15/2020,NC,5881,5639,26,242,,,2735,0,,643,,0,,,,,,446601,415080,5236,0,,,,,,,,0,5898630,36132,,190556,,,,0,5898630,36132,0
12/16/2020,NC,5979,5714,98,265,,,2811,0,,646,,0,,,,,,451874,419231,5273,0,,,,,,,,0,5932399,33769,,198646,,,,0,5932399,33769,0
12/17/2020,NC,6065,5788,86,277,,,2804,0,,620,,0,,,,,,457660,423821,5786,0,,,,,,,,0,5985959,53560,,203947,,,,0,5985959,53560,0
12/18/2020,NC,6125,5842,60,283,,,2824,0,,619,,0,,,,,,466104,431219,8444,0,,,,,,,,0,6054989,69030,,209865,,,,0,6054989,69030,0
12/19/2020,NC,6184,5892,59,292,,,2846,0,,634,,0,,,,,,472268,436625,6164,0,,,,,,,,0,6124882,69893,,216180,,,,0,6124882,69893,0
12/20/2020,NC,6224,5925,40,299,,,2748,0,,629,,0,,,,,,479168,442682,6900,0,,,,,,,,0,6186228,61346,,219724,,,,0,6186228,61346,0
12/21/2020,NC,6240,5940,16,300,,,2817,0,,659,,0,,,,,,483647,446795,4479,0,,,,,,,,0,6238603,52375,,221396,,,,0,6238603,52375,0
12/22/2020,NC,6291,5980,51,311,,,3001,0,,686,,0,,,,,,488902,451384,5255,0,,,,,,,,0,6274460,35857,,224620,,,,0,6274460,35857,0
12/23/2020,NC,6360,6029,69,331,,,3043,0,,696,,0,,,,,,494511,455469,5609,0,,,,,,,,0,6318737,44277,,230958,,,,0,6318737,44277,0
12/24/2020,NC,6360,6029,0,331,,,3043,0,,696,,0,,,,,,494511,455469,0,0,,,,,,,,0,6376650,57913,,230958,,,,0,6376650,57913,0
12/25/2020,NC,6360,6029,0,331,,,3043,0,,696,,0,,,,,,494511,455469,0,0,,,,,,,,0,6452744,76094,,230958,,,,0,6452744,76094,0
12/26/2020,NC,6526,6154,166,372,,,3023,0,,714,,0,,,,,,513930,472488,19419,0,,,,,,,,0,6505990,53246,,245322,,,,0,6505990,53246,0
12/27/2020,NC,6549,6176,23,373,,,3123,0,,721,,0,,,,,,516828,475269,2898,0,,,,,,,,0,6541776,35786,,245762,,,,0,6541776,35786,0
12/28/2020,NC,6561,6186,12,375,,,3192,0,,733,,0,,,,,,520716,478714,3888,0,,,,,,,,0,6559078,17302,,247223,,,,0,6559078,17302,0
12/29/2020,NC,6574,6199,13,375,,,3377,0,,761,,0,,,,,,524279,481665,3563,0,,,,,,,,0,6578775,19697,,249893,,,,0,6578775,19697,0
12/30/2020,NC,6729,6325,155,404,,,3339,0,,768,,0,,,,,,532830,487967,8551,0,,,,,,,,0,6609303,30528,,256286,,,,0,6609303,30528,0
12/31/2020,NC,6748,6342,19,406,,,3472,0,,774,,0,,,,,,539545,493951,6715,0,,,,,,,,0,6668325,59022,,262773,,,,0,6668325,59022,0
1/1/2021,NC,6748,6342,0,406,,,3472,0,,774,,0,,,,,,539545,493951,0,0,,,,,,,,0,6741248,72923,,262773,,,,0,6741248,72923,0
1/2/2021,NC,6892,6467,144,425,,,3479,0,,783,,0,,,,,,558437,510515,18892,0,,,,,,,,0,6807491,66243,,272296,,,,0,6807491,66243,0
1/3/2021,NC,6910,6482,18,428,,,3576,0,,776,,0,,,,,,564924,516657,6487,0,,,,,,,,0,6852652,45161,,274061,,,,0,6852652,45161,0
1/4/2021,NC,6941,6509,31,432,,,3635,0,,783,,0,,,,,,570111,521426,5187,0,,,,,,,,0,6890572,37920,,275518,,,,0,6890572,37920,0
1/5/2021,NC,6996,6552,55,444,,,3781,0,,813,,0,,,,,,575396,525813,5285,0,,,,,,,,0,6915111,24539,,278875,,,,0,6915111,24539,0
1/6/2021,NC,7076,6615,80,461,,,3893,0,,823,,0,,,,,,582348,530830,6952,0,,,,,,,,0,6955559,40448,,288492,,,,0,6955559,40448,0
1/7/2021,NC,7213,6727,137,486,,,3960,0,,826,,0,,,,,,592746,539544,10398,0,,,,,,,,0,7019613,64054,,295778,,,,0,7019613,64054,0
1/8/2021,NC,7328,6821,115,507,,,3960,0,,833,,0,,,,,,602774,548133,10028,0,,,,,,,,0,7093220,73607,,302335,,,,0,7093220,73607,0
1/9/2021,NC,7425,6901,97,524,,,3871,0,,834,,0,,,,,,614355,558293,11581,0,,,,,,,,0,7158994,65774,,309520,,,,0,7158994,65774,0
1/10/2021,NC,7567,7021,142,546,,,3774,0,,790,,0,,,,,,623188,566175,8833,0,,,,,,,,0,7226838,67844,,312430,,,,0,7226838,67844,0
1/11/2021,NC,7578,7031,11,547,,,3843,0,,811,,0,,,,,,629124,571758,5936,0,,,,,,,,0,7286664,59826,,372216,,,,0,7286664,59826,0
1/12/2021,NC,7638,7080,60,558,,,3940,0,,839,,0,,,,,,635975,577872,6851,0,,,,,,,,0,7316817,30153,,376857,,,,0,7316817,30153,0
1/13/2021,NC,7745,7167,107,578,,,3951,0,,848,,0,,,,,,641073,581331,5098,0,,,,,,,,0,7357923,41106,,388038,,,,0,7357923,41106,0
1/14/2021,NC,7825,7230,80,595,,,3990,0,,858,,0,,,,,,650926,589265,9853,0,,,,,,,,0,7426166,68243,,398903,,,,0,7426166,68243,0
1/15/2021,NC,7933,7323,108,610,,,3916,0,,861,,0,,,,,,659840,596770,8914,0,,,,,,,,0,7496094,69928,,408021,,,,0,7496094,69928,0
1/16/2021,NC,8016,7384,83,632,,,3895,0,,880,,0,,,,,,667826,603682,7986,0,,,,,,,,0,7567175,71081,,417786,,,,0,7567175,71081,0
1/17/2021,NC,8083,7446,67,637,,,3862,0,,863,,0,,,,,,674637,609633,6811,0,,,,,,,,0,7637008,69833,,422577,,,,0,7637008,69833,0
1/18/2021,NC,8083,7446,0,637,,,3862,0,,863,,0,,,,,,674637,609633,0,0,,,,,,,,0,7692852,55844,,422577,,,,0,7692852,55844,0
1/19/2021,NC,8139,7495,56,644,,,3881,0,,861,,0,,,,,,684497,618570,9860,0,,,,,,,,0,7724213,31361,,426781,,,,0,7724213,31361,0
1/20/2021,NC,8200,7542,61,658,,,3740,0,,803,,0,,,,,,690912,622857,6415,0,,,,,,,,0,7762095,37882,,438994,,,,0,7762095,37882,0
1/21/2021,NC,8339,7663,139,676,,,3666,0,,780,,0,,,,,,698099,628562,7187,0,,,,,,,,0,7818538,56443,,449888,,,,0,7818538,56443,0
1/22/2021,NC,8464,7756,125,708,,,3512,0,,752,,0,,,,,,705535,634593,7436,0,,,,,,,,0,7888392,69854,,460479,,,,0,7888392,69854,0
1/23/2021,NC,8586,7858,122,728,,,3416,0,,736,,0,,,,,,712716,640436,7181,0,,,,,,,,0,7944482,56090,,470849,,,,0,7944482,56090,0
1/24/2021,NC,8695,7942,109,753,,,3303,0,,713,,0,,,,,,718812,645559,6096,0,,,,,,,,0,8000387,55905,,475269,,,,0,8000387,55905,0
1/25/2021,NC,8720,7964,25,756,,,3287,0,,703,,0,,,,,,723445,649864,4633,0,,,,,,,,0,8051007,50620,,477337,,,,0,8051007,50620,0
1/26/2021,NC,8776,8005,56,771,,,3368,0,,696,,0,,,,,,727423,652993,3978,0,,,,,,,,0,8075827,24820,,483594,,,,0,8075827,24820,0
1/27/2021,NC,8915,8120,139,795,,,3305,0,,676,,0,,,,,,733010,657038,5587,0,,,,,,,,0,8110885,35058,,492898,,,,0,8110885,35058,0
1/28/2021,NC,9046,8213,131,833,,,3238,0,,660,,0,,,,,,739500,662186,6490,0,,,,,,,,0,8173316,62431,,500469,,,,0,8173316,62431,0
1/29/2021,NC,9157,8303,111,854,,,3048,0,,644,,0,,,,,,746459,667836,6959,0,,,,,,,,0,8243508,70192,,507604,,,,0,8243508,70192,0
1/30/2021,NC,9287,8404,130,883,,,2883,0,,651,,0,,,,,,752627,672774,6168,0,,,,,,,,0,8299263,55755,,517276,,,,0,8299263,55755,0
1/31/2021,NC,9335,8442,48,893,,,2782,0,,635,,0,,,,,,757526,676973,4899,0,,,,,,,,0,8356118,56855,,522474,,,,0,8356118,56855,0
2/1/2021,NC,9342,8448,7,894,,,2781,0,,636,,0,,,,,,761302,680446,3776,0,,,,,,,,0,8401409,45291,,524653,,,,0,8401409,45291,0
2/2/2021,NC,9409,8503,67,906,,,2741,0,,645,,0,,,,,,764228,682726,2926,0,,,,,,,,0,8422860,21451,,527866,,,,0,8422860,21451,0
2/3/2021,NC,9578,8630,169,948,,,2706,0,,635,,0,,,,,,776307,687750,12079,0,,,,,,,,0,8451902,29042,,571413,,,,0,8451902,29042,0
2/4/2021,NC,9728,8753,150,975,,,2630,0,,630,,0,,,,,,781802,692010,5495,0,,,,,,,,0,8510848,58946,,580959,,,,0,8510848,58946,0
2/5/2021,NC,9841,8838,113,1003,,,2523,0,,599,,0,,,,,,787349,696096,5547,0,,,,,,,,0,8571543,60695,,590881,,,,0,8571543,60695,0
2/6/2021,NC,9926,8901,85,1025,,,2468,0,,591,,0,,,,,,791521,699321,4172,0,,,,,,,,0,8626106,54563,,598343,,,,0,8626106,54563,0
2/7/2021,NC,9983,8951,57,1032,,,2378,0,,584,,0,,,,,,796195,703244,4674,0,,,,,,,,0,8679100,52994,,602161,,,,0,8679100,52994,0
2/8/2021,NC,9991,8958,8,1033,,,2339,0,,559,,0,,,,,,799279,705950,3084,0,,,,,,,,0,8719552,40452,,607292,,,,0,8719552,40452,0
2/9/2021,NC,10046,9002,55,1044,,,2374,0,,558,,0,,,,,,802065,708165,2786,0,,,,,,,,0,8743793,24241,,612328,,,,0,8743793,24241,0
2/10/2021,NC,10181,9107,135,1074,,,2291,0,,540,,0,,,,,,805898,710653,3833,0,,,,,,,,0,8773463,29670,,618482,,,,0,8773463,29670,0
2/11/2021,NC,10294,9189,113,1105,,,2185,0,,516,,0,,,,,,810466,714012,4568,0,,,,,,,,0,8829215,55752,,632433,,,,0,8829215,55752,0
2/12/2021,NC,10376,9254,82,1122,,,2151,0,,506,,0,,,,,,814594,717498,4128,0,,,,,,,,0,8889330,60115,,639481,,,,0,8889330,60115,0
2/13/2021,NC,10453,9306,77,1147,,,2101,0,,496,,0,,,,,,818724,720453,4130,0,,,,,,,,0,8936233,46903,,649506,,,,0,8936233,46903,0
2/14/2021,NC,10491,9337,38,1154,,,1989,0,,481,,0,,,,,,821894,723162,3170,0,,,,,,,,0,8982818,46585,,653807,,,,0,8982818,46585,0
2/15/2021,NC,10501,9345,10,1156,,,1941,0,,471,,0,,,,,,824352,725385,2458,0,,,,,,,,0,9014446,31628,,657215,,,,0,9014446,31628,0
2/16/2021,NC,10562,9392,61,1170,,,1958,0,,473,,0,,,,,,826340,726761,1988,0,,,,,,,,0,9036318,21872,,662764,,,,0,9036318,21872,0
2/17/2021,NC,10670,9482,108,1188,,,1954,0,,446,,0,,,,,,829507,728776,3167,0,,,,,,,,0,9058420,22102,,669667,,,,0,9058420,22102,0
2/18/2021,NC,10766,9554,96,1212,,,1892,0,,436,,0,,,,,,833423,731595,3916,0,,,,,,,,0,9105676,47256,,678996,,,,0,9105676,47256,0
2/19/2021,NC,10820,9595,54,1225,,,1780,0,,411,,0,,,,,,836650,733964,3227,0,,,,,,,,0,9149998,44322,,686193,,,,0,9149998,44322,0
2/20/2021,NC,10896,9655,76,1241,,,1708,0,,409,,0,,,,,,840096,735879,3446,0,,,,,,,,0,9191745,41747,,704644,,,,0,9191745,41747,0
2/21/2021,NC,10926,9683,30,1243,,,1647,0,,402,,0,,,,,,842637,737992,2541,0,,,,,,,,0,9226700,34955,,710973,,,,0,9226700,34955,0
2/22/2021,NC,10934,9691,8,1243,,,1567,0,,383,,0,,,,,,844770,739768,2133,0,,,,,,,,0,9262399,35699,,714035,,,,0,9262399,35699,0
2/23/2021,NC,10965,9718,31,1247,,,1563,0,,384,,0,,,,,,846284,740772,1514,0,,,,,,,,0,9283137,20738,,718636,,,,0,9283137,20738,0
2/24/2021,NC,11074,9804,109,1270,,,1530,0,,380,,0,,,,,,849630,742766,3346,0,,,,,,,,0,9310743,27606,,729784,,,,0,9310743,27606,0
2/25/2021,NC,11137,9856,63,1281,,,1498,0,,373,,0,,,,,,852981,745214,3351,0,,,,,,,,0,9361775,51032,,741362,,,,0,9361775,51032,0
2/26/2021,NC,11186,9897,49,1289,,,1465,0,,367,,0,,,,,,855905,747385,2924,0,,,,,,,,0,9422466,60691,,749095,,,,0,9422466,60691,0
2/27/2021,NC,11212,9922,26,1290,,,1414,0,,348,,0,,,,,,858548,749388,2643,0,,,,,,,,0,9463409,40943,,759541,,,,0,9463409,40943,0
2/28/2021,NC,11212,9922,0,1290,,,1414,0,,348,,0,,,,,,858548,749388,0,0,,,,,,,,0,9499985,36576,,759541,,,,0,9499985,36576,0
3/1/2021,NC,11254,9959,42,1295,,,1319,0,,333,,0,,,,,,862170,752406,3622,0,,,,,,,,0,9525274,25289,,766208,,,,0,9525274,25289,0
3/2/2021,NC,11288,9987,34,1301,,,1353,0,,334,,0,,,,,,863409,753280,1239,0,,,,,,,,0,9541671,16397,,770210,,,,0,9541671,16397,0
3/3/2021,NC,11363,10050,75,1313,,,1303,0,,332,,0,,,,,,865554,754610,2145,0,,,,,,,,0,9561647,19976,,779652,,,,0,9561647,19976,0
3/4/2021,NC,11399,10083,36,1316,,,1290,0,,326,,0,,,,,,868056,756509,2502,0,,,,,,,,0,9605697,44050,,790416,,,,0,9605697,44050,0
3/5/2021,NC,11446,10125,47,1321,,,1226,0,,314,,0,,,,,,870149,758115,2093,0,,,,,,,,0,9650184,44487,,798257,,,,0,9650184,44487,0
