-0.2073,-0.31702,0.74479,0.78494,-0.0833,0.7068,0.8019
-0.20742,-0.31701,0.7446,0.7819,-0.08348,0.70694,0.79987
-0.20748,-0.31697,0.74528,0.78006,-0.08358,0.70736,0.79802
-0.20814,-0.31751,0.74539,0.77735,-0.0837,0.70705,0.79537
-0.20855,-0.31799,0.7451,0.77441,-0.08433,0.707,0.79246
-0.20907,-0.31851,0.74444,0.77128,-0.08491,0.70697,0.78933
-0.20912,-0.31847,0.74497,0.7682,-0.08464,0.70697,0.78626
-0.20909,-0.31846,0.74499,0.76627,-0.08515,0.70642,0.78363
-0.20968,-0.31906,0.74503,0.76238,-0.08576,0.70607,0.78048
-0.21028,-0.32001,0.74475,0.76049,-0.08604,0.70601,0.77847
-0.21105,-0.32042,0.74435,0.75746,-0.08687,0.70698,0.7755
-0.21132,-0.32049,0.74451,0.75561,-0.08717,0.70719,0.77389
-0.21169,-0.32071,0.74607,0.75304,-0.08713,0.70758,0.77134
-0.21256,-0.32153,0.74523,0.75032,-0.08822,0.70726,0.76866
-0.21325,-0.32245,0.74496,0.7477,-0.08908,0.70728,0.76574
-0.21339,-0.32231,0.74469,0.74461,-0.08911,0.70723,0.76271
-0.21379,-0.32267,0.74562,0.74167,-0.08999,0.70722,0.75999
-0.21441,-0.3237,0.74555,0.73914,-0.09044,0.70721,0.75798
-0.21531,-0.32449,0.74504,0.73737,-0.09097,0.70767,0.75493
-0.21561,-0.3248,0.74438,0.73464,-0.09174,0.70763,0.75241
-0.21569,-0.32473,0.74481,0.73285,-0.09182,0.70767,0.75094
-0.21574,-0.32467,0.74516,0.73055,-0.09175,0.70733,0.74869
-0.21579,-0.32479,0.74555,0.72812,-0.09211,0.70721,0.74623
-0.21598,-0.32486,0.74489,0.72565,-0.09233,0.70692,0.74352
-0.21622,-0.32519,0.74482,0.72305,-0.09245,0.70683,0.74095
-0.21634,-0.32538,0.74498,0.72071,-0.09295,0.70668,0.73854
-0.21674,-0.32563,0.745,0.71831,-0.09326,0.7071,0.73606
-0.217,-0.32596,0.74524,0.7168,-0.09325,0.70719,0.7345
-0.21725,-0.32624,0.74473,0.71464,-0.09384,0.70722,0.73253
-0.21735,-0.32637,0.74491,0.71264,-0.09396,0.7071,0.73124
-0.21746,-0.32629,0.74496,0.71022,-0.09388,0.70695,0.72899
-0.21757,-0.32655,0.74517,0.70795,-0.09431,0.70648,0.72661
-0.2179,-0.32694,0.74496,0.70653,-0.09479,0.70637,0.72439
-0.21823,-0.32707,0.74499,0.70456,-0.09476,0.70663,0.72239
-0.21863,-0.3277,0.74539,0.70275,-0.09544,0.70699,0.72119
-0.21907,-0.32822,0.74502,0.70085,-0.09581,0.70713,0.71912
-0.21948,-0.3286,0.74497,0.69895,-0.09587,0.7072,0.71695
-0.21929,-0.32843,0.74495,0.69752,-0.09612,0.7068,0.71494
-0.2196,-0.32852,0.74525,0.69547,-0.09645,0.70658,0.71322
-0.21978,-0.32891,0.74546,0.69365,-0.09636,0.70678,0.71205
-0.22024,-0.32943,0.74472,0.69194,-0.09701,0.70675,0.71015
-0.22055,-0.32959,0.74502,0.69083,-0.09737,0.70688,0.70843
-0.22083,-0.32986,0.74471,0.68906,-0.09726,0.70673,0.70667
-0.22085,-0.33,0.74526,0.68722,-0.0977,0.70678,0.70556
-0.22113,-0.33022,0.74514,0.6855,-0.09789,0.7071,0.70367
-0.22126,-0.33055,0.74513,0.68382,-0.09779,0.70728,0.70194
-0.22141,-0.33049,0.74489,0.68264,-0.09824,0.70712,0.70043
-0.22167,-0.33076,0.74496,0.68093,-0.09853,0.70674,0.69868
-0.2218,-0.33107,0.74495,0.67926,-0.09831,0.70669,0.69747
-0.22193,-0.33123,0.74477,0.67772,-0.09884,0.7065,0.69559
-0.2221,-0.33133,0.74506,0.67648,-0.0991,0.70683,0.69379
-0.22244,-0.33161,0.74505,0.67471,-0.09909,0.70701,0.69199
-0.22282,-0.33207,0.74508,0.67319,-0.09987,0.70697,0.6905
-0.22303,-0.33227,0.74503,0.6724,-0.10011,0.70685,0.68966
-0.22338,-0.33272,0.74468,0.67101,-0.10011,0.70665,0.68854
-0.22337,-0.33271,0.74451,0.67057,-0.10049,0.70649,0.6878
-0.22325,-0.33253,0.74445,0.67031,-0.10038,0.70642,0.68757
-0.22306,-0.33239,0.74445,0.67038,-0.09987,0.70669,0.68794
-0.2229,-0.33192,0.7448,0.67079,-0.09986,0.70687,0.68837
-0.22257,-0.33152,0.7455,0.67144,-0.09954,0.70713,0.68904
-0.2225,-0.33143,0.74549,0.67173,-0.09911,0.70698,0.68951
-0.22274,-0.3318,0.74482,0.67221,-0.09973,0.70646,0.69015
-0.22279,-0.33185,0.74417,0.67297,-0.09979,0.70647,0.69082
-0.22292,-0.33194,0.74411,0.67421,-0.09958,0.70602,0.6919
-0.22255,-0.33158,0.74495,0.67501,-0.09934,0.7072,0.69314
-0.22195,-0.33047,0.74616,0.67561,-0.09867,0.70822,0.69387
-0.22265,-0.33147,0.74601,0.67633,-0.09859,0.70791,0.69404
-0.22261,-0.33193,0.74494,0.6775,-0.09919,0.70751,0.69502
-0.22251,-0.33161,0.74396,0.67786,-0.09918,0.70718,0.69595
-0.22213,-0.331,0.74487,0.67807,-0.09847,0.707,0.69617
-0.22186,-0.33064,0.74573,0.67861,-0.09853,0.70655,0.69659
-0.22193,-0.3312,0.74544,0.67967,-0.09861,0.70678,0.69723
-0.22193,-0.33111,0.7447,0.68052,-0.09872,0.70749,0.6989
-0.22174,-0.33071,0.74553,0.68161,-0.09851,0.70776,0.69947
-0.22147,-0.33041,0.74553,0.68229,-0.09826,0.70702,0.7003
-0.22147,-0.33078,0.74517,0.68359,-0.09807,0.70679,0.70141
-0.2213,-0.33047,0.74463,0.68483,-0.09815,0.70675,0.70239
-0.22083,-0.32994,0.74477,0.68538,-0.09768,0.70704,0.70354
-0.22056,-0.3296,0.74556,0.6866,-0.09693,0.70708,0.7045
-0.2202,-0.32931,0.74544,0.68771,-0.09707,0.70673,0.70529
-0.22018,-0.32941,0.74494,0.68862,-0.09702,0.70667,0.70685
-0.21996,-0.32922,0.74451,0.69036,-0.09658,0.70667,0.70874
-0.2195,-0.32872,0.74499,0.6923,-0.09638,0.70706,0.71054
-0.21919,-0.3282,0.74546,0.69388,-0.09607,0.7071,0.71155
-0.21921,-0.32859,0.74506,0.69559,-0.09578,0.70682,0.71308
-0.21901,-0.32859,0.74488,0.697,-0.09597,0.70684,0.71506
-0.21876,-0.32798,0.7446,0.69882,-0.09561,0.70713,0.71708
-0.21874,-0.32798,0.74522,0.70099,-0.09524,0.70704,0.71844
-0.21816,-0.32755,0.74562,0.70301,-0.09511,0.70736,0.72062
-0.21793,-0.32723,0.7449,0.70519,-0.0948,0.70739,0.72289
-0.21748,-0.32701,0.74533,0.70703,-0.094,0.70725,0.72534
-0.2172,-0.32656,0.74474,0.70936,-0.09405,0.70665,0.72792
-0.21704,-0.32642,0.74536,0.71165,-0.09391,0.70679,0.72935
-0.21674,-0.32599,0.74553,0.71369,-0.09325,0.70735,0.73124
-0.21699,-0.3262,0.74524,0.7153,-0.0938,0.70708,0.73356
-0.21692,-0.32673,0.74468,0.71798,-0.09389,0.70723,0.73554
-0.21672,-0.32603,0.74437,0.72078,-0.0932,0.70727,0.73861
-0.21564,-0.32476,0.74605,0.72344,-0.09242,0.70811,0.74171
-0.21536,-0.32427,0.74599,0.72505,-0.09204,0.7073,0.74427
-0.21493,-0.32466,0.74586,0.72875,-0.09141,0.70769,0.74653
-0.21453,-0.32413,0.74408,0.73045,-0.09137,0.70705,0.74902
-0.21436,-0.3237,0.74489,0.7329,-0.0912,0.70693,0.75077
-0.21392,-0.32326,0.74511,0.73565,-0.09036,0.70715,0.75369
-0.21352,-0.32294,0.74553,0.73753,-0.08997,0.70759,0.75671
-0.21291,-0.3226,0.74475,0.74092,-0.08942,0.70705,0.76007
-0.21257,-0.32162,0.74451,0.74525,-0.08864,0.70682,0.76227
-0.21188,-0.32134,0.74504,0.74746,-0.08841,0.70686,0.7657
-0.2119,-0.32099,0.74496,0.74947,-0.08809,0.70666,0.76872
-0.21149,-0.32088,0.74516,0.75242,-0.08742,0.70703,0.7717
-0.21152,-0.32055,0.7448,0.75557,-0.0874,0.70709,0.77503
-0.21131,-0.32009,0.74506,0.75884,-0.08707,0.70721,0.7772
-0.21102,-0.31996,0.74514,0.76226,-0.08636,0.70736,0.78059
-0.21088,-0.31921,0.74539,0.76525,-0.08612,0.70738,0.78388
-0.21091,-0.31927,0.74538,0.76732,-0.08609,0.70722,0.78596
-0.21058,-0.31946,0.74492,0.77069,-0.08567,0.70723,0.78902
-0.21037,-0.31863,0.74449,0.77405,-0.08548,0.7072,0.79247
-0.21022,-0.31834,0.7456,0.77724,-0.08516,0.70749,0.79597
-0.21017,-0.3183,0.74528,0.77928,-0.08452,0.70743,0.79899
-0.20981,-0.31798,0.74549,0.78266,-0.08411,0.70772,0.8021
-0.20972,-0.31756,0.74448,0.78566,-0.08395,0.70738,0.80425
-0.20943,-0.31734,0.74591,0.78884,-0.08349,0.70729,0.80747
-0.20908,-0.31657,0.7452,0.7918,-0.08322,0.70756,0.8103
-0.20913,-0.31685,0.74514,0.79376,-0.0832,0.70705,0.81226
-0.20873,-0.31657,0.7453,0.79716,-0.08265,0.70746,0.81561
-0.20873,-0.31615,0.74499,0.80035,-0.08276,0.70745,0.81894
-0.20823,-0.31596,0.74557,0.80363,-0.08243,0.70754,0.82215
-0.20802,-0.31519,0.74555,0.80655,-0.08175,0.70765,0.82508
-0.20785,-0.31534,0.74552,0.80951,-0.08177,0.70762,0.82782
-0.20763,-0.31516,0.74481,0.81156,-0.08163,0.70705,0.82986
-0.20695,-0.31421,0.74464,0.81454,-0.08073,0.70742,0.83315
-0.20667,-0.31397,0.74555,0.81768,-0.08067,0.70781,0.83651
-0.20653,-0.31387,0.74543,0.81984,-0.08043,0.70742,0.83981
-0.20588,-0.31367,0.745,0.82309,-0.07993,0.7074,0.84187
-0.20565,-0.313,0.7446,0.82584,-0.0797,0.70741,0.84511
-0.20537,-0.31268,0.74531,0.82902,-0.07933,0.70742,0.8482
-0.2048,-0.31222,0.74501,0.83198,-0.07841,0.70759,0.85103
-0.20426,-0.31147,0.74438,0.83504,-0.07803,0.70723,0.85432
-0.20398,-0.31116,0.74513,0.83813,-0.07783,0.70707,0.85644
-0.20332,-0.3108,0.74495,0.84013,-0.07668,0.70711,0.85935
-0.20276,-0.31006,0.74491,0.84318,-0.07638,0.70741,0.86258
-0.20236,-0.3099,0.74503,0.84517,-0.0761,0.70751,0.86449
-0.20192,-0.30976,0.74487,0.84902,-0.07558,0.70721,0.86719
-0.20126,-0.30902,0.74509,0.8508,-0.0751,0.70779,0.87006
-0.2008,-0.30859,0.74477,0.8534,-0.07463,0.70768,0.87259
-0.20049,-0.30855,0.74544,0.85618,-0.07403,0.70725,0.8754
-0.20001,-0.30763,0.74489,0.85901,-0.07372,0.7077,0.8785
-0.19979,-0.30753,0.74524,0.86185,-0.07347,0.70791,0.88127
-0.19967,-0.30775,0.74532,0.86382,-0.07306,0.70763,0.88305
-0.19934,-0.30736,0.74517,0.86662,-0.07297,0.70744,0.88605
-0.1992,-0.30689,0.74527,0.86812,-0.07264,0.70788,0.88865
-0.19895,-0.30671,0.74616,0.87046,-0.07229,0.70834,0.89019
-0.19907,-0.30698,0.74564,0.87334,-0.07248,0.7085,0.89292
-0.19857,-0.30658,0.7447,0.87604,-0.07221,0.70771,0.89561
-0.19774,-0.30563,0.74542,0.87839,-0.07123,0.70762,0.89839
-0.19775,-0.30541,0.74584,0.88109,-0.07113,0.708,0.90122
-0.19768,-0.30538,0.74601,0.88373,-0.07091,0.70835,0.90366
-0.19755,-0.30542,0.74516,0.88493,-0.07077,0.70804,0.90494
-0.19739,-0.30494,0.74527,0.88659,-0.07058,0.70822,0.90665
-0.197,-0.30455,0.74504,0.88763,-0.07024,0.7084,0.90773
-0.19646,-0.30401,0.74538,0.89055,-0.06954,0.70822,0.91008
-0.19597,-0.30326,0.74528,0.89218,-0.06915,0.70813,0.91272
-0.19552,-0.30286,0.74544,0.89436,-0.06867,0.70795,0.91509
-0.19502,-0.30238,0.74526,0.89662,-0.0679,0.70849,0.91737
-0.19481,-0.30166,0.74471,0.89921,-0.06794,0.70829,0.91921
-0.19388,-0.3008,0.74486,0.90186,-0.06689,0.70717,0.92254
-0.19348,-0.30071,0.74494,0.90416,-0.06659,0.70648,0.92399
-0.19354,-0.3006,0.74499,0.90564,-0.06676,0.70718,0.9264
-0.19368,-0.30068,0.74461,0.90789,-0.06678,0.70762,0.92782
-0.19358,-0.30089,0.74484,0.90955,-0.06673,0.70765,0.93004
-0.1937,-0.30055,0.74461,0.91206,-0.06678,0.70763,0.93265
-0.19387,-0.3007,0.74496,0.91447,-0.06685,0.70782,0.93539
-0.19374,-0.30065,0.7451,0.91721,-0.06673,0.70812,0.93731
-0.19363,-0.30016,0.74515,0.91978,-0.06659,0.70845,0.94025
-0.19363,-0.30031,0.74506,0.92247,-0.06652,0.70828,0.94302
-0.19334,-0.30026,0.74498,0.92428,-0.06641,0.70822,0.94568
-0.19309,-0.29962,0.74492,0.92692,-0.06634,0.70815,0.94757
-0.19277,-0.29923,0.74557,0.92933,-0.06588,0.7083,0.9502
-0.19258,-0.29909,0.74568,0.931,-0.06539,0.70865,0.95265
-0.19253,-0.29912,0.74485,0.93339,-0.06547,0.7084,0.95497
-0.19174,-0.29837,0.74471,0.93591,-0.06482,0.70811,0.95755
-0.1912,-0.29734,0.74531,0.93838,-0.06402,0.70801,0.9603
-0.19095,-0.29719,0.74542,0.94111,-0.06398,0.70767,0.96216
-0.19096,-0.29736,0.74469,0.94282,-0.06393,0.70704,0.96443
-0.19039,-0.29694,0.74469,0.94521,-0.06325,0.70761,0.96682
-0.19054,-0.29633,0.74501,0.94743,-0.06326,0.70788,0.96849
-0.19042,-0.29645,0.74593,0.94898,-0.06303,0.70837,0.97172
-0.19047,-0.29656,0.7452,0.95227,-0.06289,0.70845,0.9741
-0.19048,-0.29641,0.74509,0.95388,-0.06286,0.70856,0.97575
-0.19044,-0.2963,0.74495,0.95611,-0.06277,0.70845,0.9783
-0.19009,-0.29593,0.74537,0.95851,-0.06211,0.70844,0.98075
-0.18959,-0.29501,0.74567,0.96087,-0.06179,0.70836,0.98247
-0.18938,-0.29481,0.74564,0.9624,-0.06131,0.70819,0.9847
-0.18928,-0.29521,0.74506,0.96482,-0.06116,0.70816,0.98701
-0.18913,-0.29478,0.74433,0.96744,-0.06112,0.70811,0.98875
-0.18845,-0.29367,0.74545,0.97008,-0.06017,0.70818,0.99247
-0.18822,-0.29336,0.74621,0.97209,-0.05973,0.70836,0.99403
-0.18842,-0.29381,0.746,0.97358,-0.0598,0.70855,0.99621
-0.18789,-0.29341,0.74501,0.97588,-0.05935,0.70862,0.99834
-0.18732,-0.29228,0.74466,0.97803,-0.05871,0.70804,1.00066
-0.18717,-0.29212,0.74545,0.97963,-0.05866,0.7074,1.00224
-0.18693,-0.29218,0.74548,0.98198,-0.05838,0.70736,1.00454
-0.18669,-0.29197,0.74529,0.9845,-0.05797,0.70818,1.00709
-0.18658,-0.29161,0.74504,0.98613,-0.05792,0.70841,1.00962
-0.18628,-0.29142,0.74567,0.98921,-0.05771,0.70819,1.01192
-0.18615,-0.29142,0.74522,0.99067,-0.05734,0.70811,1.01328
-0.18581,-0.29087,0.74488,0.99289,-0.05702,0.70798,1.01579
-0.18511,-0.29023,0.7456,0.99453,-0.05631,0.70805,1.01853
-0.18498,-0.28998,0.74567,0.9978,-0.05588,0.708,1.02023
-0.18499,-0.29018,0.74537,0.99975,-0.05592,0.708,1.02287
-0.18472,-0.2897,0.74443,1.00237,-0.05555,0.70798,1.0255
-0.18376,-0.28855,0.74557,1.00468,-0.05463,0.70823,1.02801
-0.18363,-0.28817,0.74644,1.00708,-0.05445,0.70833,1.02967
-0.18366,-0.28868,0.74563,1.0093,-0.05453,0.7081,1.0325
-0.1835,-0.28862,0.74509,1.01079,-0.0543,0.70816,1.03387
-0.18294,-0.28765,0.74505,1.01291,-0.0541,0.70833,1.03636
-0.18279,-0.28733,0.74625,1.01507,-0.0538,0.70835,1.03792
-0.18267,-0.28744,0.74593,1.01733,-0.05341,0.70837,1.04014
-0.1827,-0.28738,0.74483,1.01947,-0.05349,0.70819,1.04244
-0.18245,-0.28704,0.74477,1.02076,-0.05325,0.70823,1.04461
-0.18177,-0.28635,0.74586,1.02287,-0.05261,0.7086,1.04683
-0.18174,-0.28594,0.74641,1.02498,-0.05258,0.70876,1.04842
-0.18189,-0.28622,0.74607,1.02645,-0.05258,0.70863,1.05113
-0.18178,-0.28615,0.74505,1.02907,-0.05233,0.7086,1.05228
-0.18136,-0.28565,0.74507,1.03037,-0.05215,0.70856,1.05447
-0.18094,-0.28485,0.74589,1.03241,-0.05168,0.70853,1.05585
-0.18063,-0.28471,0.74618,1.03445,-0.05113,0.70834,1.05798
-0.18071,-0.28481,0.7452,1.03632,-0.05126,0.70811,1.05998
-0.18041,-0.28451,0.74493,1.03766,-0.05096,0.70821,1.06193
-0.17998,-0.28382,0.74532,1.03965,-0.05041,0.70791,1.06372
-0.17992,-0.28392,0.74575,1.04146,-0.05056,0.70765,1.06514
-0.17963,-0.28363,0.746,1.04348,-0.05018,0.70835,1.06723
-0.17967,-0.28344,0.74572,1.04476,-0.04995,0.70875,1.06927
-0.17978,-0.28381,0.74584,1.04663,-0.05027,0.70871,1.07128
-0.1795,-0.28362,0.74526,1.0488,-0.05012,0.70862,1.07256
-0.17887,-0.28274,0.74548,1.05085,-0.04955,0.70851,1.0747
-0.17861,-0.28255,0.74634,1.05263,-0.04938,0.70852,1.07693
-0.17858,-0.28261,0.74613,1.05377,-0.04922,0.70853,1.07877
-0.17835,-0.28267,0.7454,1.0556,-0.04897,0.70871,1.08035
-0.17813,-0.28211,0.74515,1.05714,-0.04904,0.70847,1.08142
-0.17765,-0.28164,0.74578,1.05858,-0.04843,0.70823,1.08353
-0.17731,-0.28138,0.74547,1.06026,-0.04803,0.70822,1.08458
-0.177,-0.28122,0.74542,1.06154,-0.04792,0.70802,1.08665
-0.17664,-0.28073,0.74539,1.06347,-0.04762,0.7083,1.08813
-0.17619,-0.28035,0.74548,1.06553,-0.04723,0.70839,1.09043
-0.17585,-0.28009,0.74559,1.06757,-0.04711,0.70818,1.09264
-0.1755,-0.27968,0.74553,1.06871,-0.04661,0.70802,1.09436
-0.1749,-0.27916,0.74593,1.06999,-0.04624,0.70813,1.09573
-0.17481,-0.279,0.74606,1.07113,-0.04621,0.70823,1.09662
-0.17472,-0.27903,0.74571,1.0722,-0.04616,0.70817,1.0977
-0.17464,-0.27894,0.74553,1.07298,-0.04607,0.70801,1.0985
-0.17456,-0.27889,0.74563,1.0733,-0.04635,0.70786,1.09903
-0.17435,-0.27862,0.74603,1.07363,-0.04612,0.70806,1.09942
-0.17435,-0.27871,0.74619,1.07364,-0.04601,0.70821,1.09966
-0.1745,-0.27893,0.74604,1.07343,-0.04644,0.70829,1.09929
-0.17442,-0.27874,0.74598,1.07319,-0.0463,0.70843,1.09899
-0.17429,-0.27851,0.74613,1.0727,-0.04607,0.70804,1.09846
-0.17439,-0.27882,0.74621,1.07171,-0.04639,0.70769,1.09797
-0.17425,-0.27871,0.74573,1.07045,-0.04639,0.70755,1.09671
-0.17401,-0.27862,0.74584,1.06931,-0.04615,0.70769,1.0953
-0.17376,-0.27848,0.74577,1.06866,-0.04612,0.70748,1.09389
-0.17386,-0.27871,0.74546,1.06774,-0.04626,0.70713,1.09311
-0.17396,-0.27897,0.74503,1.06709,-0.0461,0.70687,1.09221
-0.17389,-0.27875,0.74527,1.06645,-0.04633,0.70719,1.09167
-0.1738,-0.27846,0.74578,1.06587,-0.04626,0.70705,1.09101
-0.17417,-0.27891,0.74617,1.06507,-0.04647,0.70691,1.09014
-0.17441,-0.27936,0.74586,1.06433,-0.04676,0.70739,1.08933
-0.17443,-0.27938,0.74547,1.06319,-0.04688,0.70748,1.08817
-0.17449,-0.27941,0.7458,1.06271,-0.04676,0.70742,1.08749
-0.17497,-0.27992,0.74585,1.06219,-0.04727,0.70762,1.0872
-0.1751,-0.28021,0.74546,1.06196,-0.04744,0.70777,1.08702
-0.17509,-0.28006,0.74553,1.06143,-0.04727,0.7077,1.08642
-0.17511,-0.28008,0.74576,1.06079,-0.0476,0.70752,1.08586
-0.17512,-0.28018,0.74589,1.0604,-0.04755,0.70758,1.08525
-0.17497,-0.28004,0.74564,1.05978,-0.04737,0.70785,1.08459
-0.1751,-0.28007,0.74582,1.05918,-0.04765,0.7078,1.08432
-0.17533,-0.28044,0.74571,1.05888,-0.04791,0.70752,1.08389
-0.17511,-0.28022,0.74557,1.05865,-0.04755,0.70765,1.08331
-0.17515,-0.28016,0.74582,1.05826,-0.04779,0.70741,1.08295
-0.17549,-0.28039,0.74613,1.0574,-0.04793,0.70755,1.08241
-0.17565,-0.28095,0.74557,1.05645,-0.04818,0.70751,1.08132
-0.17545,-0.28063,0.74558,1.05572,-0.04835,0.70768,1.08052
-0.17549,-0.28045,0.74565,1.05533,-0.0484,0.70759,1.08008
-0.176,-0.28105,0.74596,1.05467,-0.04843,0.70773,1.07937
-0.17614,-0.28138,0.74549,1.0542,-0.04878,0.70769,1.07902
-0.17594,-0.28094,0.74545,1.05339,-0.04866,0.70786,1.07822
-0.17576,-0.2808,0.74641,1.05212,-0.04833,0.70761,1.07703
-0.17602,-0.28111,0.74612,1.05134,-0.04873,0.70737,1.07633
-0.17628,-0.2816,0.74584,1.05017,-0.04904,0.70773,1.07489
-0.17652,-0.28156,0.74534,1.0487,-0.04905,0.70795,1.07333
-0.17678,-0.28178,0.74603,1.04716,-0.04939,0.70774,1.07184
-0.17691,-0.28193,0.74598,1.04619,-0.04955,0.70744,1.07032
-0.17727,-0.28231,0.74586,1.04472,-0.04963,0.70775,1.06889
-0.17758,-0.28256,0.74579,1.0438,-0.05003,0.70804,1.06807
-0.17787,-0.28291,0.74592,1.04184,-0.05035,0.7081,1.06662
-0.17819,-0.28348,0.746,1.04018,-0.05056,0.70806,1.0647
-0.17801,-0.28318,0.74597,1.03898,-0.05054,0.70777,1.06264
-0.17802,-0.28307,0.74645,1.03673,-0.0506,0.70776,1.06124
-0.17845,-0.28374,0.74635,1.03445,-0.05076,0.70803,1.05883
-0.17925,-0.28465,0.74529,1.03254,-0.05172,0.70772,1.05673
-0.17935,-0.28485,0.74509,1.03127,-0.0519,0.70786,1.05472
-0.17928,-0.28439,0.74536,1.02926,-0.05163,0.70755,1.05273
-0.17931,-0.28463,0.74639,1.02718,-0.05179,0.7075,1.05135
-0.17937,-0.28481,0.74598,1.02497,-0.0518,0.7075,1.04911
-0.17965,-0.28519,0.74564,1.0228,-0.05203,0.70762,1.04662
-0.18003,-0.28554,0.74555,1.02109,-0.05257,0.7073,1.04498
-0.18013,-0.28569,0.74578,1.01871,-0.05272,0.70788,1.0425
-0.1802,-0.28589,0.74596,1.01656,-0.05274,0.70743,1.04029
-0.1807,-0.28648,0.74568,1.01406,-0.05334,0.7074,1.03785
-0.18066,-0.2865,0.74556,1.0125,-0.05342,0.70764,1.0354
-0.18083,-0.28652,0.74597,1.01041,-0.05358,0.7074,1.03296
-0.18118,-0.28702,0.74614,1.00771,-0.05392,0.7072,1.03117
-0.18209,-0.28812,0.74536,1.00497,-0.05475,0.70725,1.02824
-0.18214,-0.28813,0.74533,1.00239,-0.05478,0.70751,1.02534
-0.18215,-0.28775,0.74561,1.00057,-0.05479,0.70753,1.02255
-0.18251,-0.2887,0.7464,0.9967,-0.05519,0.70751,1.02087
-0.18318,-0.28954,0.74558,0.99518,-0.05577,0.70754,1.01811
-0.18381,-0.28983,0.74481,0.99274,-0.05641,0.70748,1.0154
-0.18375,-0.28967,0.74525,0.99077,-0.05648,0.70722,1.01257
-0.18386,-0.28973,0.74622,0.98794,-0.05626,0.70739,1.00979
-0.1844,-0.29031,0.74611,0.98532,-0.05673,0.70741,1.00796
-0.18517,-0.29105,0.74542,0.98233,-0.0575,0.70746,1.00477
-0.18559,-0.29163,0.74515,0.97949,-0.05791,0.70758,1.00152
-0.18585,-0.29145,0.74589,0.97683,-0.05827,0.70778,0.99908
-0.18631,-0.29194,0.74634,0.9751,-0.05867,0.70766,0.99752
-0.18688,-0.29281,0.74577,0.97249,-0.05916,0.70748,0.99485
-0.18752,-0.29381,0.74522,0.96982,-0.06012,0.70767,0.99206
-0.18786,-0.29381,0.74499,0.96788,-0.06039,0.70774,0.98999
-0.18769,-0.29362,0.7464,0.96482,-0.0604,0.70816,0.9861
-0.18835,-0.29429,0.74629,0.96193,-0.06103,0.70778,0.98439
-0.18919,-0.29533,0.74554,0.95937,-0.06179,0.70776,0.98133
-0.18927,-0.29553,0.74515,0.95653,-0.06183,0.70773,0.97819
-0.18933,-0.2953,0.74537,0.9546,-0.06207,0.70797,0.97556
-0.18952,-0.29551,0.74625,0.95158,-0.0623,0.70768,0.97377
-0.18976,-0.2962,0.7457,0.94861,-0.06253,0.70734,0.97061
-0.19008,-0.29661,0.74505,0.94563,-0.06318,0.70761,0.96751
-0.19019,-0.29651,0.74523,0.94365,-0.0634,0.70758,0.96545
-0.19037,-0.29663,0.74587,0.94047,-0.06362,0.70756,0.96113
-0.19053,-0.29718,0.74581,0.93778,-0.064,0.70779,0.95919
-0.1913,-0.2978,0.74503,0.93496,-0.0647,0.70744,0.9563
-0.1914,-0.29815,0.74492,0.93184,-0.06488,0.70757,0.95312
-0.19166,-0.29813,0.74464,0.92872,-0.0652,0.70707,0.95021
-0.19121,-0.29797,0.74553,0.92695,-0.06505,0.70724,0.94836
-0.19121,-0.29765,0.74566,0.92394,-0.06476,0.70722,0.94513
-0.19203,-0.29893,0.74576,0.92068,-0.06579,0.70686,0.94182
-0.19258,-0.29927,0.74506,0.91868,-0.066,0.70728,0.93945
-0.19284,-0.29956,0.74566,0.91493,-0.06644,0.70764,0.93534
-0.19309,-0.29983,0.7464,0.91299,-0.06701,0.70789,0.93355
-0.19404,-0.3009,0.74574,0.90988,-0.0679,0.70757,0.93058
-0.19477,-0.30197,0.74537,0.90722,-0.06844,0.70814,0.92735
-0.19496,-0.3017,0.74508,0.90402,-0.06914,0.70784,0.9245
-0.19535,-0.30227,0.7464,0.90093,-0.06967,0.70777,0.92147
-0.19553,-0.30263,0.74606,0.89895,-0.06951,0.70783,0.91918
-0.19626,-0.30351,0.74545,0.89606,-0.07066,0.70778,0.91616
-0.19685,-0.30383,0.74551,0.89404,-0.07128,0.708,0.91287
-0.19708,-0.30434,0.74517,0.8908,-0.07149,0.70756,0.9095
-0.19729,-0.30478,0.74546,0.88745,-0.07189,0.70732,0.90765
-0.19713,-0.30447,0.74532,0.88455,-0.07186,0.70747,0.90456
-0.19761,-0.30538,0.74581,0.88155,-0.07215,0.70762,0.90139
-0.19783,-0.30556,0.74527,0.87941,-0.07263,0.70747,0.89906
-0.19816,-0.30614,0.74498,0.87505,-0.07341,0.70699,0.89463
-0.198,-0.30608,0.74538,0.87261,-0.07316,0.7071,0.89207
-0.19823,-0.30629,0.74512,0.86914,-0.07365,0.7067,0.88864
-0.19864,-0.30706,0.74553,0.86707,-0.07412,0.70672,0.8864
-0.19905,-0.30738,0.74451,0.86365,-0.07437,0.70688,0.88177
-0.19912,-0.30736,0.74535,0.86031,-0.07478,0.70693,0.8786
-0.19944,-0.30796,0.74549,0.857,-0.07522,0.70652,0.8763
-0.20004,-0.30876,0.74523,0.85318,-0.07571,0.7068,0.87254
-0.20063,-0.30964,0.74442,0.84991,-0.07688,0.70678,0.86896
-0.20119,-0.31009,0.74486,0.84764,-0.07731,0.70691,0.86558
-0.20137,-0.31019,0.74512,0.84319,-0.07732,0.70682,0.86343
-0.20225,-0.31092,0.74545,0.84109,-0.07837,0.70641,0.86014
-0.20308,-0.31183,0.74486,0.83789,-0.07888,0.70619,0.85772
-0.20363,-0.31208,0.74502,0.83559,-0.0795,0.70723,0.85314
-0.20442,-0.31302,0.74494,0.83253,-0.08072,0.70681,0.84996
-0.20502,-0.31371,0.74541,0.82932,-0.08112,0.70677,0.84755
-0.20569,-0.31443,0.74499,0.8259,-0.08165,0.70686,0.84398
-0.20645,-0.3153,0.74531,0.82259,-0.08267,0.70722,0.84078
-0.20687,-0.31561,0.74521,0.82049,-0.08328,0.70697,0.83767
-0.20771,-0.31615,0.74503,0.81853,-0.08357,0.70688,0.83555
-0.20814,-0.31653,0.74551,0.81533,-0.08428,0.70672,0.83215
-0.20891,-0.3173,0.7454,0.81214,-0.08481,0.70684,0.83003
-0.20941,-0.31806,0.745,0.80912,-0.08524,0.70696,0.82689
-0.20979,-0.31837,0.74505,0.80631,-0.08595,0.70714,0.82397
-0.21009,-0.3186,0.74547,0.80331,-0.08613,0.70746,0.82119
-0.21034,-0.31872,0.74531,0.80051,-0.08606,0.70711,0.81836
-0.21042,-0.31888,0.74562,0.79868,-0.08635,0.70718,0.81652
-0.21042,-0.31872,0.74531,0.79563,-0.08647,0.70669,0.8133
-0.21061,-0.31891,0.74559,0.79234,-0.08633,0.70683,0.80986
-0.21098,-0.31916,0.74546,0.79032,-0.08678,0.70674,0.80769
-0.21116,-0.31958,0.74524,0.78619,-0.08728,0.70647,0.80324
-0.21149,-0.31973,0.74519,0.78415,-0.08709,0.70664,0.8011
-0.21198,-0.32036,0.74534,0.78145,-0.08788,0.70674,0.79836
-0.21243,-0.32072,0.74537,0.77889,-0.08834,0.70663,0.79571
-0.2129,-0.32118,0.74532,0.77654,-0.08862,0.70659,0.79334
-0.21342,-0.32179,0.74533,0.77401,-0.08932,0.70613,0.79169
-0.21361,-0.32194,0.74557,0.77204,-0.08968,0.70638,0.78881
-0.21399,-0.32224,0.74569,0.76932,-0.08973,0.70681,0.78605
-0.21427,-0.32268,0.74602,0.76702,-0.09014,0.70703,0.78444
-0.21484,-0.32322,0.74568,0.7647,-0.09089,0.70674,0.78106
-0.21524,-0.32363,0.74539,0.76305,-0.09094,0.70676,0.77931
-0.21576,-0.32421,0.74534,0.76053,-0.0918,0.70664,0.77686
-0.2159,-0.32429,0.74554,0.75796,-0.09199,0.70674,0.77427
-0.21607,-0.32445,0.74596,0.75598,-0.09193,0.70716,0.77214
-0.21663,-0.32512,0.7458,0.75382,-0.09267,0.70705,0.77092
-0.21685,-0.32529,0.74567,0.75241,-0.09314,0.70683,0.76858
-0.21729,-0.32567,0.74573,0.74997,-0.09325,0.70717,0.7662
-0.21739,-0.32577,0.74585,0.74829,-0.09367,0.70729,0.76459
-0.21758,-0.326,0.74602,0.74523,-0.09394,0.707,0.76172
-0.2178,-0.32627,0.74583,0.74368,-0.09371,0.70701,0.76025
-0.21776,-0.32618,0.74622,0.74148,-0.0941,0.70727,0.75801
-0.21805,-0.32642,0.74604,0.73913,-0.09421,0.70763,0.75644
-0.21816,-0.32666,0.74572,0.73693,-0.09409,0.70697,0.75353
-0.2179,-0.32632,0.74509,0.7347,-0.09431,0.70687,0.75234
-0.21764,-0.32599,0.74517,0.73339,-0.09399,0.70647,0.75069
-0.21718,-0.32554,0.7459,0.73151,-0.09332,0.70673,0.74888
-0.21683,-0.3251,0.74561,0.72964,-0.09341,0.7067,0.74758
-0.21665,-0.32511,0.74604,0.72756,-0.09337,0.70686,0.7449
-0.21657,-0.32494,0.74596,0.72607,-0.09298,0.70711,0.74336
-0.21652,-0.32486,0.74621,0.7236,-0.09348,0.70731,0.74103
-0.21673,-0.3253,0.74626,0.72079,-0.09376,0.70714,0.7382
-0.217,-0.32566,0.74519,0.71794,-0.09386,0.70681,0.73556
-0.21686,-0.32549,0.74483,0.71521,-0.09415,0.7066,0.73399
-0.21671,-0.32528,0.74515,0.71368,-0.094,0.70633,0.7317
-0.21635,-0.32507,0.74548,0.71142,-0.0934,0.70645,0.72973
-0.21625,-0.32504,0.7451,0.70962,-0.0937,0.70625,0.72859
-0.21607,-0.32484,0.74521,0.70779,-0.09364,0.7065,0.72686
-0.21569,-0.3244,0.74581,0.70562,-0.09301,0.70668,0.72458
-0.21557,-0.32442,0.74618,0.70377,-0.09331,0.70675,0.72194
-0.21598,-0.32487,0.74614,0.70091,-0.09373,0.70667,0.71911
-0.21617,-0.32515,0.74583,0.69784,-0.09379,0.70702,0.7159
-0.21628,-0.32515,0.74601,0.69455,-0.0943,0.70712,0.71287
-0.21669,-0.32567,0.74568,0.69252,-0.09474,0.70697,0.71116
-0.21667,-0.32612,0.74509,0.69016,-0.0945,0.70645,0.70876
-0.21642,-0.32576,0.74455,0.68858,-0.09457,0.70631,0.7074
-0.21621,-0.32525,0.7456,0.68551,-0.09429,0.70628,0.70531
-0.21611,-0.32543,0.74628,0.68317,-0.09381,0.70668,0.70274
-0.21626,-0.3255,0.74593,0.68127,-0.09422,0.70694,0.70095
-0.2165,-0.32574,0.74579,0.67848,-0.09462,0.70727,0.6972
-0.21647,-0.32563,0.74586,0.67562,-0.09423,0.70735,0.69525
-0.21661,-0.32585,0.74583,0.6729,-0.09471,0.7072,0.69302
-0.21664,-0.32581,0.7451,0.67138,-0.09469,0.70672,0.69071
-0.21641,-0.32566,0.74498,0.66902,-0.09413,0.70603,0.68855
-0.21575,-0.3247,0.74517,0.66655,-0.09405,0.70589,0.68699
-0.21577,-0.32496,0.74623,0.66418,-0.09408,0.70583,0.68456
-0.21637,-0.3256,0.74592,0.66174,-0.09411,0.70645,0.68188
-0.21706,-0.32597,0.7456,0.66012,-0.09481,0.70699,0.68011
-0.21742,-0.32664,0.74551,0.65744,-0.09564,0.70735,0.67676
-0.21761,-0.3268,0.74544,0.65493,-0.0955,0.70722,0.67499
-0.21762,-0.32677,0.74562,0.65267,-0.09591,0.70691,0.67225
-0.21735,-0.32669,0.74577,0.65117,-0.09575,0.70692,0.67104
-0.2173,-0.32631,0.74545,0.64916,-0.09515,0.70705,0.66939
-0.21692,-0.32625,0.74552,0.64749,-0.09529,0.70676,0.66763
-0.21669,-0.32576,0.74547,0.64563,-0.09506,0.70661,0.66635
-0.21643,-0.32549,0.74578,0.64365,-0.09451,0.70655,0.66428
-0.21637,-0.32557,0.74615,0.64137,-0.0949,0.70672,0.66208
-0.21663,-0.32582,0.74592,0.63983,-0.09522,0.70679,0.65986
-0.21721,-0.3265,0.74539,0.63759,-0.09522,0.70695,0.65774
-0.2173,-0.32659,0.74503,0.63557,-0.0956,0.70685,0.65651
-0.21728,-0.32648,0.7455,0.63369,-0.0956,0.70668,0.65472
-0.21718,-0.32634,0.74553,0.63252,-0.09495,0.70668,0.65287
-0.21705,-0.32636,0.74555,0.63141,-0.09513,0.70677,0.65115
-0.21688,-0.32617,0.74529,0.62897,-0.09503,0.70695,0.64998
-0.21679,-0.32597,0.74532,0.62784,-0.0945,0.70696,0.64815
-0.21647,-0.32568,0.7458,0.62604,-0.09472,0.70689,0.64699
-0.21634,-0.32547,0.74553,0.62424,-0.09459,0.70636,0.64455
-0.21638,-0.3255,0.74535,0.62261,-0.09432,0.70614,0.64282
-0.21648,-0.32566,0.74517,0.62162,-0.09488,0.70563,0.64183
-0.21681,-0.32594,0.74482,0.62033,-0.09516,0.70553,0.64077
-0.21697,-0.32603,0.74472,0.61979,-0.09493,0.70567,0.64038
-0.21706,-0.32623,0.7447,0.61988,-0.09535,0.7058,0.64056
-0.21689,-0.326,0.74485,0.62069,-0.09513,0.70644,0.64143
-0.21679,-0.32578,0.74489,0.62134,-0.09433,0.70699,0.64268
-0.21646,-0.32544,0.74543,0.62267,-0.09446,0.70712,0.64375
-0.2159,-0.3246,0.7456,0.62379,-0.09376,0.70645,0.64562
-0.21562,-0.32441,0.74542,0.62451,-0.09319,0.70609,0.64646
-0.21549,-0.32435,0.74496,0.62517,-0.09338,0.7062,0.6471
-0.21537,-0.3243,0.74522,0.62565,-0.09325,0.70658,0.64724
-0.21518,-0.32373,0.74559,0.62594,-0.09276,0.70682,0.64696
-0.21573,-0.32408,0.74585,0.62608,-0.09337,0.70662,0.64707
-0.21645,-0.32536,0.74476,0.62712,-0.0941,0.70658,0.64778
-0.2166,-0.32539,0.74394,0.62763,-0.09382,0.70654,0.64882
-0.21629,-0.32485,0.74483,0.62828,-0.09387,0.70643,0.64986
-0.2163,-0.32475,0.74595,0.62917,-0.09379,0.70633,0.65037
-0.2168,-0.32569,0.7457,0.62997,-0.09378,0.70665,0.65093
-0.21687,-0.32575,0.7452,0.63043,-0.0943,0.70685,0.65144
-0.21705,-0.32575,0.74489,0.63096,-0.0944,0.70708,0.65217
-0.21673,-0.32549,0.74539,0.6316,-0.09387,0.70705,0.65253
-0.2166,-0.32534,0.74525,0.63238,-0.09389,0.70662,0.65325
-0.21647,-0.32519,0.745,0.63344,-0.09377,0.70635,0.65415
-0.21633,-0.32509,0.74492,0.63415,-0.09309,0.70657,0.65537
-0.21615,-0.32494,0.74499,0.63541,-0.09341,0.70659,0.65655
-0.21595,-0.32462,0.74536,0.63657,-0.09322,0.70634,0.65703
-0.21606,-0.32486,0.74515,0.63723,-0.09289,0.7061,0.65789
-0.21638,-0.32519,0.74449,0.63863,-0.09342,0.70635,0.65937
-0.2164,-0.32518,0.74466,0.63979,-0.09344,0.70664,0.66116
-0.21615,-0.32476,0.74546,0.64138,-0.09287,0.70681,0.66256
-0.21636,-0.32492,0.74589,0.6426,-0.09331,0.70655,0.66333
-0.21703,-0.32577,0.74515,0.64404,-0.09382,0.70652,0.66447
-0.21715,-0.32577,0.74455,0.64555,-0.09374,0.70662,0.66578
-0.21699,-0.32559,0.74466,0.64647,-0.09405,0.70658,0.66682
-0.21694,-0.32555,0.74535,0.64822,-0.09371,0.70698,0.6692
-0.21696,-0.32562,0.74517,0.65014,-0.09338,0.70714,0.67045
-0.2166,-0.32522,0.74516,0.65224,-0.09319,0.70698,0.67312
-0.21633,-0.32476,0.74533,0.6545,-0.09295,0.70666,0.67458
-0.21628,-0.32506,0.74516,0.65673,-0.0927,0.70634,0.67671
-0.21606,-0.32479,0.74518,0.65808,-0.09281,0.70633,0.6781
-0.21587,-0.32443,0.74535,0.65995,-0.09254,0.70649,0.67988
-0.216,-0.32471,0.74573,0.66176,-0.09259,0.70615,0.68097
-0.21596,-0.32487,0.74521,0.66338,-0.0927,0.70646,0.68313
-0.21631,-0.32526,0.74444,0.66601,-0.09304,0.7066,0.68674
-0.21606,-0.32469,0.74515,0.66866,-0.09254,0.7065,0.68844
-0.21604,-0.32464,0.74591,0.67101,-0.09282,0.70613,0.69095
-0.21653,-0.32528,0.74507,0.67362,-0.09318,0.70631,0.69347
-0.21653,-0.32539,0.74497,0.67668,-0.09313,0.70692,0.69605
-0.21626,-0.32479,0.74517,0.67902,-0.09329,0.70677,0.69746
-0.21624,-0.32471,0.74571,0.68045,-0.093,0.70685,0.69975
-0.21648,-0.32512,0.74524,0.68318,-0.09279,0.70701,0.70218
-0.21615,-0.32476,0.74453,0.68607,-0.09287,0.70637,0.70482
-0.21577,-0.32431,0.74486,0.68801,-0.0925,0.7061,0.7078
-0.21581,-0.32426,0.74499,0.69109,-0.09223,0.70609,0.70985
-0.21583,-0.32436,0.74513,0.69448,-0.09251,0.70614,0.71309
-0.2156,-0.32388,0.74497,0.69732,-0.09226,0.70611,0.71609
-0.21577,-0.32428,0.74538,0.70033,-0.09217,0.70603,0.71906
-0.21579,-0.32415,0.74525,0.70384,-0.09233,0.70659,0.72213
-0.21578,-0.32418,0.7449,0.70583,-0.09248,0.70597,0.72418
-0.21587,-0.32435,0.74575,0.7088,-0.09224,0.70599,0.72705
-0.21594,-0.32431,0.74589,0.71073,-0.09266,0.70674,0.73016
-0.21629,-0.3247,0.74567,0.71387,-0.09294,0.70688,0.73285
-0.2165,-0.32538,0.74514,0.71724,-0.09297,0.70635,0.73481
-0.21644,-0.32498,0.74516,0.72046,-0.09308,0.70679,0.73825
-0.21686,-0.32524,0.74589,0.72346,-0.09337,0.70667,0.74139
-0.21699,-0.32566,0.74672,0.72555,-0.09321,0.70689,0.74321
-0.21744,-0.32599,0.7456,0.72859,-0.09381,0.70708,0.74596
-0.21802,-0.32645,0.74535,0.73149,-0.09436,0.70728,0.74887
-0.21812,-0.3269,0.74552,0.73442,-0.09426,0.70686,0.75151
-0.21786,-0.3265,0.74527,0.73656,-0.09432,0.70694,0.75355
-0.21744,-0.32597,0.74574,0.73975,-0.09388,0.70678,0.75673
-0.21743,-0.32619,0.74615,0.74292,-0.09399,0.70637,0.75869
-0.21722,-0.32613,0.74611,0.74495,-0.09352,0.70693,0.76155
-0.21759,-0.3263,0.74521,0.74852,-0.09375,0.70672,0.76531
-0.21736,-0.32627,0.74541,0.75044,-0.09323,0.70653,0.767
-0.21702,-0.32583,0.7452,0.75308,-0.09308,0.70644,0.77001
-0.21633,-0.32506,0.74553,0.7558,-0.09255,0.70694,0.77218
-0.21608,-0.3244,0.74565,0.75894,-0.09115,0.70779,0.77668
-0.21464,-0.32301,0.7458,0.76202,-0.09065,0.70762,0.77897
-0.21398,-0.32223,0.74546,0.76388,-0.08946,0.70708,0.78226
-0.21304,-0.32141,0.74546,0.76695,-0.08816,0.70651,0.78563
-0.21232,-0.32054,0.74489,0.769,-0.08733,0.70605,0.78914
-0.21122,-0.31933,0.7444,0.77347,-0.0864,0.70575,0.79279
-0.21056,-0.31836,0.7441,0.77676,-0.08557,0.70568,0.79508
-0.20957,-0.31765,0.74442,0.77912,-0.08488,0.70574,0.79881
-0.20863,-0.31632,0.74481,0.78255,-0.0837,0.70595,0.80244
-0.20837,-0.31631,0.74438,0.78572,-0.083,0.7054,0.80583
-0.20776,-0.31593,0.74416,0.78809,-0.08262,0.7055,0.80828
-0.20685,-0.31434,0.74342,0.79139,-0.08151,0.7053,0.81176
-0.20619,-0.31384,0.74433,0.79469,-0.08048,0.70504,0.81546
-0.2054,-0.31312,0.74404,0.7971,-0.07965,0.70512,0.81951
-0.20443,-0.31187,0.74415,0.80225,-0.07887,0.70521,0.82376
-0.20389,-0.31138,0.74435,0.80586,-0.0781,0.70539,0.8263
-0.20373,-0.31127,0.74391,0.80822,-0.07782,0.70543,0.83002
-0.20313,-0.3106,0.74384,0.81213,-0.07701,0.70589,0.83401
-0.20221,-0.30919,0.74402,0.81582,-0.0759,0.70563,0.8379
-0.20216,-0.30936,0.74429,0.81818,-0.07577,0.70534,0.84169
-0.20139,-0.30882,0.74431,0.82192,-0.07513,0.70581,0.84426
-0.20084,-0.30777,0.74315,0.82572,-0.07404,0.70603,0.84794
-0.19984,-0.30717,0.74484,0.82945,-0.07382,0.70594,0.85057
-0.19889,-0.30603,0.74405,0.83301,-0.07242,0.70573,0.85546
-0.19838,-0.30562,0.74431,0.8363,-0.0716,0.70579,0.85897
-0.19781,-0.30532,0.7442,0.83862,-0.07127,0.70606,0.8611
-0.1971,-0.30431,0.74405,0.84178,-0.07045,0.70617,0.86399
-0.19647,-0.30398,0.74414,0.84487,-0.06959,0.70601,0.86699
-0.19585,-0.30368,0.74385,0.84686,-0.06901,0.70602,0.86975
-0.19521,-0.30279,0.74374,0.84961,-0.06842,0.70609,0.87149
-0.19412,-0.30182,0.74411,0.85272,-0.06706,0.70638,0.8747
-0.19316,-0.30074,0.74399,0.85623,-0.06645,0.70648,0.8783
-0.19179,-0.29986,0.74403,0.8597,-0.06546,0.70608,0.88203
-0.19065,-0.29843,0.74406,0.86262,-0.06398,0.70613,0.88509
-0.18988,-0.2978,0.74401,0.86436,-0.06355,0.7061,0.88691
-0.18869,-0.29674,0.7445,0.86672,-0.06241,0.70589,0.88905
-0.18784,-0.29609,0.74366,0.8691,-0.06131,0.70587,0.89099
-0.18705,-0.2954,0.74356,0.87062,-0.06097,0.70548,0.8925
-0.18585,-0.29392,0.74358,0.87287,-0.05971,0.70551,0.89478
-0.18472,-0.29295,0.74399,0.87539,-0.0584,0.70575,0.89736
-0.18364,-0.29195,0.74346,0.87827,-0.05755,0.70549,0.90016
-0.1825,-0.29081,0.74357,0.88092,-0.0565,0.70514,0.90294
-0.18148,-0.28975,0.74371,0.88304,-0.05525,0.70556,0.90525
-0.18066,-0.28857,0.74444,0.88552,-0.05472,0.70588,0.90681
-0.1798,-0.288,0.7442,0.88699,-0.05388,0.70566,0.90846
-0.17928,-0.28787,0.74381,0.88876,-0.0533,0.70559,0.91014
-0.17873,-0.2873,0.74315,0.89012,-0.05306,0.70568,0.91151
-0.1776,-0.28593,0.74346,0.8921,-0.05194,0.70559,0.91358
-0.1764,-0.28474,0.74393,0.89412,-0.05062,0.70561,0.91571
-0.17541,-0.28396,0.74394,0.8967,-0.04977,0.70531,0.91813
-0.17461,-0.28302,0.74312,0.89911,-0.04894,0.70489,0.92032
-0.1739,-0.28231,0.74302,0.90033,-0.04789,0.70486,0.92233
-0.17266,-0.28048,0.7441,0.90313,-0.04726,0.70515,0.92391
-0.17182,-0.27982,0.74441,0.90459,-0.04629,0.70533,0.92612
-0.17122,-0.27945,0.7442,0.90676,-0.04539,0.70548,0.9279
-0.17099,-0.27932,0.74356,0.90809,-0.04545,0.70518,0.92901
-0.17032,-0.27854,0.74316,0.90975,-0.04475,0.70549,0.93058
-0.16916,-0.27729,0.74387,0.9115,-0.04405,0.70554,0.93182
-0.16857,-0.27643,0.74441,0.91342,-0.04319,0.70544,0.93378
-0.16776,-0.27593,0.74365,0.91571,-0.04236,0.70539,0.9358
-0.16743,-0.27565,0.74305,0.9173,-0.04169,0.70523,0.93807
-0.16631,-0.27446,0.74314,0.91943,-0.04127,0.70515,0.93955
-0.1652,-0.27303,0.7441,0.92139,-0.04013,0.70531,0.94168
-0.16437,-0.2723,0.74482,0.92353,-0.03869,0.70556,0.94443
-0.16427,-0.27217,0.74411,0.92488,-0.03866,0.70536,0.94565
-0.164,-0.27221,0.74327,0.92698,-0.03834,0.70549,0.94743
-0.16298,-0.27083,0.74338,0.92873,-0.03766,0.70575,0.94879
-0.16235,-0.27011,0.74443,0.93044,-0.03704,0.70557,0.95065
-0.16184,-0.26971,0.74463,0.93229,-0.03617,0.70552,0.95306
-0.1616,-0.26947,0.74386,0.93382,-0.03578,0.70582,0.95433
-0.16126,-0.26894,0.74336,0.93575,-0.03546,0.7056,0.95642
-0.16046,-0.2679,0.74392,0.9378,-0.03494,0.70561,0.95781
-0.15973,-0.26713,0.74451,0.93943,-0.03391,0.70546,0.95971
-0.15986,-0.26715,0.74427,0.94068,-0.03376,0.70549,0.96151
-0.15923,-0.26708,0.74319,0.94288,-0.03331,0.70552,0.96343
-0.15839,-0.26568,0.74305,0.94507,-0.03212,0.70561,0.96565
-0.15776,-0.2646,0.74448,0.94711,-0.03169,0.70527,0.96739
-0.15734,-0.26427,0.74449,0.94919,-0.03098,0.70522,0.97016
-0.15728,-0.2644,0.7436,0.95053,-0.03053,0.70506,0.97126
-0.15663,-0.26361,0.74323,0.95284,-0.02986,0.70557,0.97336
-0.156,-0.26247,0.7433,0.95492,-0.02931,0.70553,0.97484
-0.1555,-0.26227,0.74424,0.95693,-0.02846,0.70515,0.97715
-0.15537,-0.26171,0.74361,0.95901,-0.02816,0.70536,0.97928
-0.15474,-0.26105,0.74385,0.96025,-0.02751,0.70577,0.9813
-0.15428,-0.2607,0.74421,0.96241,-0.02667,0.7059,0.98324
-0.15418,-0.26037,0.74392,0.96449,-0.02658,0.70565,0.98451
-0.15378,-0.2601,0.74396,0.96649,-0.02614,0.70529,0.98712
-0.15357,-0.25975,0.74342,0.96774,-0.02559,0.7055,0.9883
-0.15298,-0.2592,0.74406,0.96963,-0.02517,0.70568,0.99032
-0.15238,-0.25847,0.7441,0.9717,-0.02466,0.70587,0.99169
-0.15195,-0.25792,0.74395,0.97421,-0.02352,0.70594,0.99476
-0.15164,-0.25773,0.74348,0.97647,-0.02353,0.70539,0.99627
-0.1508,-0.25738,0.74339,0.97766,-0.02302,0.70482,0.99817
-0.15002,-0.25624,0.74393,0.97956,-0.02171,0.70556,1.00014
-0.14964,-0.25558,0.74478,0.98161,-0.0215,0.70565,1.0016
-0.14925,-0.25589,0.74426,0.98402,-0.02121,0.70611,1.00363
-0.14872,-0.25532,0.74309,0.98619,-0.02047,0.70609,1.00579
-0.14815,-0.25461,0.74317,0.98769,-0.01975,0.70616,1.00842
-0.14712,-0.25337,0.74421,0.98994,-0.01869,0.70559,1.01099
-0.14625,-0.25257,0.74465,0.99239,-0.01759,0.70514,1.01299
-0.14614,-0.25259,0.74392,0.99465,-0.0177,0.70506,1.01444
-0.1458,-0.25233,0.74384,0.99626,-0.0173,0.70617,1.01667
-0.14534,-0.25168,0.74396,0.99842,-0.01647,0.70675,1.0189
-0.14516,-0.25134,0.74443,1.00069,-0.0164,0.70655,1.02049
-0.14416,-0.25057,0.74438,1.00298,-0.01561,0.7063,1.02268
-0.14357,-0.25006,0.74406,1.00503,-0.0145,0.70618,1.02547
-0.14297,-0.24939,0.7442,1.00629,-0.01414,0.70616,1.027
-0.14212,-0.24836,0.74415,1.00809,-0.01328,0.7057,1.02876
-0.14128,-0.24768,0.7442,1.00978,-0.01238,0.70548,1.03034
-0.14067,-0.24704,0.74398,1.01153,-0.0122,0.70552,1.03163
-0.14011,-0.24645,0.74424,1.01342,-0.01156,0.70594,1.03369
-0.13972,-0.24613,0.74428,1.01469,-0.01099,0.70609,1.03579
-0.13917,-0.24563,0.74403,1.01665,-0.01062,0.7058,1.03764
-0.13852,-0.24485,0.74395,1.01826,-0.01017,0.70563,1.03868
-0.13791,-0.24422,0.7441,1.01962,-0.00917,0.70562,1.04057
-0.13766,-0.2439,0.74417,1.02053,-0.00899,0.70547,1.04151
-0.13734,-0.2435,0.74409,1.0219,-0.00861,0.70546,1.04279
-0.13696,-0.2432,0.74406,1.0233,-0.00817,0.7056,1.04411
-0.13684,-0.24298,0.74407,1.02471,-0.00817,0.70563,1.04516
-0.1365,-0.24269,0.74416,1.02595,-0.00792,0.70565,1.04653
-0.13623,-0.24244,0.74414,1.02663,-0.00746,0.70556,1.04764
-0.13594,-0.24227,0.74408,1.02729,-0.00739,0.70537,1.04835
-0.13567,-0.24184,0.74407,1.02781,-0.00697,0.70512,1.04892
-0.13512,-0.2413,0.74421,1.02786,-0.00631,0.70493,1.04882
-0.13488,-0.24102,0.74434,1.02754,-0.00636,0.70487,1.04874
-0.13481,-0.24105,0.74426,1.02706,-0.00635,0.70474,1.04801
-0.13492,-0.2412,0.74414,1.02648,-0.00646,0.70481,1.04753
-0.13499,-0.24129,0.74417,1.02621,-0.00675,0.70511,1.04737
-0.13525,-0.24149,0.74455,1.02611,-0.00694,0.70563,1.04726
-0.1357,-0.24195,0.74457,1.02598,-0.00703,0.70566,1.0471
-0.13594,-0.24237,0.74425,1.02541,-0.00765,0.70541,1.04651
-0.13608,-0.2425,0.74415,1.02446,-0.00783,0.7053,1.04575
-0.13594,-0.24231,0.74449,1.02393,-0.00755,0.70557,1.04445
-0.13618,-0.24246,0.74512,1.02327,-0.00798,0.70568,1.04414
-0.13683,-0.24312,0.74468,1.02262,-0.00834,0.70572,1.04373
-0.1374,-0.24411,0.74399,1.02201,-0.00876,0.70544,1.04294
-0.13733,-0.24355,0.74395,1.02117,-0.00898,0.70572,1.04232
-0.13686,-0.24309,0.74505,1.02046,-0.0084,0.70584,1.04095
-0.13667,-0.24317,0.74569,1.02012,-0.00837,0.70571,1.04066
-0.13709,-0.24339,0.74496,1.01978,-0.00847,0.70586,1.04025
-0.13773,-0.24427,0.74406,1.0194,-0.00914,0.70566,1.03992
-0.13774,-0.24441,0.74416,1.01892,-0.00906,0.70601,1.0392
-0.13743,-0.24367,0.74412,1.0182,-0.00902,0.70548,1.03853
-0.13723,-0.24375,0.74541,1.01754,-0.00893,0.70536,1.03815
-0.13764,-0.24401,0.74508,1.01691,-0.00896,0.70567,1.03738
-0.13807,-0.2448,0.74453,1.01605,-0.00991,0.70565,1.0366
-0.1383,-0.24495,0.74482,1.01523,-0.01012,0.70599,1.03529
-0.13851,-0.24488,0.74463,1.01379,-0.01,0.706,1.0343
-0.13866,-0.24529,0.74579,1.01312,-0.01047,0.70587,1.0336
-0.13924,-0.24553,0.74526,1.01227,-0.01081,0.7063,1.03273
-0.14017,-0.24631,0.74484,1.0116,-0.0116,0.70618,1.03179
-0.1406,-0.24728,0.74449,1.01049,-0.01248,0.70629,1.03062
-0.14076,-0.24708,0.74439,1.00933,-0.01257,0.70641,1.02979
-0.14095,-0.24743,0.74564,1.00797,-0.01262,0.70639,1.02853
-0.14119,-0.24762,0.74565,1.00666,-0.01312,0.70645,1.02708
-0.14188,-0.24866,0.74519,1.0046,-0.01395,0.70587,1.02503
-0.1425,-0.24916,0.74476,1.00269,-0.01446,0.70635,1.02253
-0.14313,-0.2491,0.74455,1.00117,-0.01496,0.70648,1.02129
-0.14407,-0.25032,0.74503,0.99882,-0.01604,0.70571,1.01943
-0.14428,-0.2507,0.74494,0.99753,-0.01628,0.70579,1.01773
-0.14487,-0.25094,0.74466,0.99537,-0.01668,0.70587,1.01558
-0.14555,-0.25138,0.74554,0.99318,-0.01721,0.70659,1.01343
-0.14623,-0.2526,0.74522,0.99083,-0.01811,0.706,1.01107
-0.14734,-0.2533,0.74471,0.98829,-0.01906,0.70628,1.00843
-0.14791,-0.25401,0.74446,0.98589,-0.01971,0.70665,1.00609
-0.14844,-0.25459,0.74523,0.98329,-0.02028,0.70607,1.004
-0.149,-0.25479,0.74494,0.98155,-0.02073,0.70558,1.00213
-0.14977,-0.25548,0.74492,0.97867,-0.02139,0.70569,0.99916
-0.15019,-0.25641,0.74489,0.97603,-0.02208,0.70575,0.99605
-0.15095,-0.25685,0.74491,0.97405,-0.02289,0.70644,0.99305
-0.15177,-0.25765,0.74498,0.97075,-0.024,0.70542,0.98992
-0.15261,-0.25865,0.74487,0.96773,-0.02441,0.70549,0.98766
-0.15314,-0.25945,0.74433,0.96457,-0.02552,0.70555,0.98453
-0.15435,-0.26038,0.74542,0.96158,-0.02657,0.70591,0.98182
-0.15554,-0.26144,0.74538,0.95868,-0.02767,0.70639,0.97899
-0.15639,-0.26304,0.74533,0.9559,-0.02885,0.70639,0.97712
-0.15773,-0.26406,0.74514,0.95418,-0.0303,0.70624,0.97399
-0.15877,-0.26513,0.74503,0.95091,-0.0314,0.70663,0.97083
-0.15943,-0.26558,0.74541,0.9485,-0.03259,0.70676,0.96739
-0.16055,-0.26688,0.74568,0.94505,-0.03368,0.70666,0.96381
-0.16127,-0.26757,0.74563,0.94177,-0.03415,0.70648,0.9614
-0.16236,-0.26919,0.74483,0.93837,-0.03583,0.70649,0.95818
-0.16354,-0.27031,0.74487,0.93503,-0.03699,0.7063,0.95486
-0.16465,-0.27093,0.74437,0.93184,-0.03784,0.70589,0.9516
-0.16518,-0.2719,0.74469,0.9284,-0.03867,0.70574,0.94934
-0.16623,-0.27266,0.74465,0.92608,-0.03972,0.70528,0.94573
-0.16718,-0.27362,0.74464,0.92226,-0.04063,0.70514,0.9417
-0.16773,-0.27409,0.74493,0.91953,-0.04177,0.70581,0.9377
-0.16922,-0.27555,0.7449,0.91609,-0.04325,0.70528,0.93425
-0.17,-0.27665,0.74524,0.91365,-0.04371,0.70549,0.93168
-0.1713,-0.27746,0.74371,0.90977,-0.04535,0.70517,0.92804
-0.17274,-0.27982,0.74465,0.90515,-0.04655,0.70496,0.92578
-0.17353,-0.28003,0.74412,0.90279,-0.04702,0.7056,0.92193
-0.17511,-0.2815,0.74485,0.89905,-0.04877,0.70565,0.9186
-0.17577,-0.28272,0.74533,0.89535,-0.04958,0.70595,0.91618
-0.17695,-0.28336,0.74454,0.89303,-0.05095,0.70633,0.91106
-0.17822,-0.28527,0.74476,0.88839,-0.05213,0.70645,0.90882
-0.17875,-0.28553,0.74424,0.88587,-0.05294,0.70652,0.90509
-0.17983,-0.28649,0.74432,0.8835,-0.05407,0.70589,0.90161
-0.18006,-0.28707,0.74491,0.87978,-0.05425,0.70595,0.8991
-0.1809,-0.28776,0.7451,0.87454,-0.05522,0.70625,0.89397
-0.18136,-0.28847,0.7455,0.87214,-0.05547,0.70617,0.89136
-0.18212,-0.2889,0.74502,0.86858,-0.05628,0.70597,0.88759
-0.18275,-0.28964,0.745,0.86619,-0.05703,0.70548,0.88512
-0.18363,-0.29068,0.74494,0.8627,-0.05794,0.7054,0.88011
-0.18439,-0.29156,0.74475,0.85912,-0.05873,0.70535,0.87783
-0.18498,-0.29209,0.74523,0.8559,-0.05933,0.70575,0.87458
-0.18589,-0.29293,0.74514,0.85278,-0.05994,0.7057,0.8715
-0.18659,-0.29388,0.74536,0.85089,-0.06096,0.70565,0.86964
-0.18727,-0.29466,0.74477,0.847,-0.06195,0.70594,0.86567
-0.18819,-0.29541,0.74554,0.84512,-0.06257,0.70589,0.86391
-0.18909,-0.29619,0.74561,0.84211,-0.06346,0.70632,0.86118
-0.18981,-0.29707,0.74544,0.83926,-0.06389,0.70667,0.85917
-0.19026,-0.29754,0.74563,0.8374,-0.06463,0.70694,0.85556
-0.1906,-0.2979,0.7456,0.83366,-0.06522,0.70697,0.85392
-0.19087,-0.29825,0.74578,0.83197,-0.06562,0.70682,0.85166
-0.19092,-0.29834,0.74571,0.82941,-0.06556,0.70711,0.84918
-0.19096,-0.29823,0.74559,0.82772,-0.06583,0.70731,0.84776
-0.19112,-0.29849,0.74613,0.82437,-0.06605,0.70714,0.84481
-0.19116,-0.2983,0.7454,0.82163,-0.06596,0.70738,0.84296
-0.19134,-0.29862,0.74556,0.81966,-0.06641,0.7067,0.84058
-0.19076,-0.29804,0.74542,0.81717,-0.06587,0.70705,0.83826
-0.19066,-0.29772,0.74527,0.81564,-0.06547,0.70665,0.83662
-0.19026,-0.29756,0.74593,0.81347,-0.06528,0.70688,0.83486
-0.1899,-0.29681,0.74571,0.81114,-0.06492,0.70714,0.83359
-0.1894,-0.29655,0.74657,0.80874,-0.0643,0.70768,0.83154
-0.18937,-0.29633,0.74675,0.80722,-0.0644,0.7078,0.83041
-0.18901,-0.29599,0.74674,0.80378,-0.06429,0.70745,0.82737
-0.18912,-0.29629,0.74653,0.8009,-0.06429,0.70761,0.82465
-0.18935,-0.29651,0.74613,0.79915,-0.0648,0.70747,0.82306
-0.18931,-0.29651,0.74615,0.79646,-0.06491,0.7076,0.82064
-0.18947,-0.29643,0.74611,0.79472,-0.06495,0.70779,0.81925
-0.18969,-0.29689,0.74637,0.79176,-0.06513,0.70764,0.81736
-0.18974,-0.29681,0.74648,0.78929,-0.06533,0.70766,0.81466
-0.18979,-0.29679,0.7463,0.7873,-0.0651,0.7075,0.81182
-0.1903,-0.29729,0.74736,0.784,-0.06583,0.70803,0.80898
-0.19101,-0.2978,0.74672,0.78212,-0.0665,0.70793,0.8059
-0.19127,-0.29878,0.74595,0.77827,-0.06677,0.70697,0.80268
-0.19161,-0.29873,0.74583,0.77594,-0.06725,0.70678,0.80052
-0.19185,-0.29886,0.74639,0.77271,-0.06754,0.70702,0.79761
-0.19219,-0.29929,0.74675,0.77102,-0.06783,0.70683,0.79501
-0.193,-0.30037,0.74619,0.76771,-0.06866,0.70639,0.79314
-0.19448,-0.30151,0.74617,0.76472,-0.06975,0.70695,0.79012
-0.19499,-0.3021,0.74638,0.76279,-0.07017,0.70789,0.78692
-0.19597,-0.3028,0.74664,0.75958,-0.07139,0.7073,0.78381
-0.1969,-0.30369,0.74679,0.75629,-0.07193,0.70717,0.78144
-0.19766,-0.30504,0.74631,0.7532,-0.07304,0.70739,0.77704
-0.19848,-0.3057,0.74598,0.7512,-0.07403,0.70732,0.77521
-0.19905,-0.30606,0.74623,0.74837,-0.07454,0.70752,0.77242
-0.20004,-0.30706,0.74666,0.7456,-0.07522,0.70736,0.76982
-0.20053,-0.30797,0.74671,0.74302,-0.07593,0.7078,0.76803
-0.20181,-0.30892,0.74643,0.74028,-0.07701,0.70782,0.76543
-0.20238,-0.3093,0.74659,0.73848,-0.07741,0.70816,0.76264
-0.20315,-0.31026,0.74647,0.73558,-0.07869,0.70751,0.75979
-0.20379,-0.31079,0.74639,0.7325,-0.07908,0.70761,0.75776
-0.20425,-0.31113,0.74628,0.73058,-0.07962,0.7074,0.75391
-0.2046,-0.31176,0.74658,0.72791,-0.08045,0.70737,0.75231
-0.20542,-0.3123,0.74629,0.72608,-0.08132,0.70688,0.74952
-0.20643,-0.31332,0.74596,0.72235,-0.08178,0.70706,0.74656
-0.20686,-0.31378,0.74612,0.72057,-0.08261,0.70695,0.74491
-0.20763,-0.31443,0.74599,0.71779,-0.08332,0.70687,0.74233
-0.20834,-0.31527,0.74609,0.71491,-0.08392,0.707,0.73916
-0.20892,-0.3159,0.74557,0.71169,-0.08463,0.70705,0.73692
-0.20912,-0.31634,0.74569,0.70844,-0.08514,0.70668,0.73348
-0.209,-0.31615,0.74595,0.70637,-0.08525,0.70649,0.73053
-0.20937,-0.31643,0.7463,0.70365,-0.08561,0.70651,0.72804
-0.20961,-0.31695,0.74595,0.70137,-0.08605,0.70661,0.72566
-0.21014,-0.31741,0.74559,0.69963,-0.08646,0.70637,0.72297
-0.21021,-0.31744,0.74552,0.69702,-0.08692,0.70613,0.72122
-0.2105,-0.31765,0.74649,0.69414,-0.08729,0.70598,0.71834
-0.21154,-0.31885,0.74642,0.69126,-0.08783,0.70621,0.71509
-0.21222,-0.32004,0.74562,0.68841,-0.08878,0.70628,0.71292
-0.21306,-0.32072,0.74537,0.68543,-0.08981,0.70675,0.70889
-0.21331,-0.32064,0.74573,0.68374,-0.08977,0.70682,0.70727
-0.21401,-0.32137,0.74661,0.68144,-0.09061,0.7069,0.70518
-0.21444,-0.32171,0.74642,0.6801,-0.0908,0.70691,0.70344
-0.21478,-0.32223,0.74583,0.67771,-0.09111,0.70682,0.69989
-0.21507,-0.32252,0.74611,0.67491,-0.0917,0.70704,0.69802
-0.21579,-0.32332,0.74634,0.67126,-0.09222,0.70713,0.69512
-0.21606,-0.32367,0.74609,0.66946,-0.09213,0.70725,0.69185
-0.21614,-0.32365,0.74534,0.66648,-0.0926,0.707,0.6884
-0.21598,-0.32363,0.74596,0.6633,-0.09268,0.70676,0.68638
-0.21582,-0.32322,0.74595,0.66064,-0.09204,0.70689,0.68274
-0.21553,-0.32318,0.74623,0.65918,-0.09213,0.70704,0.68115
-0.21544,-0.32312,0.7456,0.65722,-0.09201,0.70659,0.67873
-0.21498,-0.32282,0.74572,0.65464,-0.09193,0.70621,0.67696
-0.21463,-0.32218,0.74589,0.65165,-0.09153,0.70642,0.67404
-0.21435,-0.32232,0.74668,0.6492,-0.0914,0.70671,0.6701
-0.21451,-0.32237,0.74615,0.64752,-0.09113,0.70677,0.66815
-0.2147,-0.3228,0.74571,0.64487,-0.09173,0.70654,0.66538
-0.21489,-0.32288,0.74551,0.6421,-0.09187,0.70639,0.66352
-0.21491,-0.32285,0.74597,0.63965,-0.09161,0.7066,0.65992
-0.21506,-0.32308,0.74612,0.63805,-0.09199,0.70657,0.65833
-0.21509,-0.32313,0.74564,0.63582,-0.09195,0.70681,0.65554
-0.21527,-0.32346,0.74561,0.63311,-0.09212,0.70675,0.65367
-0.21504,-0.32313,0.74561,0.63039,-0.09202,0.7068,0.65068
-0.21488,-0.3229,0.74582,0.62859,-0.09178,0.70654,0.64702
-0.21468,-0.32284,0.74604,0.62626,-0.09147,0.70648,0.64525
-0.21481,-0.32306,0.74584,0.62374,-0.09203,0.70638,0.64255
-0.21501,-0.32329,0.74572,0.62122,-0.09217,0.70656,0.64073
-0.21519,-0.32343,0.74569,0.61963,-0.09211,0.70669,0.63704
-0.21523,-0.3235,0.74575,0.61706,-0.09259,0.70658,0.63533
-0.21535,-0.32366,0.7458,0.61458,-0.09272,0.70651,0.63361
-0.21538,-0.32377,0.74557,0.6124,-0.09286,0.70626,0.63119
-0.2156,-0.32399,0.74551,0.61067,-0.0927,0.70601,0.62911
-0.21562,-0.32395,0.74525,0.60971,-0.09308,0.70575,0.62783
-0.21571,-0.32398,0.74516,0.60891,-0.09267,0.70561,0.6273
-0.21574,-0.32412,0.74506,0.60904,-0.09308,0.7056,0.62743
-0.21585,-0.32427,0.74501,0.6102,-0.09313,0.70586,0.62822
-0.21604,-0.32431,0.74528,0.61131,-0.0929,0.70641,0.62974
-0.21604,-0.32422,0.74572,0.61291,-0.09325,0.70672,0.63102
-0.21623,-0.32437,0.74592,0.6142,-0.09332,0.70711,0.63277
-0.21618,-0.32434,0.74569,0.61493,-0.09336,0.70694,0.63374
-0.21614,-0.32412,0.74589,0.6151,-0.09317,0.70673,0.63417
-0.21622,-0.3241,0.74605,0.61503,-0.09324,0.70692,0.63453
-0.21623,-0.32429,0.74604,0.61563,-0.09287,0.70698,0.63482
-0.21643,-0.3245,0.74573,0.61625,-0.09327,0.70703,0.63541
-0.21641,-0.32438,0.74558,0.61729,-0.09321,0.70743,0.63634
-0.21624,-0.32419,0.74581,0.61793,-0.09258,0.70768,0.63732
-0.21591,-0.3239,0.74563,0.61907,-0.09261,0.70716,0.63863
-0.21545,-0.32332,0.74542,0.62037,-0.09231,0.70672,0.63932
-0.21522,-0.32306,0.7454,0.62116,-0.09199,0.70619,0.64022
-0.2148,-0.32264,0.74554,0.62188,-0.0916,0.70642,0.64095
-0.21459,-0.32236,0.74557,0.62236,-0.09125,0.70675,0.64168
-0.21434,-0.32236,0.74547,0.62376,-0.09059,0.70661,0.64258
-0.21413,-0.32202,0.74526,0.62482,-0.09077,0.70654,0.64363
-0.21377,-0.32153,0.74544,0.62609,-0.0904,0.7065,0.6452
-0.21378,-0.32164,0.74567,0.62699,-0.08996,0.70634,0.64651
-0.21371,-0.32165,0.7457,0.62843,-0.09011,0.70666,0.64766
-0.2135,-0.32131,0.74536,0.63013,-0.08992,0.70696,0.64837
-0.21315,-0.32104,0.74528,0.63136,-0.08915,0.70706,0.64994
-0.21259,-0.32041,0.74541,0.63311,-0.08903,0.70683,0.65198
-0.21215,-0.32003,0.74563,0.63407,-0.08854,0.70681,0.6539
-0.21175,-0.31965,0.74602,0.63552,-0.08777,0.70701,0.65535
-0.21175,-0.31958,0.7456,0.63715,-0.08798,0.70683,0.6565
-0.21155,-0.31951,0.74548,0.63848,-0.08782,0.7066,0.65842
-0.21147,-0.31936,0.74518,0.64052,-0.08729,0.70634,0.66051
-0.2115,-0.31944,0.74533,0.64242,-0.08757,0.70636,0.66191
-0.21153,-0.3194,0.74561,0.64425,-0.08752,0.70685,0.6639
-0.21146,-0.31933,0.74582,0.64623,-0.08721,0.7071,0.66596
-0.21144,-0.31924,0.74604,0.64763,-0.08741,0.70713,0.66806
-0.21151,-0.31955,0.74561,0.65052,-0.08742,0.70698,0.67014
-0.21131,-0.31938,0.74517,0.65194,-0.08724,0.70706,0.67156
-0.21072,-0.31866,0.74551,0.65402,-0.08681,0.70726,0.67396
-0.21043,-0.31848,0.74561,0.65571,-0.0864,0.7069,0.67666
-0.21027,-0.31821,0.74573,0.65819,-0.08604,0.70667,0.67904
-0.21024,-0.31819,0.74553,0.66021,-0.08614,0.70698,0.6806
-0.20995,-0.31794,0.74534,0.6624,-0.08586,0.70722,0.68274
-0.20942,-0.31733,0.74562,0.66468,-0.085,0.7074,0.68523
-0.20894,-0.31696,0.746,0.66628,-0.08475,0.70724,0.68798
-0.2084,-0.31667,0.74588,0.66873,-0.08444,0.70705,0.68968
-0.20788,-0.31594,0.74532,0.67129,-0.08379,0.70708,0.69224
-0.20752,-0.31557,0.74563,0.67404,-0.0834,0.70652,0.695
-0.20715,-0.31535,0.7456,0.67585,-0.08301,0.70633,0.69769
-0.20707,-0.31524,0.74525,0.67819,-0.08248,0.70646,0.69994
-0.20664,-0.31482,0.74549,0.68038,-0.08256,0.70698,0.70151
-0.20606,-0.31435,0.74576,0.68252,-0.08205,0.70739,0.70384
-0.20569,-0.31395,0.74548,0.6847,-0.08124,0.70729,0.70603
-0.20518,-0.31361,0.74565,0.68636,-0.08096,0.70693,0.70839
-0.20466,-0.31286,0.74532,0.68877,-0.08035,0.70697,0.71089
-0.20407,-0.31237,0.74599,0.69126,-0.08,0.70698,0.7125
-0.20399,-0.31232,0.74563,0.69334,-0.07991,0.70682,0.71464
-0.20334,-0.31194,0.74541,0.69491,-0.07921,0.70716,0.71662
-0.20255,-0.31091,0.74523,0.69738,-0.07814,0.70721,0.71915
-0.20182,-0.31015,0.74576,0.69991,-0.07788,0.70713,0.72106
-0.20141,-0.3096,0.74566,0.70238,-0.07723,0.7068,0.72365
-0.20028,-0.30869,0.74554,0.70464,-0.07606,0.70684,0.72568
-0.19981,-0.30827,0.74553,0.70608,-0.07575,0.70694,0.72793
-0.19916,-0.30754,0.74564,0.70916,-0.07517,0.70703,0.73026
-0.19832,-0.30685,0.74556,0.71082,-0.07451,0.70717,0.73188
-0.19768,-0.30621,0.74588,0.71322,-0.07381,0.70694,0.73434
-0.19722,-0.30557,0.74566,0.71555,-0.0731,0.70742,0.73667
-0.19632,-0.30506,0.74566,0.71736,-0.07192,0.70723,0.73904
-0.19518,-0.3039,0.7456,0.72001,-0.07147,0.70738,0.74085
-0.19459,-0.30315,0.74558,0.72284,-0.07047,0.70694,0.74353
-0.193,-0.30217,0.74554,0.72575,-0.06903,0.70683,0.74622
-0.1924,-0.30113,0.74554,0.72751,-0.06842,0.70688,0.74814
-0.1919,-0.30066,0.74577,0.73045,-0.06785,0.70672,0.7509
-0.19073,-0.30003,0.74588,0.73347,-0.06702,0.70709,0.75361
-0.19034,-0.29911,0.74512,0.73651,-0.06631,0.70705,0.75638
-0.18919,-0.29842,0.7457,0.73961,-0.06543,0.70713,0.75966
-0.18847,-0.29744,0.74499,0.74171,-0.06399,0.70676,0.76288
-0.18679,-0.29611,0.74637,0.74469,-0.06326,0.70711,0.76516
-0.18577,-0.29458,0.74534,0.74753,-0.06195,0.70714,0.76834
-0.18457,-0.29388,0.74619,0.75067,-0.06075,0.70711,0.77134
-0.18381,-0.29286,0.74548,0.75278,-0.06008,0.7073,0.77336
-0.18251,-0.29108,0.7455,0.75714,-0.05844,0.70662,0.77753
-0.18134,-0.29,0.74561,0.7608,-0.05764,0.70619,0.77977
-0.18058,-0.2892,0.74556,0.763,-0.05658,0.70588,0.78319
-0.18034,-0.28903,0.74522,0.76598,-0.0563,0.70548,0.78598
-0.17997,-0.28871,0.74456,0.76928,-0.0555,0.70603,0.78867
-0.17953,-0.28857,0.744,0.7715,-0.05549,0.7061,0.79097
-0.17883,-0.2874,0.74553,0.77535,-0.05454,0.7063,0.7945
-0.17829,-0.28703,0.74544,0.77848,-0.05378,0.70629,0.79748
-0.17803,-0.28705,0.74573,0.78092,-0.05352,0.70692,0.80082
-0.17738,-0.28602,0.74469,0.78623,-0.05298,0.70753,0.80469
-0.17695,-0.28562,0.74491,0.78966,-0.05214,0.7069,0.8082
-0.17583,-0.28489,0.74494,0.79207,-0.0516,0.70688,0.81054
-0.17494,-0.28388,0.74458,0.79534,-0.05064,0.70708,0.81404
-0.17393,-0.28252,0.74536,0.79858,-0.04914,0.70707,0.81738
-0.17266,-0.28139,0.74553,0.80195,-0.04854,0.70704,0.81971
-0.17245,-0.28119,0.745,0.80439,-0.04789,0.70695,0.82316
-0.17187,-0.28067,0.74477,0.80821,-0.04681,0.70708,0.82685
-0.17047,-0.27949,0.74436,0.8107,-0.04604,0.70724,0.82947
-0.16933,-0.27806,0.7453,0.81425,-0.04485,0.70686,0.8334
-0.16796,-0.27661,0.74554,0.81911,-0.04359,0.70699,0.83726
-0.16738,-0.27591,0.74468,0.8214,-0.0424,0.7069,0.84078
-0.16601,-0.27494,0.74513,0.82489,-0.04147,0.70652,0.84419
-0.16522,-0.27353,0.74471,0.82821,-0.03993,0.70659,0.84742
-0.16445,-0.27309,0.74525,0.83176,-0.03956,0.7064,0.84981
-0.16374,-0.27216,0.74497,0.83425,-0.03848,0.70663,0.85334
-0.16267,-0.27119,0.74505,0.83785,-0.03722,0.7067,0.85675
-0.16189,-0.27067,0.74505,0.84,-0.037,0.70649,0.85999
-0.1611,-0.27013,0.74456,0.84462,-0.03618,0.70694,0.86324
-0.15999,-0.26892,0.74467,0.84689,-0.03537,0.70699,0.86554
-0.15898,-0.26784,0.74547,0.85,-0.03429,0.70672,0.86898
-0.15857,-0.26745,0.74558,0.85235,-0.03369,0.70672,0.87119
-0.15791,-0.26676,0.74448,0.8571,-0.03252,0.70676,0.87555
-0.15746,-0.26621,0.74408,0.85936,-0.03231,0.70701,0.87794
-0.15626,-0.26482,0.74538,0.86287,-0.03109,0.70708,0.88156
-0.15545,-0.26401,0.74565,0.86592,-0.02995,0.70711,0.88475
-0.15464,-0.26357,0.74555,0.86915,-0.02969,0.70722,0.88697
-0.15401,-0.26266,0.74483,0.87265,-0.02888,0.70754,0.89032
-0.15338,-0.26248,0.74468,0.87478,-0.0284,0.70737,0.89372
-0.15214,-0.26147,0.74465,0.87829,-0.02742,0.70704,0.89736
-0.15092,-0.25965,0.74539,0.88204,-0.02594,0.707,0.90103
-0.15077,-0.2594,0.74559,0.88502,-0.02534,0.70659,0.90431
-0.15021,-0.25935,0.74535,0.88711,-0.02516,0.70717,0.90634
-0.14947,-0.25786,0.74488,0.89035,-0.02391,0.70783,0.90935
-0.14884,-0.25737,0.74519,0.89321,-0.02341,0.70704,0.91235
-0.14808,-0.25725,0.74522,0.89528,-0.02316,0.70693,0.91439
-0.14734,-0.25578,0.74415,0.89981,-0.02213,0.70702,0.91762
-0.1461,-0.25497,0.7449,0.90204,-0.02116,0.7068,0.92123
-0.14549,-0.25393,0.74524,0.90522,-0.02051,0.70674,0.92458
-0.14528,-0.25376,0.74503,0.90848,-0.02002,0.70691,0.92774
-0.14411,-0.25222,0.74467,0.91186,-0.01932,0.70695,0.93001
-0.14306,-0.25112,0.74526,0.91504,-0.01827,0.70681,0.93327
-0.14285,-0.2511,0.74552,0.91733,-0.01771,0.70639,0.93666
-0.14263,-0.25119,0.7441,0.92066,-0.01751,0.70583,0.93983
-0.14189,-0.25048,0.74408,0.92279,-0.01701,0.70645,0.94188
-0.14077,-0.24827,0.74576,0.92647,-0.01578,0.70674,0.94516
-0.14019,-0.24795,0.74634,0.92856,-0.01487,0.70704,0.94816
-0.14003,-0.24842,0.74552,0.93196,-0.01475,0.70693,0.95116
-0.14,-0.24813,0.74348,0.93481,-0.01467,0.7069,0.953
-0.13866,-0.24645,0.74455,0.93737,-0.01364,0.70703,0.95575
-0.13725,-0.24508,0.74513,0.93919,-0.01203,0.7068,0.95866
-0.13694,-0.2446,0.74616,0.94206,-0.01133,0.70641,0.96146
-0.13645,-0.24475,0.74472,0.94502,-0.01073,0.70635,0.96414
-0.13604,-0.24362,0.74392,0.9479,-0.01,0.70701,0.96717
-0.13489,-0.24212,0.74494,0.9504,-0.0093,0.70696,0.96925
-0.13441,-0.24181,0.74577,0.95295,-0.00864,0.70659,0.97202
-0.13387,-0.24158,0.74546,0.95485,-0.00761,0.70671,0.97457
-0.1331,-0.24032,0.74465,0.95757,-0.0067,0.70696,0.97737
-0.13279,-0.23977,0.74541,0.95999,-0.00631,0.70702,0.97929
-0.13245,-0.23956,0.74537,0.96152,-0.00593,0.70681,0.98167
-0.13205,-0.23887,0.74496,0.96379,-0.00551,0.70677,0.98301
-0.13064,-0.23743,0.7452,0.96619,-0.00393,0.70705,0.98616
-0.13024,-0.23684,0.7456,0.96785,-0.00316,0.70665,0.9885
-0.13003,-0.23679,0.74508,0.97053,-0.00296,0.70643,0.98976
-0.12923,-0.23561,0.74486,0.97221,-0.00201,0.70691,0.99159
-0.12867,-0.23488,0.74489,0.97357,-0.00128,0.70704,0.99396
-0.12792,-0.2345,0.74591,0.97577,-0.00061,0.70662,0.99627
-0.12763,-0.23414,0.74487,0.97764,-0.0003,0.70619,0.99737
-0.12701,-0.23332,0.74497,0.97912,0.00065,0.70659,0.99936
-0.12655,-0.23272,0.74559,0.98041,0.00103,0.70691,1.00046
-0.12629,-0.23275,0.74574,0.98149,0.00161,0.70707,1.00207
-0.12608,-0.23264,0.74512,0.98353,0.0016,0.70698,1.00342
-0.12585,-0.23222,0.74469,0.98555,0.00213,0.70682,1.00587
-0.12518,-0.23148,0.74507,0.98706,0.00302,0.70672,1.00755
-0.12474,-0.23121,0.74534,0.98797,0.00301,0.70658,1.00866
-0.12427,-0.23081,0.74552,0.98927,0.00346,0.70667,1.00982
-0.12409,-0.23054,0.74516,0.99039,0.00368,0.70667,1.01044
-0.12398,-0.23055,0.74503,0.99096,0.00389,0.70672,1.01129
-0.12373,-0.22999,0.74492,0.99209,0.00435,0.70702,1.01228
-0.12277,-0.22938,0.74506,0.99287,0.00511,0.70691,1.01352
-0.12228,-0.22887,0.74516,0.9943,0.00548,0.7064,1.01498
-0.12193,-0.22845,0.74488,0.99565,0.00579,0.70622,1.01585
-0.12154,-0.2281,0.74453,0.99678,0.00639,0.70607,1.01752
-0.12135,-0.22788,0.74453,0.99754,0.00643,0.70604,1.01849
-0.12099,-0.22749,0.74459,0.99863,0.00683,0.70599,1.01971
-0.12057,-0.2271,0.74471,0.99957,0.00709,0.70598,1.02045
-0.12028,-0.22687,0.74483,1.00033,0.00751,0.70598,1.02126
-0.11989,-0.22642,0.74505,1.00055,0.00788,0.706,1.02152
-0.11967,-0.22617,0.74528,1.00044,0.00823,0.70593,1.02128
-0.11993,-0.22638,0.74551,0.99982,0.00789,0.70566,1.02072
-0.12018,-0.22691,0.74519,0.99885,0.00763,0.7057,1.02009
-0.12065,-0.22734,0.74485,0.99784,0.00722,0.70605,1.01874
-0.12116,-0.22765,0.74493,0.99708,0.00674,0.70619,1.0181
-0.12133,-0.22795,0.74522,0.99619,0.00655,0.70653,1.01713
-0.12135,-0.22794,0.74543,0.99553,0.00655,0.70677,1.01652
-0.12154,-0.22808,0.74546,0.99508,0.00637,0.70669,1.01556
-0.12163,-0.22839,0.74528,0.99439,0.00618,0.70652,1.01449
-0.1216,-0.22834,0.74502,0.99374,0.00649,0.70658,1.0136
-0.12177,-0.22849,0.74517,0.99314,0.00606,0.70613,1.01341
-0.12196,-0.22864,0.74517,0.99264,0.00589,0.70604,1.01309
-0.12259,-0.22907,0.74513,0.99222,0.00548,0.70609,1.01267
-0.12298,-0.22961,0.74518,0.99186,0.00474,0.70628,1.01247
-0.12294,-0.22949,0.74545,0.99144,0.00475,0.70665,1.01213
-0.12293,-0.22954,0.74579,0.99094,0.0048,0.70701,1.01131
-0.12307,-0.22979,0.74591,0.99043,0.00464,0.70679,1.01047
-0.12319,-0.22975,0.74527,0.98982,0.00457,0.70692,1.00981
-0.12331,-0.22994,0.74555,0.98939,0.00427,0.70677,1.00947
-0.12356,-0.23013,0.74541,0.989,0.00406,0.70658,1.0093
-0.12358,-0.23009,0.74529,0.98869,0.00405,0.70663,1.00908
-0.12354,-0.23015,0.74547,0.98856,0.00422,0.70667,1.00889
-0.12357,-0.23006,0.74596,0.98826,0.004,0.70703,1.00866
-0.1238,-0.23036,0.74607,0.98757,0.00379,0.70711,1.00788
-0.12379,-0.23035,0.74585,0.98716,0.00377,0.70702,1.00717
-0.12425,-0.23073,0.74553,0.98609,0.0034,0.70685,1.00621
-0.12451,-0.23108,0.7456,0.98525,0.00306,0.70675,1.00518
-0.12473,-0.23121,0.74551,0.98432,0.0031,0.70665,1.00451
-0.12512,-0.23135,0.74563,0.98407,0.00271,0.7068,1.00444
-0.12563,-0.23203,0.74583,0.98354,0.00217,0.70683,1.00403
-0.12608,-0.23234,0.74553,0.98267,0.00183,0.70695,1.00286
-0.1265,-0.23248,0.74574,0.98188,0.00131,0.70693,1.00154
-0.12672,-0.23274,0.74621,0.98049,0.00113,0.70736,1.00025
-0.12711,-0.23311,0.74614,0.97927,0.00084,0.7075,0.99953
-0.12773,-0.23379,0.74598,0.97788,0.00033,0.70726,0.99816
-0.12824,-0.23404,0.74542,0.97683,-0.0002,0.70679,0.99643
-0.1282,-0.23421,0.74562,0.97541,-0.00031,0.70698,0.99482
-0.12846,-0.23419,0.74613,0.9738,-0.00066,0.70675,0.99394
-0.12907,-0.23485,0.74616,0.97216,-0.0012,0.70665,0.99243
-0.13002,-0.23575,0.74567,0.97041,-0.00165,0.70666,0.9905
-0.13052,-0.23619,0.74519,0.96921,-0.00246,0.70685,0.98832
-0.13104,-0.23637,0.746,0.96719,-0.00287,0.70744,0.98645
-0.13152,-0.23716,0.74599,0.96518,-0.00341,0.707,0.98517
-0.13208,-0.23803,0.74554,0.96286,-0.00428,0.70652,0.98275
-0.13258,-0.23837,0.74548,0.96033,-0.00483,0.70691,0.98015
-0.13295,-0.23857,0.74581,0.95882,-0.00523,0.70729,0.97802
-0.13369,-0.23953,0.74591,0.95655,-0.00637,0.70612,0.97585
-0.13399,-0.23999,0.74539,0.95412,-0.00664,0.70628,0.97397
-0.13456,-0.2408,0.74553,0.95179,-0.00723,0.70641,0.97146
-0.13502,-0.24112,0.74601,0.95026,-0.00785,0.70706,0.97002
-0.13558,-0.24184,0.74551,0.94763,-0.00884,0.70641,0.96682
-0.13633,-0.24266,0.74536,0.94469,-0.00948,0.70608,0.96477
-0.13688,-0.24331,0.74537,0.9427,-0.01044,0.70626,0.9617
-0.13729,-0.24362,0.74541,0.94005,-0.01088,0.70666,0.95914
-0.13756,-0.24389,0.74614,0.9375,-0.0112,0.70673,0.95685
-0.13798,-0.24457,0.74592,0.93479,-0.0119,0.70595,0.95514
-0.13894,-0.24543,0.74559,0.93294,-0.01291,0.7058,0.95186
-0.13933,-0.24606,0.74525,0.93007,-0.01338,0.70653,0.94884
-0.13961,-0.2464,0.74559,0.92722,-0.01392,0.7067,0.94711
-0.14034,-0.24724,0.74607,0.92404,-0.01466,0.706,0.9439
-0.1413,-0.24856,0.74578,0.92071,-0.01573,0.70581,0.94016
-0.14209,-0.24937,0.7456,0.91793,-0.01671,0.70676,0.9373
-0.14336,-0.25009,0.74586,0.91638,-0.01801,0.70669,0.93488
-0.14437,-0.25143,0.74593,0.91334,-0.0189,0.70604,0.93291
-0.14523,-0.25265,0.74524,0.91011,-0.01978,0.7065,0.92944
-0.14643,-0.25392,0.7458,0.90742,-0.02117,0.70739,0.92673
-0.14713,-0.25414,0.7458,0.9056,-0.02164,0.70737,0.92405
-0.14809,-0.2554,0.74638,0.90266,-0.0226,0.70681,0.92212
-0.14853,-0.25572,0.74617,0.89966,-0.02325,0.70735,0.91877
-0.14993,-0.25755,0.74621,0.89684,-0.02434,0.70716,0.91559
-0.15036,-0.25795,0.74577,0.89378,-0.0252,0.70725,0.91251
-0.15116,-0.25812,0.7456,0.89157,-0.0257,0.70668,0.91034
-0.15188,-0.25943,0.7464,0.88809,-0.02668,0.707,0.90545
-0.15244,-0.26008,0.7456,0.88477,-0.02753,0.70669,0.90308
-0.15357,-0.26141,0.74567,0.88126,-0.02886,0.70643,0.89973
-0.15406,-0.26158,0.74598,0.87898,-0.02917,0.70661,0.89604
-0.15531,-0.26256,0.74575,0.87562,-0.03007,0.70632,0.89383
-0.15631,-0.26397,0.74601,0.87209,-0.03133,0.70601,0.89021
-0.15697,-0.26471,0.74495,0.86851,-0.03232,0.70629,0.88648
-0.158,-0.26599,0.74584,0.86526,-0.03347,0.70653,0.88326
-0.15894,-0.26649,0.74592,0.86316,-0.03406,0.70657,0.88089
-0.16039,-0.26796,0.74569,0.85932,-0.03563,0.70647,0.87601
-0.16103,-0.26901,0.74574,0.85609,-0.03658,0.70696,0.87373
-0.16231,-0.27034,0.74562,0.85275,-0.03784,0.70695,0.87078
-0.16342,-0.27131,0.74614,0.85074,-0.03884,0.70704,0.86741
-0.16486,-0.27233,0.7456,0.84746,-0.04042,0.70684,0.86413
-0.16572,-0.2741,0.74575,0.84308,-0.04129,0.70709,0.8619
-0.16649,-0.27439,0.74553,0.84095,-0.04172,0.70753,0.85838
-0.16744,-0.2754,0.74628,0.83744,-0.04239,0.70734,0.85611
-0.16805,-0.27579,0.74634,0.83517,-0.04332,0.70759,0.85229
-0.16896,-0.27675,0.74581,0.83145,-0.04437,0.70745,0.84739
-0.16943,-0.27754,0.74594,0.8279,-0.04506,0.70748,0.84517
-0.17027,-0.27813,0.7456,0.82435,-0.04584,0.70704,0.84174
-0.17085,-0.27902,0.74593,0.82102,-0.04646,0.70659,0.83824
-0.17148,-0.27914,0.74594,0.81871,-0.04728,0.70655,0.83465
-0.17235,-0.28026,0.74611,0.81511,-0.04812,0.70648,0.83231
-0.17275,-0.28105,0.74575,0.81163,-0.04868,0.70645,0.82836
-0.17351,-0.28149,0.74567,0.80927,-0.04971,0.70636,0.82479
-0.17444,-0.28249,0.74602,0.80589,-0.05046,0.70621,0.82264
-0.17512,-0.28317,0.7462,0.80272,-0.05129,0.70643,0.81936
-0.17581,-0.28431,0.746,0.79964,-0.05231,0.70641,0.81642
-0.17706,-0.28543,0.74586,0.7965,-0.0535,0.70601,0.81323
-0.17753,-0.28589,0.74573,0.79309,-0.05388,0.70612,0.80964
-0.17848,-0.28671,0.7463,0.79075,-0.05477,0.7062,0.80759
-0.1791,-0.28748,0.74619,0.78726,-0.05565,0.70662,0.80428
-0.18014,-0.28867,0.74639,0.78443,-0.05652,0.70721,0.80112
-0.18049,-0.28882,0.7458,0.78184,-0.05689,0.70702,0.79815
-0.18084,-0.28917,0.74655,0.77975,-0.05723,0.707,0.79554
-0.18122,-0.28935,0.74598,0.777,-0.05723,0.70676,0.79312
-0.18133,-0.28984,0.7464,0.77433,-0.05773,0.70663,0.79139
-0.1814,-0.28979,0.74615,0.7713,-0.05778,0.7069,0.78845
-0.18168,-0.28987,0.7465,0.76789,-0.05782,0.70689,0.78558
-0.18218,-0.29026,0.7467,0.76585,-0.05835,0.70716,0.78374
-0.18243,-0.29082,0.74615,0.76291,-0.05872,0.70702,0.78092
-0.18236,-0.2906,0.74582,0.76016,-0.0587,0.70702,0.77824
-0.18231,-0.29043,0.74625,0.7583,-0.05861,0.70697,0.77664
-0.18204,-0.2904,0.74632,0.75557,-0.05848,0.70694,0.7744
-0.1818,-0.29002,0.74592,0.75306,-0.05776,0.70683,0.77117
-0.18128,-0.28934,0.74655,0.75052,-0.05774,0.70678,0.76955
-0.18128,-0.28942,0.74676,0.74749,-0.05781,0.7068,0.76715
-0.18162,-0.28984,0.74651,0.74462,-0.05763,0.70733,0.76427
-0.18175,-0.29,0.74624,0.74266,-0.05816,0.70734,0.76248
-0.18186,-0.29006,0.74658,0.7393,-0.05826,0.7076,0.75932
-0.18183,-0.2899,0.74681,0.73611,-0.0582,0.70745,0.75606
-0.18199,-0.2902,0.74708,0.7341,-0.05852,0.70737,0.75427
-0.18252,-0.2905,0.74652,0.73111,-0.05884,0.7072,0.75148
-0.18294,-0.29119,0.74628,0.72834,-0.05943,0.7073,0.74886
-0.18307,-0.29133,0.7464,0.726,-0.05982,0.70741,0.74646
-0.18348,-0.2917,0.74635,0.72425,-0.06006,0.70745,0.74484
-0.18414,-0.29256,0.74653,0.72084,-0.06045,0.70773,0.74149
-0.18428,-0.29269,0.74663,0.71912,-0.06113,0.70772,0.73992
-0.18477,-0.29313,0.74658,0.71636,-0.06157,0.70771,0.7374
-0.18513,-0.29353,0.74667,0.71371,-0.06198,0.70747,0.73503
-0.18544,-0.29378,0.74654,0.71097,-0.06219,0.70749,0.73269
-0.18581,-0.29405,0.7461,0.70951,-0.06256,0.70714,0.73036
-0.18572,-0.29414,0.74658,0.70714,-0.06258,0.70714,0.72882
-0.18589,-0.29411,0.74629,0.70489,-0.06267,0.7073,0.72681
-0.18596,-0.29437,0.7466,0.70302,-0.06282,0.70733,0.72564
-0.18599,-0.29431,0.74622,0.7012,-0.06242,0.70752,0.7233
-0.18581,-0.29415,0.74629,0.70002,-0.06261,0.70728,0.72217
-0.18583,-0.29419,0.74668,0.69808,-0.06262,0.70704,0.72038
-0.18601,-0.29443,0.74629,0.69623,-0.06284,0.70704,0.71859
-0.18641,-0.29488,0.74634,0.69501,-0.06333,0.70718,0.71695
-0.18673,-0.29517,0.74592,0.6933,-0.0635,0.70727,0.71585
-0.18683,-0.29531,0.74625,0.69156,-0.06371,0.70733,0.7142
-0.187,-0.29556,0.74639,0.69002,-0.06397,0.70728,0.7127
-0.18728,-0.29589,0.74621,0.68857,-0.06416,0.70747,0.71181
-0.18743,-0.29608,0.74618,0.68739,-0.06417,0.70764,0.71019
-0.18738,-0.29604,0.74626,0.68635,-0.06455,0.70751,0.70961
-0.18729,-0.29603,0.74636,0.68574,-0.06449,0.70748,0.7087
-0.18728,-0.29602,0.74629,0.68492,-0.06446,0.70741,0.70779
-0.18713,-0.29597,0.74616,0.68442,-0.06452,0.70726,0.70727
-0.187,-0.29583,0.74621,0.6838,-0.06447,0.70715,0.70665
-0.18707,-0.29585,0.74612,0.68355,-0.0645,0.70698,0.70641
-0.1871,-0.296,0.74598,0.68376,-0.06465,0.70698,0.7066
-0.18719,-0.29604,0.74583,0.6843,-0.06468,0.70709,0.70703
-0.18724,-0.29605,0.74585,0.68501,-0.0644,0.70746,0.70834
-0.18705,-0.29594,0.74614,0.6857,-0.06463,0.70752,0.7092
-0.18665,-0.29528,0.74639,0.68678,-0.06411,0.70732,0.71024
-0.18615,-0.29477,0.74666,0.6877,-0.06367,0.70708,0.71113
-0.1861,-0.29491,0.74626,0.68843,-0.06371,0.70678,0.71195
-0.18604,-0.29486,0.74593,0.6888,-0.06371,0.70669,0.7124
-0.18592,-0.29455,0.74582,0.68935,-0.06359,0.70657,0.71284
-0.1858,-0.29448,0.74613,0.68996,-0.06345,0.70663,0.71327
-0.18581,-0.29459,0.74593,0.69063,-0.06338,0.70686,0.71374
-0.18575,,,,-0.06305,0.70705,0.71415
