TimeStamp,0.04384,-0.05238,-0.09882,0.07875,0.09623,-0.0876,0.11007
2021-06-16 21:51:25,0.04387,-0.0524,-0.09881,0.07874,0.09625,-0.08769,0.11005
2021-06-16 21:51:30,0.04388,-0.052354,-0.098756,0.07876200000000001,0.09629000000000001,-0.08774200000000001,0.11001000000000001
2021-06-16 21:51:35,0.043914,-0.052346000000000004,-0.09878,0.078766,0.09625199999999999,-0.087718,0.110006
2021-06-16 21:51:40,0.043908,-0.052393999999999996,-0.098808,0.07876399999999999,0.09622000000000001,-0.087764,0.10999600000000001
2021-06-16 21:51:45,0.043914,-0.052474,-0.098794,0.07878,0.096186,-0.08780600000000001,0.109976
2021-06-16 21:51:50,0.04395,-0.052422,-0.098736,0.07874,0.096194,-0.087758,0.10994799999999998
2021-06-16 21:51:55,0.043961999999999994,-0.052422,-0.09874600000000001,0.078858,0.09626599999999999,-0.087718,0.11007199999999999
2021-06-16 21:52:00,0.043884,-0.052379999999999996,-0.098824,0.078746,0.096278,-0.087716,0.10994200000000001
2021-06-16 21:52:05,0.043902,-0.052434,-0.09877799999999999,0.078744,0.096288,-0.08779,0.10995200000000001
2021-06-16 21:52:10,0.043887999999999996,-0.052434,-0.09881199999999998,0.07870999999999999,0.096226,-0.08779,0.109856
2021-06-16 21:52:15,0.043916,-0.05238999999999999,-0.09886,0.078776,0.09625199999999999,-0.087724,0.10995599999999998
2021-06-16 21:52:20,0.043906,-0.05245,-0.09881999999999999,0.078752,0.09624799999999999,-0.087724,0.109914
2021-06-16 21:52:25,0.043924,-0.052412,-0.09880799999999999,0.07875000000000001,0.09624600000000001,-0.08771,0.109924
2021-06-16 21:52:30,0.043898,-0.05239400000000001,-0.09885000000000001,0.07874,0.09626399999999999,-0.087732,0.109876
2021-06-16 21:52:35,0.043913999999999995,-0.052398,-0.09885599999999999,0.07880000000000001,0.09627000000000001,-0.08776799999999998,0.109982
2021-06-16 21:52:40,0.043918,-0.05234,-0.09884200000000001,0.07881600000000001,0.096274,-0.08779,0.10995999999999999
2021-06-16 21:52:45,0.043904,-0.052396,-0.098838,0.07879,0.09619199999999999,-0.08768400000000001,0.11002200000000002
2021-06-16 21:52:50,0.0439,-0.052427999999999995,-0.09878,0.078752,0.096198,-0.087678,0.110038
2021-06-16 21:52:55,0.043948,-0.052398,-0.09880799999999999,0.07878,0.09622,-0.08778000000000001,0.10997000000000001
2021-06-16 21:53:00,0.043946,-0.05241,-0.098764,0.078758,0.096212,-0.087762,0.109998
2021-06-16 21:53:05,0.043932000000000006,-0.052344,-0.098714,0.07870200000000001,0.096326,-0.0878,0.109932
2021-06-16 21:53:10,0.043972,-0.05245999999999999,-0.098814,0.078758,0.096214,-0.087864,0.109982
2021-06-16 21:53:15,0.043872,-0.052522,-0.098898,0.07869200000000001,0.09609999999999999,-0.087778,0.110056
2021-06-16 21:53:20,0.043859999999999996,-0.052458000000000005,-0.09894,0.07863800000000001,0.096126,-0.087696,0.10989
2021-06-16 21:53:25,0.043859999999999996,-0.052478000000000004,-0.098808,0.07872599999999999,0.096134,-0.08771599999999999,0.109904
2021-06-16 21:53:30,0.043848000000000005,-0.052525999999999996,-0.098882,0.078684,0.096222,-0.08780400000000001,0.10985199999999999
2021-06-16 21:53:35,0.043824,-0.052545999999999995,-0.09880200000000001,0.078678,0.096132,-0.08779200000000001,0.10988799999999999
2021-06-16 21:53:40,0.043794,-0.052494,-0.098828,0.078738,0.096166,-0.087832,0.10997599999999999
2021-06-16 21:53:45,0.043808,-0.05248200000000001,-0.098868,0.078682,0.096114,-0.087834,0.109904
2021-06-16 21:53:50,0.043845999999999996,-0.05247,-0.098886,0.07885,0.09607,-0.08775599999999999,0.11001000000000001
2021-06-16 21:53:55,0.043784000000000003,-0.05250200000000001,-0.098914,0.078738,0.096166,-0.087768,0.110174
2021-06-16 21:54:00,0.043818,-0.05242199999999999,-0.09876399999999999,0.078624,0.096174,-0.087582,0.11002
2021-06-16 21:54:05,0.043752,-0.052424000000000005,-0.09886600000000001,0.078544,0.09619599999999999,-0.08792799999999999,0.109622
2021-06-16 21:54:10,0.043838,-0.052414,-0.098862,0.07875399999999999,0.096164,-0.087906,0.109856
2021-06-16 21:54:15,0.043887999999999996,-0.052461999999999995,-0.099162,0.078644,0.09612000000000001,-0.0883,0.109428
2021-06-16 21:54:20,0.043904,-0.05250200000000001,-0.09917400000000001,0.07866200000000001,0.096138,-0.08849199999999999,0.10949199999999999
2021-06-16 21:54:25,0.044155999999999994,-0.052674,-0.099132,0.078996,0.09602,-0.088408,0.109778
2021-06-16 21:54:30,0.044146000000000005,-0.052028000000000005,-0.099024,0.079162,0.096668,-0.08803,0.10993
2021-06-16 21:54:35,0.044254,-0.051778000000000005,-0.098944,0.079454,0.096824,-0.088012,0.11030999999999999
2021-06-16 21:54:40,0.044244,-0.051456,-0.09887599999999999,0.07933,0.09713000000000001,-0.08777,0.11000000000000001
2021-06-16 21:54:45,0.043972,-0.05164799999999999,-0.09898000000000001,0.078772,0.097054,-0.087986,0.109352
2021-06-16 21:54:50,0.043858,-0.051983999999999995,-0.09891799999999999,0.078668,0.096716,-0.087922,0.10951
2021-06-16 21:54:55,0.04380200000000001,-0.051907999999999996,-0.09892799999999999,0.078678,0.09672800000000001,-0.088004,0.10957599999999998
2021-06-16 21:55:00,0.043854,-0.05181199999999999,-0.098942,0.078614,0.09686399999999999,-0.08806,0.10930599999999999
2021-06-16 21:55:05,0.043776,-0.051980000000000005,-0.098902,0.078658,0.09659999999999999,-0.08786799999999999,0.10899
2021-06-16 21:55:10,0.043728,-0.05233,-0.09896400000000001,0.07891600000000001,0.09597599999999999,-0.08782200000000001,0.11044400000000001
2021-06-16 21:55:15,0.043766,-0.052795999999999996,-0.098886,0.078752,0.095494,-0.08752199999999999,0.11055600000000002
2021-06-16 21:55:20,0.043680000000000004,-0.05344,-0.098996,0.07844999999999999,0.094866,-0.087806,0.11034600000000001
2021-06-16 21:55:25,0.04402199999999999,-0.05278200000000001,-0.098894,0.077952,0.095822,-0.08755800000000001,0.10817399999999999
2021-06-16 21:55:30,0.0435,-0.052376,-0.09887,0.077734,0.096258,-0.087254,0.108012
2021-06-16 21:55:35,0.042749999999999996,-0.049628,-0.098984,0.07753,0.099292,-0.0874,0.107816
2021-06-16 21:55:40,0.04293,-0.045862,-0.098402,0.07747,0.102976,-0.08689,0.10729200000000001
2021-06-16 21:55:45,0.04407,-0.040190000000000003,-0.09805,0.077986,0.108492,-0.08652800000000001,0.107348
2021-06-16 21:55:50,0.045558,-0.036582,-0.097872,0.078528,0.11249400000000001,-0.08647200000000001,0.10695600000000001
2021-06-16 21:55:55,0.047922,-0.03357400000000001,-0.097712,0.07946800000000001,0.11573200000000002,-0.086558,0.10661200000000001
2021-06-16 21:56:00,0.049734,-0.03139599999999999,-0.097742,0.080254,0.11790400000000001,-0.08652200000000002,0.10657000000000001
2021-06-16 21:56:05,0.05139199999999999,-0.02952,-0.09763799999999999,0.081512,0.119856,-0.08642799999999999,0.10705800000000001
2021-06-16 21:56:10,0.053022,-0.026572000000000002,-0.09776599999999999,0.081948,0.123034,-0.08643799999999999,0.10663800000000001
2021-06-16 21:56:15,0.05466800000000001,-0.023168,-0.09789400000000001,0.08306,0.12646200000000002,-0.086336,0.10747599999999999
2021-06-16 21:56:20,0.056216,-0.019597999999999997,-0.097734,0.08424000000000001,0.13005,-0.08619399999999999,0.10838400000000001
2021-06-16 21:56:25,0.05787,-0.015206,-0.09736,0.08570199999999999,0.13449800000000003,-0.085876,0.109376
2021-06-16 21:56:30,0.058811999999999996,-0.010296,-0.097306,0.08548199999999999,0.13946799999999998,-0.08586200000000001,0.10825800000000001
2021-06-16 21:56:35,0.059136,-0.005722,-0.09698799999999999,0.085994,0.143924,-0.0851,0.10895999999999999
2021-06-16 21:56:40,0.059674000000000005,0.00092,-0.09689400000000001,0.086616,0.150542,-0.085342,0.109334
2021-06-16 21:56:45,0.05945999999999999,0.00794,-0.096386,0.08702999999999998,0.157748,-0.084904,0.11046799999999998
2021-06-16 21:56:50,0.060528000000000005,0.014732,-0.09642799999999999,0.089126,0.16393200000000002,-0.084702,0.113144
2021-06-16 21:56:55,0.061961999999999996,0.020229999999999998,-0.09640200000000002,0.089844,0.16970600000000002,-0.08444199999999999,0.11341000000000001
2021-06-16 21:57:00,0.061728000000000005,0.024273999999999997,-0.09629800000000001,0.08945800000000001,0.173674,-0.084072,0.11316199999999998
2021-06-16 21:57:05,0.06242000000000001,0.030104,-0.09595000000000001,0.09049,0.17944,-0.083522,0.11403800000000001
2021-06-16 21:57:10,0.062206,0.037309999999999996,-0.095864,0.09085199999999999,0.18662600000000001,-0.083122,0.115164
2021-06-16 21:57:15,0.063352,0.043944,-0.095522,0.092004,0.193348,-0.08304199999999999,0.11652199999999999
2021-06-16 21:57:20,0.065436,0.04858,-0.095462,0.092456,0.19790599999999997,-0.08331599999999999,0.115924
2021-06-16 21:57:25,0.06484599999999999,0.05243,-0.09557,0.092082,0.201804,-0.08355399999999999,0.114852
2021-06-16 21:57:30,0.063236,0.05832,-0.09512999999999999,0.09192200000000002,0.20760199999999998,-0.082716,0.11633
2021-06-16 21:57:35,0.06397,0.065632,-0.09492,0.094,0.21446800000000002,-0.08214600000000001,0.11926600000000001
2021-06-16 21:57:40,0.065696,0.071938,-0.094628,0.09463,0.22112600000000002,-0.081414,0.11926999999999999
2021-06-16 21:57:45,0.066396,0.077438,-0.09447799999999999,0.09573799999999999,0.22662,-0.08223,0.12033800000000001
2021-06-16 21:57:50,0.06738999999999999,0.08177799999999999,-0.09473200000000001,0.09637,0.23092600000000002,-0.08252399999999999,0.120564
2021-06-16 21:57:55,0.068046,0.08621399999999999,-0.094316,0.09704399999999999,0.235338,-0.081592,0.121648
2021-06-16 21:58:00,0.069884,0.090938,-0.094246,0.099038,0.23998400000000003,-0.081864,0.12356799999999998
2021-06-16 21:58:05,0.071912,0.09648999999999999,-0.094594,0.100434,0.24577400000000002,-0.082514,0.124288
2021-06-16 21:58:10,0.072588,0.100366,-0.094452,0.100996,0.2496,-0.081614,0.12476000000000001
2021-06-16 21:58:15,0.073296,0.105656,-0.094128,0.10198800000000001,0.25480200000000003,-0.08172199999999999,0.12594
2021-06-16 21:58:20,0.07475000000000001,0.11051799999999998,-0.094316,0.10284,0.25972,-0.081994,0.126774
2021-06-16 21:58:25,0.07544200000000001,0.11586,-0.094266,0.10375200000000002,0.26501,-0.081766,0.128102
2021-06-16 21:58:30,0.07732800000000001,0.12099599999999999,-0.093982,0.105266,0.270038,-0.081732,0.128966
2021-06-16 21:58:35,0.07898999999999999,0.12679,-0.09379000000000001,0.105854,0.275992,-0.08112599999999999,0.12911999999999998
2021-06-16 21:58:40,0.0794,0.133084,-0.09358200000000001,0.10735800000000002,0.282256,-0.08148999999999999,0.13134200000000001
2021-06-16 21:58:45,0.08076,0.138626,-0.093378,0.10875599999999999,0.28771599999999997,-0.08069400000000002,0.132788
2021-06-16 21:58:50,0.08214999999999999,0.14408800000000002,-0.093108,0.10996199999999998,0.29328199999999993,-0.08039199999999999,0.13357
2021-06-16 21:58:55,0.08300400000000001,0.14939000000000002,-0.092902,0.11088,0.29856599999999994,-0.08016799999999999,0.134578
2021-06-16 21:59:00,0.084594,0.15377400000000002,-0.09243,0.11222400000000002,0.30299,-0.07907,0.13550199999999998
2021-06-16 21:59:05,0.08626,0.15936,-0.09223600000000001,0.11297000000000001,0.308608,-0.079072,0.135722
2021-06-16 21:59:10,0.086812,0.165406,-0.09186800000000002,0.11405000000000001,0.314396,-0.07876800000000002,0.13717200000000002
2021-06-16 21:59:15,0.08686,0.17075800000000002,-0.091862,0.115138,0.319708,-0.07891200000000001,0.13882
2021-06-16 21:59:20,0.08756,0.17517,-0.091596,0.115654,0.32420600000000005,-0.07851999999999999,0.139324
2021-06-16 21:59:25,0.08816399999999999,0.178664,-0.091688,0.11652599999999999,0.327582,-0.078694,0.14058200000000004
2021-06-16 21:59:30,0.08929400000000001,0.182066,-0.091576,0.117218,0.33099399999999995,-0.078884,0.140874
2021-06-16 21:59:35,0.08995199999999999,0.185184,-0.091404,0.118088,0.334176,-0.078624,0.141878
2021-06-16 21:59:40,0.09069,0.188504,-0.09125,0.11840599999999998,0.33742,-0.078092,0.141906
2021-06-16 21:59:45,0.091216,0.19146400000000002,-0.091226,0.119542,0.340222,-0.07814,0.143462
2021-06-16 21:59:50,0.09180799999999999,0.19421,-0.09089,0.12027600000000001,0.34316800000000003,-0.07783,0.144188
2021-06-16 21:59:55,0.09246,0.19744,-0.09093599999999999,0.12096,0.346308,-0.07802200000000001,0.144848
2021-06-16 22:00:00,0.092876,0.20016799999999998,-0.09084400000000001,0.12112,0.349098,-0.077846,0.14499
2021-06-16 22:00:05,0.09328800000000001,0.203232,-0.09076999999999999,0.121692,0.352054,-0.077946,0.14574
2021-06-16 22:00:10,0.09368800000000001,0.20602399999999998,-0.090564,0.12220400000000001,0.354664,-0.077704,0.14626199999999998
2021-06-16 22:00:15,0.09409400000000001,0.20874800000000002,-0.09064000000000001,0.122754,0.35744800000000004,-0.077808,0.14681000000000002
2021-06-16 22:00:20,0.094536,0.211952,-0.09038000000000002,0.123326,0.360644,-0.077298,0.147364
2021-06-16 22:00:25,0.095228,0.214946,-0.0908,0.12434400000000001,0.363718,-0.07835600000000001,0.148592
2021-06-16 22:00:30,0.09602999999999999,0.217962,-0.09074000000000002,0.124868,0.36659800000000003,-0.078218,0.14910600000000002
2021-06-16 22:00:35,0.09672800000000001,0.220744,-0.090736,0.12584199999999998,0.369394,-0.078464,0.150248
2021-06-16 22:00:40,0.097352,0.223666,-0.09075399999999999,0.126336,0.372324,-0.078362,0.150648
2021-06-16 22:00:45,0.09792000000000001,0.226918,-0.09062,0.127168,0.375606,-0.07839,0.151532
2021-06-16 22:00:50,0.098532,0.230008,-0.09056600000000001,0.12778,0.378758,-0.078254,0.15199599999999996
2021-06-16 22:00:55,0.098922,0.232472,-0.0905,0.128178,0.381152,-0.078152,0.15228
2021-06-16 22:01:00,0.099268,0.23422,-0.09025,0.128288,0.38291600000000003,-0.07783999999999999,0.152332
2021-06-16 22:01:05,0.09966599999999999,0.236044,-0.090168,0.128616,0.38467,-0.077962,0.152674
2021-06-16 22:01:10,0.100068,0.23850800000000003,-0.09033,0.129188,0.38708,-0.077996,0.153418
2021-06-16 22:01:15,0.100718,0.24053399999999997,-0.090212,0.130012,0.389086,-0.078186,0.154258
2021-06-16 22:01:20,0.10147400000000002,0.24285600000000002,-0.090222,0.13078,0.391366,-0.07831000000000002,0.15511599999999998
2021-06-16 22:01:25,0.10278799999999999,0.24668,-0.0904,0.131806,0.395222,-0.078686,0.155854
2021-06-16 22:01:30,0.10392000000000001,0.251084,-0.090368,0.13338200000000003,0.39968799999999993,-0.078708,0.15789999999999998
2021-06-16 22:01:35,0.10528,0.254932,-0.09019200000000001,0.134166,0.40403600000000006,-0.07846800000000001,0.158226
2021-06-16 22:01:40,0.105714,0.25948399999999994,-0.090172,0.13445800000000002,0.40827800000000003,-0.078638,0.15836200000000003
2021-06-16 22:01:45,0.10676,0.262286,-0.09001,0.135356,0.41103199999999995,-0.078428,0.15919
2021-06-16 22:01:50,0.107294,0.26417599999999997,-0.09007000000000001,0.13556400000000002,0.41296,-0.07837000000000001,0.159252
2021-06-16 22:01:55,0.10786599999999999,0.266118,-0.089976,0.13584800000000002,0.415148,-0.0783,0.159326
2021-06-16 22:02:00,0.108304,0.269108,-0.089986,0.13666799999999998,0.41799200000000003,-0.078596,0.16024200000000002
2021-06-16 22:02:05,0.108768,0.27195400000000003,-0.08984600000000001,0.13718000000000002,0.421134,-0.07849,0.161238
2021-06-16 22:02:10,0.109832,0.274764,-0.08980800000000001,0.138244,0.424012,-0.078482,0.16198600000000002
2021-06-16 22:02:15,0.11050800000000001,0.27775,-0.08974800000000001,0.13870600000000002,0.426832,-0.078364,0.16223200000000002
2021-06-16 22:02:20,0.11125199999999999,0.28022,-0.08960599999999999,0.139288,0.429324,-0.078226,0.162348
2021-06-16 22:02:25,0.11138999999999999,0.28304,-0.08948400000000001,0.13946399999999998,0.431814,-0.07791999999999999,0.162634
2021-06-16 22:02:30,0.11217600000000001,0.286226,-0.089316,0.139778,0.43510799999999994,-0.07757,0.162434
2021-06-16 22:02:35,0.11264,0.289856,-0.08909199999999999,0.14026,0.43870000000000003,-0.077298,0.16314599999999999
2021-06-16 22:02:40,0.113988,0.293362,-0.08893799999999999,0.141472,0.44219400000000003,-0.077234,0.16412
2021-06-16 22:02:45,0.11464,0.295716,-0.088826,0.142058,0.44447200000000003,-0.077328,0.16462000000000002
2021-06-16 22:02:50,0.115088,0.29758,-0.088762,0.142454,0.44633599999999996,-0.07735600000000001,0.165024
2021-06-16 22:02:55,0.115156,0.29935799999999996,-0.088776,0.14289199999999996,0.4480160000000001,-0.07729199999999999,0.16577799999999998
2021-06-16 22:03:00,0.11566000000000001,0.30216000000000004,-0.088646,0.143062,0.45088599999999995,-0.0771,0.165724
2021-06-16 22:03:05,0.11611,0.305882,-0.088546,0.14398,0.454446,-0.077308,0.16702
2021-06-16 22:03:10,0.11776800000000001,0.30967,-0.088392,0.145458,0.458446,-0.077366,0.16812
2021-06-16 22:03:15,0.11802000000000001,0.313736,-0.088474,0.14608000000000002,0.462434,-0.07751999999999999,0.16914400000000002
2021-06-16 22:03:20,0.11832800000000002,0.317042,-0.088262,0.14613199999999998,0.46576399999999996,-0.077004,0.16885599999999998
2021-06-16 22:03:25,0.11952,0.31985600000000003,-0.088042,0.147156,0.46854199999999996,-0.076792,0.169606
2021-06-16 22:03:30,0.120678,0.322608,-0.088066,0.14796199999999998,0.47135999999999995,-0.07687400000000001,0.170194
2021-06-16 22:03:35,0.12178800000000001,0.32548200000000005,-0.087982,0.14891799999999997,0.474252,-0.076792,0.170818
2021-06-16 22:03:40,0.122754,0.328742,-0.08791000000000002,0.15001199999999998,0.47753199999999996,-0.07659,0.17180800000000002
2021-06-16 22:03:45,0.12362199999999998,0.332306,-0.087826,0.15073799999999998,0.48102,-0.076516,0.172524
2021-06-16 22:03:50,0.124694,0.335588,-0.087694,0.15136,0.484336,-0.076238,0.172856
2021-06-16 22:03:55,0.125264,0.3385,-0.087444,0.152026,0.48734199999999994,-0.076152,0.173712
2021-06-16 22:04:00,0.12641200000000002,0.341972,-0.087156,0.153222,0.490808,-0.07609199999999998,0.174782
2021-06-16 22:04:05,0.127542,0.345238,-0.086924,0.15448,0.49389399999999994,-0.075546,0.17595
2021-06-16 22:04:10,0.12814399999999998,0.349478,-0.086928,0.154754,0.49819399999999997,-0.075444,0.17615599999999998
2021-06-16 22:04:15,0.129316,0.35327200000000003,-0.08671,0.15609599999999998,0.50205,-0.07533199999999998,0.17745399999999997
2021-06-16 22:04:20,0.132156,0.355968,-0.086596,0.15789,0.5047619999999999,-0.075054,0.178406
2021-06-16 22:04:25,0.133944,0.358676,-0.086714,0.15908,0.5075879999999999,-0.074954,0.17912199999999998
2021-06-16 22:04:30,0.135486,0.36149000000000003,-0.08668400000000001,0.160074,0.510534,-0.075202,0.17972000000000002
2021-06-16 22:04:35,0.136758,0.36448200000000003,-0.086618,0.16126000000000001,0.513428,-0.075298,0.180886
2021-06-16 22:04:40,0.138814,0.366504,-0.086422,0.16302,0.5156639999999999,-0.07516199999999999,0.182226
2021-06-16 22:04:45,0.140324,0.369238,-0.08628,0.164328,0.518496,-0.07511999999999999,0.18323799999999998
2021-06-16 22:04:50,0.140496,0.371614,-0.08641200000000002,0.164422,0.520726,-0.074976,0.183434
2021-06-16 22:04:55,0.14051399999999997,0.373002,-0.08616599999999999,0.164886,0.521996,-0.074938,0.18417999999999998
2021-06-16 22:05:00,0.14189200000000002,0.375194,-0.08621,0.16564600000000002,0.524446,-0.074852,0.184462
2021-06-16 22:05:05,0.141924,0.378238,-0.086368,0.165742,0.527542,-0.07477199999999999,0.18468
2021-06-16 22:05:10,0.143106,0.382612,-0.086066,0.16673400000000002,0.5319419999999999,-0.07444,0.18566200000000002
2021-06-16 22:05:15,0.14460199999999998,0.38657400000000003,-0.08602,0.167976,0.535816,-0.074556,0.18645
2021-06-16 22:05:20,0.14564,0.38947600000000004,-0.086198,0.16889,0.5387139999999999,-0.07452600000000001,0.187338
2021-06-16 22:05:25,0.146062,0.391748,-0.086324,0.169202,0.54085,-0.074726,0.187752
2021-06-16 22:05:30,0.146438,0.39374000000000003,-0.086242,0.169638,0.542716,-0.074552,0.188234
2021-06-16 22:05:35,0.14840599999999998,0.396972,-0.08616800000000001,0.17080199999999998,0.5461,-0.07464200000000001,0.188486
2021-06-16 22:05:40,0.150318,0.399258,-0.085856,0.17204000000000003,0.54844,-0.07431000000000001,0.189062
2021-06-16 22:05:45,0.1518,0.40159800000000007,-0.0857,0.17267400000000002,0.55078,-0.073954,0.18909600000000001
2021-06-16 22:05:50,0.151776,0.40390800000000004,-0.085846,0.17283199999999999,0.553138,-0.074626,0.189214
2021-06-16 22:05:55,0.152006,0.407108,-0.08595599999999999,0.173526,0.5561959999999999,-0.07411999999999999,0.19024000000000002
2021-06-16 22:06:00,0.152784,0.41056600000000004,-0.085762,0.174588,0.559758,-0.07404,0.19121
2021-06-16 22:06:05,0.154908,0.414016,-0.08464400000000001,0.17660199999999998,0.56305,-0.072148,0.192664
2021-06-16 22:06:10,0.15628399999999998,0.418956,-0.08588,0.178166,0.568022,-0.074428,0.19489
2021-06-16 22:06:15,0.156804,0.42321400000000003,-0.08558,0.178838,0.5723079999999999,-0.074188,0.19614800000000002
2021-06-16 22:06:20,0.15770800000000001,0.427848,-0.085424,0.17962,0.57701,-0.074272,0.197026
2021-06-16 22:06:25,0.15806399999999998,0.430806,-0.08508800000000001,0.180348,0.5800180000000001,-0.07374800000000001,0.19792800000000002
2021-06-16 22:06:30,0.15893600000000002,0.43374199999999996,-0.08512600000000001,0.18073,0.58321,-0.073608,0.19801799999999997
2021-06-16 22:06:35,0.16072,0.4383120000000001,-0.084962,0.181968,0.587504,-0.073132,0.19845200000000002
2021-06-16 22:06:40,0.16095199999999998,0.44283400000000006,-0.084618,0.183178,0.591894,-0.07389399999999999,0.20088599999999998
2021-06-16 22:06:45,0.160518,0.44764600000000004,-0.084622,0.184574,0.5966720000000001,-0.07317,0.203994
2021-06-16 22:06:50,0.16111599999999998,0.45271799999999995,-0.08469999999999998,0.186076,0.601534,-0.07280199999999999,0.206282
2021-06-16 22:06:55,0.162018,0.45754599999999995,-0.084376,0.186744,0.6064700000000001,-0.07236200000000001,0.206718
2021-06-16 22:07:00,0.16372199999999998,0.46303400000000006,-0.08444,0.187946,0.6119319999999999,-0.072602,0.20722200000000002
2021-06-16 22:07:05,0.165792,0.46787600000000007,-0.08420400000000001,0.18883,0.6169439999999999,-0.071814,0.20679799999999998
2021-06-16 22:07:10,0.16765800000000003,0.472762,-0.084002,0.189606,0.621878,-0.07191,0.206764
2021-06-16 22:07:15,0.167454,0.47691800000000006,-0.083584,0.18954400000000002,0.6260479999999999,-0.070874,0.20660000000000003
2021-06-16 22:07:20,0.16822399999999998,0.48061,-0.08397400000000001,0.190594,0.6296259999999999,-0.071714,0.20750600000000002
2021-06-16 22:07:25,0.169072,0.482836,-0.08331599999999999,0.19147799999999998,0.6319380000000001,-0.070022,0.208642
2021-06-16 22:07:30,0.169038,0.484878,-0.0824,0.191948,0.63393,-0.06848000000000001,0.20968799999999996
2021-06-16 22:07:35,0.16896,0.48642,-0.08172399999999999,0.191426,0.635366,-0.06736199999999999,0.208678
2021-06-16 22:07:40,0.168516,0.48766999999999994,-0.08121199999999999,0.19117399999999998,0.636706,-0.06631000000000001,0.20847600000000002
2021-06-16 22:07:45,0.16854600000000003,0.489886,-0.081244,0.191094,0.63888,-0.066566,0.208316
2021-06-16 22:07:50,0.169822,0.49240399999999995,-0.081026,0.19259400000000002,0.64122,-0.066422,0.209984
2021-06-16 22:07:55,0.171604,0.49554200000000004,-0.080566,0.193598,0.644578,-0.066018,0.21050399999999997
2021-06-16 22:08:00,0.170956,0.49870600000000004,-0.080974,0.1939,0.6475,-0.06589799999999998,0.21138200000000001
2021-06-16 22:08:05,0.17131600000000002,0.5021800000000001,-0.080586,0.194294,0.6510959999999999,-0.065654,0.211878
2021-06-16 22:08:10,0.17312599999999997,0.5059739999999999,-0.08012999999999999,0.195078,0.655098,-0.06500600000000001,0.21176399999999998
2021-06-16 22:08:15,0.173922,0.5104799999999999,-0.07971400000000001,0.195986,0.659382,-0.064388,0.21264599999999997
2021-06-16 22:08:20,0.175888,0.515544,-0.079778,0.19728800000000002,0.664658,-0.064546,0.21333800000000003
2021-06-16 22:08:25,0.17703,0.522568,-0.079912,0.198644,0.6716,-0.06531,0.21465399999999998
2021-06-16 22:08:30,0.178564,0.528288,-0.07998,0.19956199999999996,0.677592,-0.065526,0.215002
2021-06-16 22:08:35,0.181484,0.533404,-0.080008,0.20160199999999998,0.68254,-0.06556,0.21623199999999998
2021-06-16 22:08:40,0.18385,0.53687,-0.07974400000000001,0.203478,0.686206,-0.06561999999999998,0.217558
2021-06-16 22:08:45,0.18553199999999997,0.539822,-0.079602,0.204856,0.6890339999999999,-0.065528,0.218678
2021-06-16 22:08:50,0.185554,0.54253,-0.07974600000000001,0.20544399999999996,0.6917359999999999,-0.065804,0.219718
2021-06-16 22:08:55,0.185792,0.54581,-0.07989800000000001,0.205996,0.6950860000000001,-0.06576599999999999,0.22057600000000002
2021-06-16 22:09:00,0.18578199999999997,0.5495479999999999,-0.079772,0.20657399999999998,0.698628,-0.065796,0.22175000000000003
2021-06-16 22:09:05,0.186586,0.552916,-0.07981999999999999,0.207674,0.7020040000000001,-0.06600199999999999,0.22294399999999998
2021-06-16 22:09:10,0.18714599999999998,0.555706,-0.07983,0.20861000000000002,0.704696,-0.06603800000000001,0.22422400000000003
2021-06-16 22:09:15,0.187948,0.5587719999999999,-0.07980800000000002,0.20936600000000002,0.7077880000000001,-0.06614600000000001,0.22496999999999998
2021-06-16 22:09:20,0.18846400000000002,0.562126,-0.079842,0.210652,0.711048,-0.066588,0.22673800000000002
2021-06-16 22:09:25,0.189332,0.566008,-0.079976,0.211512,0.715062,-0.06684799999999999,0.227922
2021-06-16 22:09:30,0.19042399999999998,0.570292,-0.08002200000000001,0.212688,0.719224,-0.066974,0.22912800000000005
2021-06-16 22:09:35,0.191,0.573916,-0.079934,0.213408,0.722954,-0.066864,0.22986199999999996
2021-06-16 22:09:40,0.191098,0.57709,-0.080006,0.213814,0.72607,-0.067082,0.230578
2021-06-16 22:09:45,0.191694,0.579186,-0.07999,0.214446,0.72822,-0.06710800000000001,0.23119800000000001
2021-06-16 22:09:50,0.19190400000000002,0.580862,-0.07997599999999999,0.21477200000000002,0.729632,-0.06720999999999999,0.23153
2021-06-16 22:09:55,0.192548,0.5817559999999999,-0.079912,0.215244,0.7306940000000001,-0.067218,0.23205400000000004
2021-06-16 22:10:00,0.192742,0.583884,-0.079974,0.21559999999999996,0.732918,-0.067296,0.232566
2021-06-16 22:10:05,0.19227799999999998,0.5870759999999999,-0.08007,0.215936,0.736018,-0.0675,0.233512
2021-06-16 22:10:10,0.19274,0.590498,-0.079872,0.21639599999999998,0.739702,-0.06742600000000001,0.234052
2021-06-16 22:10:15,0.19346,0.5940719999999999,-0.07976000000000001,0.217084,0.743574,-0.06756599999999999,0.23475799999999997
2021-06-16 22:10:20,0.194092,0.597954,-0.079654,0.21783800000000003,0.7470060000000001,-0.067422,0.23553799999999997
2021-06-16 22:10:25,0.19454,0.60098,-0.07952200000000001,0.218534,0.749794,-0.06727999999999999,0.23622
2021-06-16 22:10:30,0.194738,0.603742,-0.07941000000000001,0.219014,0.7525700000000001,-0.067188,0.23673599999999997
2021-06-16 22:10:35,0.19518,0.60622,-0.07926,0.21950599999999998,0.755188,-0.067206,0.23732999999999999
2021-06-16 22:10:40,0.19566399999999998,0.608728,-0.079224,0.22004600000000002,0.7577820000000001,-0.06714400000000001,0.23803000000000002
2021-06-16 22:10:45,0.196374,0.61153,-0.079292,0.220678,0.7603820000000001,-0.06720400000000001,0.238342
2021-06-16 22:10:50,0.196626,0.6138939999999999,-0.079276,0.220974,0.7627200000000001,-0.06714399999999998,0.23874599999999999
2021-06-16 22:10:55,0.19687000000000002,0.6161,-0.079242,0.221216,0.764984,-0.06713400000000001,0.239138
2021-06-16 22:11:00,0.196916,0.61832,-0.079352,0.221874,0.7671840000000001,-0.06727400000000001,0.240114
2021-06-16 22:11:05,0.19723200000000002,0.620852,-0.079312,0.222228,0.7698319999999998,-0.067236,0.24052800000000002
2021-06-16 22:11:10,0.197798,0.6230100000000001,-0.07930000000000001,0.223008,0.7718639999999999,-0.06725800000000001,0.241342
2021-06-16 22:11:15,0.198088,0.6245900000000001,-0.07920799999999999,0.22314799999999999,0.7735160000000001,-0.067334,0.241446
2021-06-16 22:11:20,0.198348,0.6255539999999999,-0.07922599999999999,0.223522,0.7744319999999999,-0.06744599999999999,0.24203999999999998
2021-06-16 22:11:25,0.198476,0.62616,-0.079212,0.223494,0.77494,-0.067594,0.241966
2021-06-16 22:11:30,0.19850600000000002,0.6262700000000001,-0.079206,0.223636,0.7750600000000001,-0.067632,0.24202200000000001
2021-06-16 22:11:35,0.198714,0.626958,-0.07907,0.22363399999999997,0.775786,-0.06738999999999999,0.24183400000000002
2021-06-16 22:11:40,0.19872199999999998,0.627778,-0.07906600000000001,0.223806,0.776594,-0.06738000000000001,0.24215
2021-06-16 22:11:45,0.19895,0.628984,-0.079046,0.22423,0.777852,-0.067426,0.24285800000000002
2021-06-16 22:11:50,0.19928800000000002,0.630714,-0.078848,0.224578,0.779598,-0.06732800000000001,0.243222
2021-06-16 22:11:55,0.19908199999999998,0.631268,-0.078998,0.224168,0.780108,-0.067496,0.242708
2021-06-16 22:12:00,0.19930399999999998,0.631848,-0.07897400000000002,0.22437800000000002,0.780706,-0.06743600000000001,0.24300800000000003
2021-06-16 22:12:05,0.19908599999999999,0.6314339999999999,-0.07907,0.22379,0.780414,-0.06738,0.24214799999999997
2021-06-16 22:12:10,0.199544,0.631948,-0.07896,0.22433,0.7807919999999999,-0.067488,0.24289000000000005
2021-06-16 22:12:15,0.20007800000000003,0.634346,-0.078756,0.22465799999999997,0.783402,-0.066982,0.24297
2021-06-16 22:12:20,0.200128,0.6396580000000001,-0.07863400000000001,0.22520199999999999,0.7886960000000001,-0.06710400000000001,0.24385000000000004
2021-06-16 22:12:25,0.200264,0.641834,-0.07853000000000002,0.22600800000000004,0.790874,-0.067008,0.245004
2021-06-16 22:12:30,0.20027,0.642048,-0.078756,0.226192,0.791326,-0.066838,0.24491000000000002
2021-06-16 22:12:35,0.20009000000000002,0.6416959999999999,-0.079096,0.226024,0.7908839999999999,-0.067582,0.244984
2021-06-16 22:12:40,0.199876,0.641894,-0.079,0.22504400000000002,0.7909240000000001,-0.068394,0.243928
2021-06-16 22:12:45,0.199626,0.6412180000000001,-0.07911399999999999,0.22572399999999998,0.7898,-0.069148,0.24599000000000001
2021-06-16 22:12:50,0.199984,0.641212,-0.078896,0.22477999999999998,0.7897719999999999,-0.069248,0.24438200000000002
2021-06-16 22:12:55,0.200252,0.640134,-0.07842600000000001,0.22503200000000004,0.7884500000000001,-0.06850399999999998,0.24501
2021-06-16 22:13:00,0.200802,0.640852,-0.078712,0.22493400000000002,0.789548,-0.068984,0.24427400000000002
2021-06-16 22:13:05,0.20089600000000002,0.643266,-0.077654,0.224234,0.79192,-0.06660999999999999,0.24270399999999998
2021-06-16 22:13:10,0.20215,0.648064,-0.07724199999999999,0.22425799999999999,0.797184,-0.065136,0.24089200000000002
2021-06-16 22:13:15,0.202748,0.6524880000000001,-0.07697,0.224526,0.8018259999999999,-0.064088,0.240188
2021-06-16 22:13:20,0.203808,0.6563779999999999,-0.077172,0.22581400000000001,0.8055960000000001,-0.064342,0.241628
2021-06-16 22:13:25,0.20526999999999998,0.6615800000000001,-0.07685,0.22719399999999998,0.810806,-0.06467400000000001,0.242674
2021-06-16 22:13:30,0.206142,0.6657879999999999,-0.076934,0.228958,0.8148799999999999,-0.064746,0.24498999999999999
2021-06-16 22:13:35,0.20778599999999997,0.6712319999999999,-0.076436,0.22880200000000003,0.820394,-0.063526,0.24320400000000003
2021-06-16 22:13:40,0.208366,0.67763,-0.076326,0.230464,0.827212,-0.06431400000000001,0.24574
2021-06-16 22:13:45,0.21163600000000002,0.6850259999999999,-0.07635600000000001,0.23271999999999998,0.8348760000000001,-0.06377799999999999,0.246944
2021-06-16 22:13:50,0.213366,0.6934119999999999,-0.076336,0.23515800000000003,0.842676,-0.06416400000000001,0.24962
2021-06-16 22:13:55,0.21577200000000002,0.7011559999999999,-0.076148,0.23669200000000004,0.8506540000000001,-0.063878,0.250596
2021-06-16 22:14:00,0.216964,0.7078,-0.07603,0.23808599999999996,0.856766,-0.063996,0.25207199999999996
2021-06-16 22:14:05,0.21796600000000002,0.7117220000000001,-0.07583999999999999,0.238562,0.861006,-0.06353800000000001,0.252014
2021-06-16 22:14:10,0.21739800000000004,0.716046,-0.07599,0.23982,0.865176,-0.06382999999999998,0.255216
2021-06-16 22:14:15,0.21829,0.721692,-0.075956,0.24123400000000003,0.870668,-0.064106,0.25697000000000003
2021-06-16 22:14:20,0.21871000000000002,0.7266760000000001,-0.075956,0.24227999999999997,0.8757780000000001,-0.063968,0.258688
2021-06-16 22:14:25,0.220248,0.731634,-0.075574,0.24264000000000002,0.88066,-0.06379399999999999,0.25817999999999997
2021-06-16 22:14:30,0.221658,0.73704,-0.075334,0.24413,0.8861380000000001,-0.06393,0.25958400000000004
2021-06-16 22:14:35,0.22271999999999997,0.743746,-0.075362,0.24516200000000002,0.8927419999999999,-0.063918,0.26053
2021-06-16 22:14:40,0.22382400000000002,0.7512939999999999,-0.07512,0.24616,0.9003920000000001,-0.063806,0.261384
2021-06-16 22:14:45,0.225156,0.759016,-0.074902,0.247464,0.908066,-0.06367400000000001,0.262622
2021-06-16 22:14:50,0.227304,0.7663679999999999,-0.07477,0.24898199999999998,0.915766,-0.063614,0.26372399999999996
2021-06-16 22:14:55,0.229326,0.7730119999999999,-0.07468799999999999,0.250698,0.9225260000000001,-0.063468,0.265154
2021-06-16 22:15:00,0.231494,0.779734,-0.07461,0.2522380000000001,0.928844,-0.06354199999999999,0.26616
2021-06-16 22:15:05,0.232456,0.7851600000000001,-0.074408,0.253112,0.934444,-0.063168,0.267042
2021-06-16 22:15:10,0.23299599999999998,0.789816,-0.074264,0.253856,0.9389860000000001,-0.063244,0.26775800000000005
2021-06-16 22:15:15,0.23378200000000002,0.793676,-0.07419,0.25440199999999996,0.942836,-0.06314,0.268316
2021-06-16 22:15:20,0.234762,0.796594,-0.07419,0.254932,0.94589,-0.06298599999999999,0.26845800000000003
2021-06-16 22:15:25,0.235424,0.799568,-0.07402600000000001,0.25565,0.9488859999999999,-0.062948,0.26913200000000004
2021-06-16 22:15:30,0.23616,0.8027560000000001,-0.073848,0.25612999999999997,0.9522919999999999,-0.06271199999999999,0.269658
2021-06-16 22:15:35,0.23647999999999997,0.8073979999999998,-0.073904,0.256728,0.95669,-0.062584,0.27024600000000004
2021-06-16 22:15:40,0.23661,0.8117820000000002,-0.073772,0.25710999999999995,0.9613099999999999,-0.06253600000000001,0.270688
2021-06-16 22:15:45,0.23704,0.816484,-0.07383200000000001,0.25739799999999996,0.9655099999999999,-0.06222,0.271238
2021-06-16 22:15:50,0.237874,0.820532,-0.07347600000000001,0.25818399999999997,0.9697379999999999,-0.06216200000000001,0.27196600000000004
2021-06-16 22:15:55,0.23855200000000001,0.824062,-0.07324800000000001,0.25902000000000003,0.973174,-0.062138000000000006,0.27308999999999994
2021-06-16 22:16:00,0.23922399999999996,0.827148,-0.07278599999999999,0.259954,0.9763999999999999,-0.062197999999999996,0.274184
2021-06-16 22:16:05,0.23975200000000002,0.82919,-0.07243799999999999,0.26075400000000004,0.9784219999999999,-0.062315999999999996,0.27508
2021-06-16 22:16:10,0.23991400000000002,0.8310979999999999,-0.07203,0.260872,0.980228,-0.06199600000000001,0.275036
2021-06-16 22:16:15,0.240124,0.8324,-0.071812,0.261054,0.981628,-0.062034,0.275218
2021-06-16 22:16:20,0.240328,0.833448,-0.071588,0.261176,0.98271,-0.061804000000000005,0.275246
2021-06-16 22:16:25,0.240682,0.8344819999999998,-0.071482,0.261914,0.98371,-0.06180599999999999,0.27605599999999997
2021-06-16 22:16:30,0.240836,0.8357519999999999,-0.071276,0.26181,0.9850159999999999,-0.06183599999999999,0.275918
2021-06-16 22:16:35,0.241074,0.837194,-0.07103600000000002,0.26227,0.9864240000000001,-0.061675999999999995,0.276546
2021-06-16 22:16:40,0.24149400000000001,0.838974,-0.070942,0.26263,0.98826,-0.061644,0.276894
2021-06-16 22:16:45,0.24191599999999996,0.840444,-0.07065199999999999,0.26331999999999994,0.989728,-0.061486,0.27762
2021-06-16 22:16:50,0.24226,0.84175,-0.070484,0.263604,0.991106,-0.061422,0.277872
2021-06-16 22:16:55,0.242502,0.8424720000000001,-0.07045599999999999,0.264218,0.991774,-0.061434,0.278772
2021-06-16 22:17:00,0.24267,0.843172,-0.07035,0.264466,0.992494,-0.061495999999999995,0.279064
2021-06-16 22:17:05,0.242582,0.8432879999999999,-0.07035,0.264382,0.992602,-0.061396000000000006,0.278912
2021-06-16 22:17:10,0.24259399999999998,0.843254,-0.07034399999999999,0.26458799999999993,0.992532,-0.061394000000000004,0.279192
2021-06-16 22:17:15,0.2426,0.843398,-0.07025200000000001,0.26433399999999996,0.9927240000000002,-0.06115,0.27882
2021-06-16 22:17:20,0.24270199999999997,0.8435159999999999,-0.070146,0.26481800000000005,0.9928699999999999,-0.061154,0.27969600000000006
2021-06-16 22:17:25,0.24277600000000002,0.843994,-0.070114,0.264966,0.9932739999999999,-0.061074,0.279826
2021-06-16 22:17:30,0.24291800000000002,0.844632,-0.07021000000000001,0.265306,0.993894,-0.061236,0.28049999999999997
2021-06-16 22:17:35,0.24341,0.846372,-0.06983400000000001,0.266046,0.99566,-0.061031999999999996,0.281316
2021-06-16 22:17:40,0.24394400000000002,0.84785,-0.06973,0.266848,0.996978,-0.06111,0.282242
2021-06-16 22:17:45,0.24453,0.8495520000000001,-0.06952,0.267714,0.9987960000000001,-0.061128,0.283364
2021-06-16 22:17:50,0.244896,0.8510620000000001,-0.069438,0.268166,1.0003119999999999,-0.06106399999999999,0.28388599999999997
2021-06-16 22:17:55,0.244996,0.8513999999999999,-0.069442,0.268294,1.00069,-0.061078,0.284036
2021-06-16 22:18:00,0.245174,0.851812,-0.06934,0.26846000000000003,1.000984,-0.060966,0.28435
2021-06-16 22:18:05,0.24521,0.8521620000000001,-0.06938399999999999,0.268666,1.00137,-0.061183999999999995,0.284478
2021-06-16 22:18:10,0.245104,0.8520299999999998,-0.069366,0.26876,1.001254,-0.06127400000000001,0.284806
2021-06-16 22:18:15,0.24517000000000003,0.8518060000000001,-0.06930800000000001,0.26844199999999996,1.001026,-0.061031999999999996,0.28399599999999997
2021-06-16 22:18:20,0.245526,0.852768,-0.069158,0.26852200000000004,1.002002,-0.060899999999999996,0.28379
2021-06-16 22:18:25,0.245526,0.852656,-0.06905399999999999,0.26816,1.00198,-0.06067,0.283254
2021-06-16 22:18:30,0.24575399999999997,0.8534039999999999,-0.06894800000000001,0.268668,1.00275,-0.060576,0.28389600000000004
2021-06-16 22:18:35,0.24616600000000002,0.8552700000000002,-0.06858,0.26886,1.0046139999999997,-0.060266,0.284028
2021-06-16 22:18:40,0.24656599999999998,0.857714,-0.06828599999999999,0.26960799999999996,1.0070000000000001,-0.060094,0.28505199999999997
2021-06-16 22:18:45,0.24691000000000002,0.8600479999999999,-0.067892,0.269882,1.009308,-0.05992200000000001,0.285426
2021-06-16 22:18:50,0.247722,0.862472,-0.067658,0.27068400000000004,1.0117740000000002,-0.059809999999999995,0.28605800000000003
2021-06-16 22:18:55,0.24876800000000002,0.8616059999999999,-0.06836600000000001,0.27142,1.0110160000000001,-0.060016,0.28664199999999995
2021-06-16 22:19:00,0.24854199999999999,0.8616520000000001,-0.06603200000000001,0.271738,1.010912,-0.059702,0.287236
2021-06-16 22:19:05,0.24752000000000002,0.8665860000000001,-0.066528,0.270506,1.01583,-0.059626,0.28600600000000004
2021-06-16 22:19:10,0.247878,0.8744639999999999,-0.067188,0.271262,1.0238360000000002,-0.059539999999999996,0.286986
2021-06-16 22:19:15,0.250948,0.8785359999999999,-0.06309000000000001,0.27439399999999997,1.0280420000000001,-0.05920000000000001,0.290188
2021-06-16 22:19:20,0.253104,0.8853139999999999,-0.061006000000000005,0.27616999999999997,1.035148,-0.058596,0.29037199999999996
2021-06-16 22:19:25,0.24730400000000002,0.8948879999999999,-0.072766,0.271446,1.0435880000000002,-0.060436000000000004,0.288894
2021-06-16 22:19:30,0.24825400000000003,0.903584,-0.068896,0.272256,1.052858,-0.059228,0.290278
2021-06-16 22:19:35,0.250878,0.911012,-0.067258,0.27571199999999996,1.060132,-0.059309999999999995,0.293172
2021-06-16 22:19:40,0.253744,0.9165899999999999,-0.061742,0.278624,1.066634,-0.059921999999999996,0.295288
2021-06-16 22:19:45,0.256038,0.9218219999999999,-0.069164,0.280782,1.070934,-0.059399999999999994,0.29525999999999997
2021-06-16 22:19:50,0.253496,0.9300320000000001,-0.06855399999999999,0.27779,1.0788259999999998,-0.05822999999999999,0.29558999999999996
2021-06-16 22:19:55,0.252624,0.9379379999999999,-0.06961,0.27786999999999995,1.086684,-0.059065999999999994,0.29630399999999996
2021-06-16 22:20:00,0.25329,0.9459500000000001,-0.069776,0.27908,1.09471,-0.059162000000000006,0.29754
2021-06-16 22:20:05,0.25346,0.9533800000000001,-0.06973599999999999,0.279906,1.1023020000000001,-0.059136,0.298818
2021-06-16 22:20:10,0.25507,0.9610799999999999,-0.069494,0.28131,1.109524,-0.058962,0.300372
2021-06-16 22:20:15,0.257206,0.968278,-0.06906799999999999,0.28290800000000005,1.1172220000000002,-0.058977999999999996,0.30170399999999997
2021-06-16 22:20:20,0.25811799999999996,0.9754780000000001,-0.068908,0.283868,1.12436,-0.05904,0.30263
2021-06-16 22:20:25,0.25873999999999997,0.98247,-0.068622,0.284368,1.131816,-0.05839599999999999,0.30313
2021-06-16 22:20:30,0.258886,0.9886820000000001,-0.068594,0.285072,1.137368,-0.058418000000000005,0.304202
2021-06-16 22:20:35,0.25954,0.9930480000000002,-0.06861,0.28581399999999996,1.141738,-0.05838800000000001,0.304992
2021-06-16 22:20:40,0.25951399999999997,0.997172,-0.068838,0.2869,1.145768,-0.05892000000000001,0.307042
2021-06-16 22:20:45,0.25969800000000004,1.00014,-0.068786,0.28770799999999996,1.148516,-0.05886,0.308346
2021-06-16 22:20:50,0.259744,1.000778,-0.068804,0.287798,1.149298,-0.058792,0.308496
2021-06-16 22:20:55,0.25936800000000004,1.0003920000000002,-0.06885,0.287584,1.1488420000000001,-0.058806000000000004,0.308356
2021-06-16 22:21:00,0.25956199999999996,1.00043,-0.068836,0.28741399999999995,1.148922,-0.058764,0.307778
2021-06-16 22:21:05,0.25958200000000003,0.9994019999999999,-0.068824,0.28712799999999994,1.147934,-0.058618,0.307092
2021-06-16 22:21:10,0.259992,1.0003800000000003,-0.06872,0.286884,1.148996,-0.058373999999999995,0.306298
2021-06-16 22:21:15,0.260422,1.0025619999999997,-0.068748,0.28684,1.1511559999999998,-0.058376,0.305944
2021-06-16 22:21:20,0.26082599999999995,1.0054199999999998,-0.06869600000000001,0.28745800000000005,1.153962,-0.05858,0.306478
2021-06-16 22:21:25,0.261156,1.008664,-0.06867799999999999,0.288032,1.15726,-0.058762,0.307296
2021-06-16 22:21:30,0.261662,1.012006,-0.068574,0.288668,1.16054,-0.058733999999999995,0.30794599999999994
2021-06-16 22:21:35,0.26242,1.0157180000000001,-0.06844599999999999,0.28938600000000003,1.1643219999999999,-0.058758,0.308676
2021-06-16 22:21:40,0.262442,1.0186060000000001,-0.06843400000000001,0.28972800000000004,1.167252,-0.058795999999999994,0.309398
2021-06-16 22:21:45,0.262464,1.020768,-0.06844999999999998,0.29020799999999997,1.1691500000000001,-0.058868,0.31039000000000005
2021-06-16 22:21:50,0.26339999999999997,1.0234359999999998,-0.068454,0.29025,1.17211,-0.05897600000000001,0.309708
2021-06-16 22:21:55,0.263972,1.0252960000000002,-0.06843199999999999,0.290494,1.1740479999999998,-0.058854,0.309804
2021-06-16 22:22:00,0.26463200000000003,1.028144,-0.068366,0.29126199999999997,1.176792,-0.058972000000000004,0.310326
2021-06-16 22:22:05,0.265144,1.0295480000000001,-0.068438,0.291518,1.1782299999999999,-0.059022000000000005,0.31042600000000004
2021-06-16 22:22:10,0.26523199999999997,1.030114,-0.06844199999999999,0.291644,1.1787800000000002,-0.059082,0.31062399999999996
2021-06-16 22:22:15,0.26542,1.030316,-0.068426,0.29182800000000003,1.179016,-0.059024,0.31089599999999995
2021-06-16 22:22:20,0.26548,1.03156,-0.06845,0.292136,1.180228,-0.05917599999999999,0.31155
2021-06-16 22:22:25,0.265716,1.03296,-0.068302,0.29225599999999996,1.1816680000000002,-0.058834,0.311572
2021-06-16 22:22:30,0.26619,1.0354480000000001,-0.068282,0.29312000000000005,1.184184,-0.058946,0.31264400000000003
2021-06-16 22:22:35,0.26664200000000005,1.037874,-0.068258,0.29362999999999995,1.186588,-0.05885,0.31327800000000006
2021-06-16 22:22:40,0.267258,1.040614,-0.06816,0.29443600000000003,1.18928,-0.058804,0.314056
2021-06-16 22:22:45,0.26777,1.0424499999999999,-0.06811000000000002,0.29506200000000005,1.190998,-0.058768,0.31492400000000004
2021-06-16 22:22:50,0.26769600000000005,1.0425119999999999,-0.068134,0.294854,1.1910340000000001,-0.059002,0.314484
2021-06-16 22:22:55,0.26778,1.0425419999999999,-0.06821599999999998,0.294968,1.191036,-0.059062,0.314682
2021-06-16 22:23:00,0.267762,1.0424859999999998,-0.06826800000000002,0.2949,1.1910159999999999,-0.059140000000000005,0.314604
2021-06-16 22:23:05,0.267738,1.042446,-0.06823399999999999,0.29495400000000005,1.1910239999999999,-0.059072,0.314734
2021-06-16 22:23:10,0.267654,1.0425360000000001,-0.06821199999999998,0.29496200000000006,1.19108,-0.058994000000000005,0.31472
2021-06-16 22:23:15,0.267706,1.042494,-0.06832,0.294824,1.1910479999999999,-0.059154,0.31459800000000004
2021-06-16 22:23:20,0.267664,1.0424440000000001,-0.068336,0.294776,1.1909300000000003,-0.059172,0.31449200000000005
2021-06-16 22:23:25,0.26761399999999996,1.042514,-0.06834599999999999,0.294644,1.1910859999999999,-0.05906399999999999,0.31430400000000003
2021-06-16 22:23:30,0.267692,1.0423339999999999,-0.068306,0.294844,1.190878,-0.05915,0.314636
2021-06-16 22:23:35,0.267528,1.042602,-0.068248,0.294586,1.191146,-0.059094,0.314364
2021-06-16 22:23:40,0.26766600000000007,1.042136,-0.06833,0.29497399999999996,1.1907260000000002,-0.059272000000000005,0.31474599999999997
2021-06-16 22:23:45,0.267546,1.042194,-0.068342,0.294612,1.1908280000000002,-0.059073999999999995,0.31430400000000003
2021-06-16 22:23:50,0.267752,1.042306,-0.068352,0.294774,1.190854,-0.059024,0.31446399999999997
2021-06-16 22:23:55,0.267922,1.0421,-0.06836199999999999,0.29447999999999996,1.190674,-0.058899999999999994,0.31386400000000003
2021-06-16 22:24:00,0.267966,1.041974,-0.068366,0.294766,1.190526,-0.059042000000000004,0.31430400000000003
2021-06-16 22:24:05,0.26755200000000007,1.041108,-0.068388,0.29412199999999994,1.1896479999999998,-0.058940000000000006,0.313534
2021-06-16 22:24:10,0.266072,1.038444,-0.06848599999999999,0.294184,1.186704,-0.058962,0.31498600000000004
2021-06-16 22:24:15,0.265032,1.035138,-0.06872799999999998,0.29356,1.183274,-0.05931200000000001,0.314874
2021-06-16 22:24:20,0.26406999999999997,1.031136,-0.068786,0.292272,1.1794920000000002,-0.059539999999999996,0.31323799999999996
2021-06-16 22:24:25,0.26276599999999994,1.026508,-0.06886199999999999,0.291168,1.174764,-0.059250000000000004,0.31231
2021-06-16 22:24:30,0.26198599999999994,1.0214659999999998,-0.069002,0.290292,1.169822,-0.059556,0.31131
2021-06-16 22:24:35,0.26077000000000006,1.016208,-0.06916,0.289374,1.164298,-0.059618000000000004,0.31065
2021-06-16 22:24:40,0.259862,1.010346,-0.069116,0.28762799999999994,1.15861,-0.059576000000000004,0.308108
2021-06-16 22:24:45,0.258026,1.003568,-0.06949399999999999,0.28656000000000004,1.1518460000000001,-0.059834,0.30747199999999997
2021-06-16 22:24:50,0.257672,0.9973179999999999,-0.069472,0.28522600000000004,1.1455480000000002,-0.059868,0.305264
2021-06-16 22:24:55,0.255966,0.99071,-0.06960200000000001,0.284284,1.13884,-0.060084000000000005,0.304928
2021-06-16 22:25:00,0.25464000000000003,0.9845900000000001,-0.06960000000000001,0.28300400000000003,1.132794,-0.06033200000000001,0.30343
2021-06-16 22:25:05,0.252508,0.9783519999999999,-0.069904,0.281624,1.126522,-0.060372,0.303084
2021-06-16 22:25:10,0.251172,0.972056,-0.07009000000000001,0.28005599999999997,1.120258,-0.060522,0.30130999999999997
2021-06-16 22:25:15,0.24941,0.96587,-0.07014799999999999,0.278842,1.1142220000000003,-0.06061999999999999,0.30060000000000003
2021-06-16 22:25:20,0.24803999999999998,0.9600099999999999,-0.070412,0.277616,1.107918,-0.060899999999999996,0.299138
2021-06-16 22:25:25,0.246468,0.953308,-0.07055199999999999,0.27649,1.101436,-0.060832,0.298492
2021-06-16 22:25:30,0.245496,0.947228,-0.070654,0.275566,1.095188,-0.06089599999999999,0.29759599999999997
2021-06-16 22:25:35,0.24488,0.940686,-0.070852,0.2745699999999999,1.088656,-0.06117,0.296234
2021-06-16 22:25:40,0.24443200000000004,0.9342180000000001,-0.070828,0.273584,1.0825019999999999,-0.06107800000000001,0.29476800000000003
2021-06-16 22:25:45,0.243892,0.927138,-0.070824,0.27256800000000003,1.07509,-0.060932,0.29313199999999995
2021-06-16 22:25:50,0.2427,0.919602,-0.07116,0.271132,1.067844,-0.06119399999999999,0.291688
2021-06-16 22:25:55,0.24095400000000003,0.9122299999999999,-0.070744,0.26945199999999997,1.060374,-0.061538,0.28975800000000007
2021-06-16 22:26:00,0.23962599999999998,0.9055479999999999,-0.07067799999999999,0.26778599999999997,1.053852,-0.061602000000000004,0.288086
2021-06-16 22:26:05,0.238662,0.8989180000000001,-0.07103600000000002,0.26624000000000003,1.047204,-0.061526000000000004,0.28593599999999997
2021-06-16 22:26:10,0.23809,0.8920939999999999,-0.071268,0.264894,1.040534,-0.061644,0.283702
2021-06-16 22:26:15,0.23631600000000003,0.8852140000000001,-0.071116,0.262828,1.033626,-0.061419999999999995,0.28153
2021-06-16 22:26:20,0.23464200000000002,0.878118,-0.071404,0.261528,1.026848,-0.061648,0.280436
2021-06-16 22:26:25,0.233926,0.8709679999999999,-0.071668,0.26023799999999997,1.01957,-0.061753999999999996,0.27854199999999996
2021-06-16 22:26:30,0.23234400000000002,0.8635300000000001,-0.071904,0.258644,1.011984,-0.061778,0.276794
2021-06-16 22:26:35,0.23050600000000002,0.8567359999999999,-0.072254,0.25685600000000003,1.0050819999999998,-0.06192000000000001,0.27523200000000003
2021-06-16 22:26:40,0.22905999999999999,0.85052,-0.072062,0.25521,0.999028,-0.062051999999999996,0.27327599999999996
2021-06-16 22:26:45,0.227698,0.8452040000000001,-0.072042,0.254142,0.99382,-0.062336,0.27222599999999997
2021-06-16 22:26:50,0.227354,0.8399319999999999,-0.071792,0.25325600000000004,0.988592,-0.062060000000000004,0.270844
2021-06-16 22:26:55,0.22651400000000002,0.8348039999999999,-0.071884,0.252272,0.9832639999999999,-0.062238,0.26946400000000004
2021-06-16 22:27:00,0.22654999999999997,0.8282579999999999,-0.07264600000000002,0.251414,0.976562,-0.061919999999999996,0.2679
2021-06-16 22:27:05,0.225216,0.8213060000000001,-0.073128,0.24998599999999999,0.9701599999999999,-0.06229,0.26644799999999996
2021-06-16 22:27:10,0.22446200000000002,0.8140740000000001,-0.073398,0.24869000000000002,0.962674,-0.061846,0.26470200000000005
2021-06-16 22:27:15,0.223752,0.8068379999999999,-0.07375799999999999,0.24798,0.955484,-0.062582,0.263874
2021-06-16 22:27:20,0.22363400000000003,0.80005,-0.073474,0.24688,0.948774,-0.061984,0.261808
2021-06-16 22:27:25,0.222088,0.793976,-0.073628,0.245856,0.942666,-0.062618,0.26088399999999995
2021-06-16 22:27:30,0.22058,0.7872999999999999,-0.07365,0.243956,0.9361080000000002,-0.0624,0.259054
2021-06-16 22:27:35,0.219582,0.780614,-0.073798,0.24253,0.929316,-0.062866,0.25721999999999995
2021-06-16 22:27:40,0.219306,0.772992,-0.074056,0.24175200000000002,0.922082,-0.062444,0.256206
2021-06-16 22:27:45,0.21884399999999998,0.76537,-0.074462,0.240922,0.914462,-0.06331600000000001,0.25452600000000003
2021-06-16 22:27:50,0.21816,0.7579899999999999,-0.07431600000000001,0.24016600000000002,0.906748,-0.063164,0.253274
2021-06-16 22:27:55,0.21702400000000002,0.750116,-0.074684,0.23856799999999997,0.8989240000000001,-0.063406,0.2517
2021-06-16 22:28:00,0.214756,0.743132,-0.07516399999999998,0.23686600000000002,0.89204,-0.06378999999999999,0.25072
2021-06-16 22:28:05,0.21402800000000002,0.7358,-0.075186,0.23521,0.8847799999999999,-0.063864,0.248156
2021-06-16 22:28:10,0.214236,0.7284979999999999,-0.07582600000000002,0.234958,0.877722,-0.06411800000000001,0.24730800000000003
2021-06-16 22:28:15,0.21417000000000003,0.721534,-0.07574,0.23430999999999996,0.870238,-0.064418,0.245994
2021-06-16 22:28:20,0.214748,0.714448,-0.07564199999999999,0.23384200000000002,0.86331,-0.06504399999999999,0.24443600000000001
2021-06-16 22:28:25,0.21587800000000001,0.706954,-0.07611,0.23415,0.8557880000000001,-0.065242,0.24371800000000002
2021-06-16 22:28:30,0.216004,0.699562,-0.07609799999999999,0.23325,0.8485199999999999,-0.065428,0.24180799999999997
2021-06-16 22:28:35,0.215022,0.691464,-0.076146,0.23208,0.8405660000000001,-0.065748,0.240484
2021-06-16 22:28:40,0.213918,0.682652,-0.076512,0.23141799999999998,0.8316560000000001,-0.06582,0.240422
2021-06-16 22:28:45,0.21368399999999999,0.67434,-0.07661599999999999,0.231146,0.823738,-0.06547,0.240014
2021-06-16 22:28:50,0.212434,0.666252,-0.076922,0.2312,0.81525,-0.06564400000000001,0.24120399999999997
2021-06-16 22:28:55,0.212744,0.6578039999999999,-0.07735399999999999,0.230512,0.8070720000000001,-0.065912,0.23939000000000005
2021-06-16 22:29:00,0.209932,0.650378,-0.07761199999999999,0.229072,0.79935,-0.066352,0.23919
2021-06-16 22:29:05,0.20589,0.6437959999999999,-0.078186,0.226366,0.7926759999999999,-0.066806,0.238258
2021-06-16 22:29:10,0.20333,0.6380779999999999,-0.07800599999999999,0.224706,0.786896,-0.06691,0.23742199999999997
2021-06-16 22:29:15,0.20179,0.632824,-0.078294,0.22397400000000003,0.781396,-0.06701399999999999,0.236956
2021-06-16 22:29:20,0.20073400000000002,0.627758,-0.078572,0.222816,0.7757219999999999,-0.067146,0.235454
2021-06-16 22:29:25,0.199922,0.62199,-0.07872,0.22146,0.7692080000000001,-0.067306,0.233732
2021-06-16 22:29:30,0.20030399999999998,0.614288,-0.079118,0.22122799999999998,0.762402,-0.067736,0.23293
2021-06-16 22:29:35,0.20052799999999998,0.605708,-0.079074,0.22004,0.754664,-0.06809599999999999,0.23085399999999998
2021-06-16 22:29:40,0.199646,0.597454,-0.07943,0.21898800000000002,0.7465740000000001,-0.068478,0.22974
2021-06-16 22:29:45,0.201046,0.589024,-0.07974600000000001,0.21911,0.7381220000000001,-0.068786,0.228436
2021-06-16 22:29:50,0.20119199999999998,0.580794,-0.080022,0.219422,0.730046,-0.068964,0.22855600000000004
2021-06-16 22:29:55,0.199728,0.573664,-0.08059600000000001,0.218374,0.72264,-0.06937800000000001,0.22814399999999999
2021-06-16 22:30:00,0.198404,0.5672140000000001,-0.08072399999999999,0.217408,0.7161360000000001,-0.069544,0.22731399999999996
2021-06-16 22:30:05,0.198394,0.56106,-0.080484,0.217244,0.710276,-0.06953200000000001,0.22692199999999998
2021-06-16 22:30:10,0.19809200000000002,0.5559560000000001,-0.08088599999999999,0.217296,0.7049559999999999,-0.069744,0.227196
2021-06-16 22:30:15,0.196884,0.5510339999999999,-0.081116,0.21667399999999998,0.7000580000000001,-0.069936,0.22737
2021-06-16 22:30:20,0.19492,0.54647,-0.081118,0.215544,0.6954,-0.070294,0.226964
2021-06-16 22:30:25,0.193318,0.541594,-0.081526,0.21458400000000002,0.690692,-0.070514,0.22658
2021-06-16 22:30:30,0.19167399999999998,0.53624,-0.081646,0.213644,0.685026,-0.07026800000000001,0.22638000000000003
2021-06-16 22:30:35,0.189902,0.529974,-0.08147,0.21223200000000003,0.6784899999999999,-0.069802,0.22563000000000005
2021-06-16 22:30:40,0.18957799999999997,0.522842,-0.081824,0.212338,0.671432,-0.07005399999999999,0.22586
2021-06-16 22:30:45,0.19018600000000002,0.5144719999999999,-0.081992,0.212248,0.663138,-0.06966,0.224974
2021-06-16 22:30:50,0.189232,0.506328,-0.082772,0.21204800000000001,0.654892,-0.07102,0.225352
2021-06-16 22:30:55,0.18734800000000001,0.49739199999999995,-0.08303,0.211096,0.646146,-0.071986,0.225514
2021-06-16 22:31:00,0.18563199999999996,0.489958,-0.08340800000000001,0.210156,0.6386059999999999,-0.07268,0.225442
2021-06-16 22:31:05,0.18276799999999999,0.483944,-0.08375199999999998,0.20902199999999999,0.632358,-0.07341400000000001,0.225584
2021-06-16 22:31:10,0.179344,0.4777659999999999,-0.08401,0.20728,0.62598,-0.073776,0.22528800000000002
2021-06-16 22:31:15,0.17719200000000002,0.472282,-0.084086,0.20551400000000003,0.6204780000000001,-0.073934,0.22398800000000002
2021-06-16 22:31:20,0.175516,0.46630399999999994,-0.084294,0.204014,0.6143940000000001,-0.074,0.22261599999999998
2021-06-16 22:31:25,0.175178,0.46085400000000004,-0.084596,0.20355799999999996,0.6090199999999999,-0.07426,0.221976
2021-06-16 22:31:30,0.17510799999999999,0.45564799999999994,-0.08464600000000001,0.20268000000000003,0.6039640000000001,-0.07437200000000001,0.22056800000000001
2021-06-16 22:31:35,0.173626,0.45057200000000003,-0.084632,0.20181,0.598714,-0.07456199999999999,0.22010800000000003
2021-06-16 22:31:40,0.17314600000000002,0.445462,-0.084728,0.200624,0.5938880000000001,-0.07448999999999999,0.21846799999999997
2021-06-16 22:31:45,0.17209599999999997,0.44127599999999995,-0.08468600000000001,0.199418,0.589422,-0.074798,0.216796
2021-06-16 22:31:50,0.171028,0.436136,-0.08479600000000001,0.198298,0.584248,-0.07471799999999999,0.21568
2021-06-16 22:31:55,0.17046,0.430068,-0.085248,0.197146,0.5786239999999999,-0.075278,0.21394000000000002
2021-06-16 22:32:00,0.170278,0.424892,-0.085282,0.19616,0.573358,-0.075036,0.21234199999999998
2021-06-16 22:32:05,0.169676,0.420386,-0.08558,0.195286,0.568872,-0.07553400000000002,0.211234
2021-06-16 22:32:10,0.16888,0.41605799999999993,-0.08574,0.194382,0.564444,-0.075282,0.21024400000000001
2021-06-16 22:32:15,0.16782000000000002,0.4118259999999999,-0.085856,0.19339800000000001,0.5602779999999999,-0.075744,0.20926400000000003
2021-06-16 22:32:20,0.16775199999999998,0.407202,-0.08574000000000001,0.192494,0.5557500000000001,-0.075664,0.20773999999999998
2021-06-16 22:32:25,0.16742600000000002,0.403322,-0.08590600000000001,0.192,0.552006,-0.075886,0.20711999999999997
2021-06-16 22:32:30,0.167312,0.39934000000000003,-0.086016,0.191234,0.5480160000000001,-0.07608400000000001,0.20568400000000003
2021-06-16 22:32:35,0.166396,0.395336,-0.08603000000000001,0.190718,0.5438839999999999,-0.07617199999999999,0.20537
2021-06-16 22:32:40,0.165358,0.39084199999999997,-0.08628,0.189724,0.539526,-0.07639199999999999,0.204568
2021-06-16 22:32:45,0.16416599999999998,0.387282,-0.08646400000000001,0.188804,0.535832,-0.076852,0.20383
2021-06-16 22:32:50,0.163074,0.382984,-0.08632,0.187364,0.5313739999999999,-0.076556,0.20219800000000002
2021-06-16 22:32:55,0.16175599999999998,0.37661199999999995,-0.08662,0.18643,0.52518,-0.077088,0.20142600000000002
2021-06-16 22:33:00,0.160554,0.370886,-0.08665199999999999,0.18573800000000001,0.519418,-0.077436,0.20107400000000003
2021-06-16 22:33:05,0.15957,0.36549599999999993,-0.086742,0.184616,0.514332,-0.077672,0.20018599999999998
2021-06-16 22:33:10,0.158892,0.361698,-0.08695,0.18405199999999997,0.510276,-0.077786,0.199546
2021-06-16 22:33:15,0.158878,0.357856,-0.08702000000000001,0.183488,0.506486,-0.077922,0.198414
2021-06-16 22:33:20,0.158538,0.35471,-0.08729,0.182996,0.50337,-0.07794,0.197882
2021-06-16 22:33:25,0.15876400000000002,0.349978,-0.08737400000000001,0.18259,0.49883799999999995,-0.07801,0.19681600000000002
2021-06-16 22:33:30,0.157868,0.343512,-0.08758200000000001,0.181644,0.49241399999999996,-0.07832,0.196144
2021-06-16 22:33:35,0.15719600000000003,0.33702600000000005,-0.087946,0.180938,0.48574600000000007,-0.07864,0.19507400000000003
2021-06-16 22:33:40,0.155874,0.331028,-0.088074,0.17978,0.47962799999999994,-0.07857600000000001,0.194112
2021-06-16 22:33:45,0.153688,0.324774,-0.08812199999999999,0.178012,0.473434,-0.078668,0.192804
2021-06-16 22:33:50,0.14918199999999998,0.318142,-0.088234,0.174734,0.466654,-0.07903,0.19066999999999998
2021-06-16 22:33:55,0.14143599999999998,0.306788,-0.088746,0.16897199999999998,0.4550280000000001,-0.079474,0.186806
2021-06-16 22:34:00,0.139004,0.29980599999999996,-0.08918000000000001,0.16709800000000002,0.448034,-0.079636,0.185494
2021-06-16 22:34:05,0.136334,0.291064,-0.089428,0.16514,0.43949999999999995,-0.07961599999999999,0.18409599999999998
2021-06-16 22:34:10,0.13371,0.28372400000000003,-0.089672,0.16313799999999998,0.43154000000000003,-0.07992199999999999,0.182826
2021-06-16 22:34:15,0.133658,0.27826399999999996,-0.08994400000000001,0.16192600000000001,0.425514,-0.08022599999999999,0.180632
2021-06-16 22:34:20,0.13276,0.27110999999999996,-0.089764,0.16106199999999998,0.41855000000000003,-0.080486,0.17955000000000002
2021-06-16 22:34:25,0.130612,0.263948,-0.08994200000000001,0.159124,0.41219799999999995,-0.08074200000000001,0.17789000000000002
2021-06-16 22:34:30,0.12846,0.25762999999999997,-0.09015399999999998,0.157302,0.40569799999999995,-0.08083,0.17664000000000002
2021-06-16 22:34:35,0.125976,0.25111,-0.090764,0.15547,0.39909999999999995,-0.081258,0.175184
2021-06-16 22:34:40,0.12426599999999999,0.24417400000000003,-0.090664,0.153808,0.392214,-0.08124800000000001,0.173832
2021-06-16 22:34:45,0.122912,0.23763600000000001,-0.09115399999999999,0.152794,0.38568199999999997,-0.081722,0.17287999999999998
2021-06-16 22:34:50,0.121516,0.23102999999999999,-0.09120999999999999,0.151178,0.37883600000000006,-0.08174000000000001,0.17121
2021-06-16 22:34:55,0.120194,0.22351800000000002,-0.09139,0.149758,0.37102,-0.08194399999999999,0.1695
2021-06-16 22:35:00,0.11950799999999999,0.21485600000000002,-0.09151400000000001,0.14859,0.363384,-0.08219000000000001,0.16815
2021-06-16 22:35:05,0.119068,0.207044,-0.091552,0.147634,0.355434,-0.08208200000000002,0.166346
2021-06-16 22:35:10,0.11803599999999999,0.19907000000000002,-0.09184,0.146332,0.34738199999999997,-0.082068,0.165134
2021-06-16 22:35:15,0.11691599999999999,0.19205,-0.092044,0.14581799999999998,0.34035000000000004,-0.08210199999999998,0.16494999999999999
2021-06-16 22:35:20,0.11630200000000002,0.18529600000000002,-0.092536,0.14349800000000001,0.33363999999999994,-0.08269200000000002,0.161288
2021-06-16 22:35:25,0.11385,0.17787599999999998,-0.092724,0.141618,0.326244,-0.08283800000000001,0.16002
2021-06-16 22:35:30,0.11139399999999999,0.17019600000000001,-0.093002,0.14015,0.31853999999999993,-0.08285000000000001,0.159462
2021-06-16 22:35:35,0.10919799999999999,0.16219,-0.09331799999999998,0.13846999999999998,0.310466,-0.083646,0.158254
2021-06-16 22:35:40,0.10792600000000001,0.154896,-0.09340999999999999,0.13678,0.303154,-0.083814,0.15602
2021-06-16 22:35:45,0.106926,0.14740999999999999,-0.093848,0.135584,0.295214,-0.084326,0.154504
2021-06-16 22:35:50,0.10596000000000001,0.139784,-0.094056,0.13429000000000002,0.287822,-0.08429600000000001,0.15295399999999998
2021-06-16 22:35:55,0.104316,0.13301800000000003,-0.094276,0.132876,0.28106400000000004,-0.084522,0.15182199999999998
2021-06-16 22:36:00,0.101918,0.12699,-0.09431199999999999,0.131388,0.275076,-0.08447000000000002,0.151202
2021-06-16 22:36:05,0.10043000000000002,0.121092,-0.094522,0.13041600000000003,0.26936600000000005,-0.084934,0.15076399999999998
2021-06-16 22:36:10,0.099438,0.11566999999999998,-0.09453000000000002,0.128966,0.263868,-0.08487,0.148834
2021-06-16 22:36:15,0.09785200000000001,0.110648,-0.09457800000000001,0.12752599999999997,0.259028,-0.085064,0.14754399999999998
2021-06-16 22:36:20,0.09684999999999999,0.10576800000000001,-0.094802,0.12619600000000003,0.253864,-0.08509399999999999,0.145936
2021-06-16 22:36:25,0.09453999999999999,0.10023800000000001,-0.09481600000000001,0.124718,0.24852999999999997,-0.08529800000000001,0.14526399999999998
2021-06-16 22:36:30,0.09238000000000002,0.09431,-0.094902,0.122744,0.24248599999999998,-0.085536,0.14355199999999999
2021-06-16 22:36:35,0.09034400000000001,0.087598,-0.09493599999999999,0.12096199999999999,0.23585799999999998,-0.08547,0.14189599999999997
2021-06-16 22:36:40,0.089024,0.082016,-0.095104,0.119326,0.230022,-0.085558,0.14005399999999998
2021-06-16 22:36:45,0.087342,0.076742,-0.09537199999999998,0.117696,0.22500599999999998,-0.08572600000000001,0.13875600000000002
2021-06-16 22:36:50,0.08642,0.071752,-0.095364,0.116434,0.220078,-0.085526,0.13712000000000002
2021-06-16 22:36:55,0.08568200000000001,0.066688,-0.09535,0.11573800000000001,0.214832,-0.08518200000000001,0.13616799999999998
2021-06-16 22:37:00,0.08508,0.06047399999999999,-0.095688,0.11513600000000002,0.20903,-0.085524,0.135462
2021-06-16 22:37:05,0.084558,0.054788,-0.09563,0.11375799999999998,0.203056,-0.08571599999999999,0.133574
2021-06-16 22:37:10,0.08372399999999999,0.04933800000000001,-0.095976,0.112832,0.197646,-0.08584800000000001,0.13263799999999998
2021-06-16 22:37:15,0.08300199999999999,0.04222,-0.09617,0.11143600000000001,0.19072799999999998,-0.08580399999999999,0.130716
2021-06-16 22:37:20,0.08274800000000002,0.036312,-0.09646000000000002,0.11122400000000002,0.18463600000000002,-0.08600599999999999,0.13035400000000003
2021-06-16 22:37:25,0.08151599999999999,0.030014000000000002,-0.096476,0.109954,0.17848800000000004,-0.086498,0.129144
2021-06-16 22:37:30,0.08023200000000001,0.025230000000000002,-0.096612,0.10829599999999999,0.173716,-0.086788,0.12753399999999998
2021-06-16 22:37:35,0.079892,0.020606000000000003,-0.096936,0.10780400000000001,0.169204,-0.086814,0.12672
2021-06-16 22:37:40,0.079346,0.016312,-0.09692,0.10759,0.16455999999999998,-0.086726,0.12658200000000003
2021-06-16 22:37:45,0.07847799999999999,0.012759999999999999,-0.09701199999999999,0.1068,0.161124,-0.086912,0.126004
2021-06-16 22:37:50,0.07679,0.007719999999999999,-0.097222,0.10588199999999999,0.155728,-0.087118,0.125912
2021-06-16 22:37:55,0.076182,0.002216,-0.097436,0.10554999999999999,0.150566,-0.087342,0.125778
2021-06-16 22:38:00,0.07581800000000001,-0.002286,-0.09770599999999999,0.10503199999999999,0.145838,-0.087564,0.125044
2021-06-16 22:38:05,0.07486999999999999,-0.00645,-0.097818,0.103958,0.141686,-0.08758800000000001,0.124188
2021-06-16 22:38:10,0.07427599999999998,-0.010044,-0.09779000000000002,0.10349,0.137428,-0.08768800000000002,0.123426
2021-06-16 22:38:15,0.074702,-0.014307999999999998,-0.097674,0.102658,0.132616,-0.08785400000000002,0.121152
2021-06-16 22:38:20,0.073596,-0.018978000000000002,-0.098022,0.10181599999999999,0.12792399999999998,-0.087982,0.120296
2021-06-16 22:38:25,0.071736,-0.024582,-0.09798799999999999,0.100194,0.12327400000000002,-0.08828,0.11951
2021-06-16 22:38:30,0.070814,-0.027699999999999995,-0.09817000000000001,0.099348,0.12037199999999999,-0.08856,0.1189
2021-06-16 22:38:35,0.069954,-0.030562,-0.09829399999999999,0.09874600000000001,0.117554,-0.08855199999999999,0.118676
2021-06-16 22:38:40,0.07005800000000001,-0.033668,-0.09854199999999999,0.09824999999999999,0.11479600000000001,-0.088738,0.118028
2021-06-16 22:38:45,0.07037399999999999,-0.034912,-0.098334,0.09845800000000002,0.11357400000000002,-0.08882000000000001,0.11780000000000002
2021-06-16 22:38:50,0.069764,-0.03898600000000001,-0.09856000000000001,0.097384,0.10952999999999999,-0.08910599999999999,0.116524
2021-06-16 22:38:55,0.06951199999999999,-0.042249999999999996,-0.09861800000000001,0.097442,0.106158,-0.088944,0.11681400000000002
2021-06-16 22:39:00,0.069474,-0.046128,-0.098714,0.09726,0.102428,-0.08890400000000001,0.11659800000000001
2021-06-16 22:39:05,0.069394,-0.049064,-0.098862,0.096058,0.09958799999999998,-0.08920000000000002,0.11471
2021-06-16 22:39:10,0.06956399999999999,-0.051025999999999995,-0.09891,0.096064,0.097712,-0.08934800000000001,0.11434200000000001
2021-06-16 22:39:15,0.069742,-0.052714,-0.098902,0.095714,0.09604200000000002,-0.08920199999999999,0.11347
2021-06-16 22:39:20,0.069928,-0.054015999999999995,-0.09892999999999999,0.09562000000000001,0.09482399999999999,-0.089228,0.113196
2021-06-16 22:39:25,0.06959199999999999,-0.057076,-0.09909799999999999,0.094874,0.091816,-0.089486,0.11193
2021-06-16 22:39:30,0.069832,-0.058326,-0.099464,0.09427799999999999,0.090564,-0.08981,0.110788
2021-06-16 22:39:35,0.069716,-0.058140000000000004,-0.099218,0.094018,0.09078,-0.08972,0.110564
2021-06-16 22:39:40,0.069636,-0.057464,-0.09900999999999999,0.09392,0.09146200000000002,-0.08931800000000001,0.110106
2021-06-16 22:39:45,0.069636,-0.05738000000000001,-0.098976,0.09399400000000001,0.091612,-0.08925799999999999,0.11011800000000001
2021-06-16 22:39:50,0.06964999999999999,-0.057336,-0.09889,0.094014,0.09169000000000001,-0.08923,0.110076
2021-06-16 22:39:55,0.06967000000000001,-0.05736,-0.09889600000000001,0.094008,0.09170799999999998,-0.08925000000000001,0.11004
2021-06-16 22:40:00,0.069694,-0.0573,-0.098834,0.093994,0.091758,-0.08922,0.110034
2021-06-16 22:40:05,0.06975200000000001,-0.05728,-0.0989,0.093972,0.09184400000000001,-0.089132,0.11006200000000002
2021-06-16 22:40:10,0.06982600000000001,-0.05732,-0.098882,0.09401,0.09181,-0.089074,0.11002400000000001
2021-06-16 22:40:15,0.06982,-0.057392,-0.098864,0.094002,0.091758,-0.08901600000000001,0.11005000000000001
2021-06-16 22:40:20,0.06978599999999999,-0.05736800000000001,-0.09885999999999999,0.09401999999999999,0.09181,-0.089084,0.11007
2021-06-16 22:40:25,0.06977199999999999,-0.05740000000000001,-0.098902,0.09401,0.09174600000000001,-0.089008,0.11008
2021-06-16 22:40:30,0.06981199999999999,-0.05732,-0.09891000000000001,0.094036,0.091782,-0.08901600000000001,0.11003199999999999
2021-06-16 22:40:35,0.069854,-0.057374,-0.09890000000000002,0.094082,0.091846,-0.08904,0.110036
2021-06-16 22:40:40,0.069836,-0.057384000000000004,-0.09886600000000001,0.09405599999999999,0.09184200000000001,-0.08904,0.11007800000000001
2021-06-16 22:40:45,0.069816,-0.057345999999999994,-0.098792,0.094034,0.09187,-0.08899399999999999,0.11007199999999999
2021-06-16 22:40:50,0.069914,-0.057311999999999995,-0.098828,0.094024,0.09185800000000001,-0.089066,0.11005800000000002
2021-06-16 22:40:55,0.069908,-0.057284,-0.09880200000000001,0.09405599999999999,0.091896,-0.08905199999999999,0.110052
2021-06-16 22:41:00,0.06992400000000001,-0.057286000000000004,-0.09879600000000001,0.09401,0.091812,-0.08897,0.110114
2021-06-16 22:41:05,0.070016,-0.057304,-0.098824,0.09409400000000001,0.09183,-0.089,0.110226
2021-06-16 22:41:10,0.069988,-0.057289999999999994,-0.09880000000000001,0.094132,0.09181600000000001,-0.08908,0.110212
2021-06-16 22:41:15,0.06992,-0.057311999999999995,-0.09878999999999999,0.094084,0.09182199999999999,-0.089066,0.110174
2021-06-16 22:41:20,0.069996,-0.057328000000000004,-0.09880000000000001,0.094114,0.09199399999999999,-0.08881199999999999,0.109986
2021-06-16 22:41:25,0.06998000000000001,-0.057394,-0.09878,0.09406,0.092158,-0.08847999999999999,0.109734
2021-06-16 22:41:30,0.06997400000000001,-0.057412,-0.098768,0.094028,0.092584,-0.08788599999999999,0.109338
2021-06-16 22:41:35,0.069978,-0.057367999999999995,-0.09877,0.09412000000000001,0.092584,-0.087958,0.10943800000000001
2021-06-16 22:41:40,0.069994,-0.057338,-0.09884000000000001,0.094146,0.09273400000000001,-0.087832,0.109432
2021-06-16 22:41:45,0.069962,-0.057420000000000006,-0.09883,0.094112,0.09284200000000001,-0.08765800000000001,0.10932
2021-06-16 22:41:50,0.06998600000000002,-0.05743799999999999,-0.098894,0.09420200000000001,0.09304399999999999,-0.087262,0.109042
2021-06-16 22:41:55,0.06999000000000001,-0.057454000000000005,-0.098954,0.094268,0.09306600000000001,-0.087254,0.108976
2021-06-16 22:42:00,0.069964,-0.057546,-0.09905800000000001,0.094236,0.093304,-0.08691200000000002,0.10873999999999999
2021-06-16 22:42:05,0.06999000000000001,-0.057546,-0.099064,0.094228,0.09189399999999999,-0.08879600000000001,0.109962
2021-06-16 22:42:10,0.07006399999999999,-0.057494,-0.099018,0.094254,0.09178,-0.089002,0.11006800000000001
2021-06-16 22:42:15,0.070098,-0.05747,-0.098968,0.09424,0.091738,-0.089074,0.110154
2021-06-16 22:42:20,0.070146,-0.057408,-0.098876,0.09414399999999999,0.091724,-0.08895800000000001,0.110156
2021-06-16 22:42:25,0.070102,-0.05734399999999999,-0.09878200000000001,0.094046,0.09175599999999999,-0.08890600000000001,0.11011199999999999
2021-06-16 22:42:30,0.07010000000000001,-0.057282,-0.09879,0.094044,0.091808,-0.0888,0.110026
2021-06-16 22:42:35,0.070152,-0.057362,-0.098932,0.094138,0.09195199999999999,-0.08859600000000001,0.10995999999999999
2021-06-16 22:42:40,0.07016,-0.05739999999999999,-0.098922,0.094104,0.092126,-0.088324,0.109814
2021-06-16 22:42:45,0.070108,-0.057358,-0.098796,0.09411800000000001,0.092296,-0.08812800000000001,0.109622
2021-06-16 22:42:50,0.07014000000000001,-0.057324,-0.098828,0.09406600000000001,0.092486,-0.08778599999999999,0.10934999999999999
2021-06-16 22:42:55,0.07016,-0.05734199999999999,-0.098864,0.094114,0.092814,-0.087264,0.109088
2021-06-16 22:43:00,0.07017599999999999,-0.057387999999999995,-0.098862,0.09404799999999999,0.093184,-0.08679999999999999,0.108774
2021-06-16 22:43:05,0.07017,-0.057342000000000004,-0.098702,0.09397,0.093284,-0.08663400000000002,0.10868799999999998
2021-06-16 22:43:10,0.070214,-0.057136,-0.098388,0.093856,0.093354,-0.086652,0.108654
2021-06-16 22:43:15,0.070226,-0.056977999999999994,-0.098288,0.093752,0.09323,-0.086862,0.10877999999999999
2021-06-16 22:43:20,0.070224,-0.056766,-0.09818,0.093646,0.093088,-0.087,0.10889599999999999
2021-06-16 22:43:25,0.070184,-0.056548,-0.09785,0.09345,0.093096,-0.087028,0.10886
2021-06-16 22:43:30,0.07016600000000002,-0.056518,-0.09765399999999999,0.09337200000000001,0.09319200000000001,-0.08693999999999999,0.108778
2021-06-16 22:43:35,0.07025200000000001,-0.056462,-0.097644,0.09334800000000001,0.09308799999999999,-0.087094,0.10887399999999998
2021-06-16 22:43:40,0.070232,-0.056286,-0.097438,0.093242,0.09281600000000001,-0.087358,0.10910800000000001
2021-06-16 22:43:45,0.07017999999999999,-0.05617799999999999,-0.09734400000000001,0.09317199999999999,0.092922,-0.087178,0.10901799999999999
2021-06-16 22:43:50,0.070188,-0.0563,-0.09747,0.093262,0.093236,-0.086858,0.10881400000000001
2021-06-16 22:43:55,0.070214,-0.056244,-0.097384,0.093164,0.093258,-0.08689,0.10878000000000002
2021-06-16 22:44:00,0.07026400000000002,-0.056162000000000004,-0.09734799999999999,0.09313,0.093264,-0.08681,0.10867800000000001
2021-06-16 22:44:05,0.070292,-0.05649,-0.097668,0.09335,0.09333,-0.086736,0.10864999999999998
2021-06-16 22:44:10,0.07027599999999999,-0.056724,-0.097912,0.09359200000000001,0.093058,-0.08705199999999999,0.10885799999999998
2021-06-16 22:44:15,0.07030600000000001,-0.056852,-0.098132,0.093682,0.093108,-0.08701,0.10886600000000002
2021-06-16 22:44:20,0.07031800000000002,-0.056772,-0.098048,0.093584,0.093136,-0.087056,0.108842
2021-06-16 22:44:25,0.07029,-0.056785,-0.097995,0.09354499999999999,0.0932,-0.08693000000000001,0.10874
