,0,1,2,3,4,5,6,7,8
0,0.25789,0.89303,0.16909,0.0208,0.87691,0.09719,-0.44258,0.88322,0.19421
1,0.25872,0.8928,0.17148,0.02191,0.87721,0.10052,-0.44256,0.88332,0.19862
2,0.26027,0.89198,0.17519,0.02219,0.8776,0.10223,-0.44174,0.88344,0.20001
3,0.26047,0.89258,0.17677,0.02257,0.87694,0.10445,-0.44121,0.88343,0.20235
4,0.26054,0.89354,0.17857,0.0229,0.87719,0.10735,-0.44238,0.88346,0.20501
5,0.26126,0.89343,0.18142,0.02336,0.87706,0.11024,-0.44102,0.88295,0.20816
6,0.26131,0.89267,0.18392,0.02354,0.87708,0.11184,-0.44082,0.88322,0.20998
7,0.26104,0.89247,0.18698,0.02401,0.87701,0.11503,-0.4413,0.88236,0.21253
8,0.26192,0.89245,0.18857,0.02426,0.87596,0.11679,-0.44031,0.88291,0.21518
9,0.26287,0.89259,0.19118,0.02513,0.87592,0.11955,-0.43906,0.88297,0.2177
10,0.26297,0.8925,0.19216,0.02544,0.87697,0.1219,-0.4391,0.88254,0.2201
11,0.26276,0.89245,0.19504,0.0257,0.87785,0.12362,-0.4392,0.88321,0.22215
12,0.26282,0.89257,0.1968,0.02611,0.87748,0.12643,-0.43826,0.88291,0.22446
13,0.26378,0.89264,0.19851,0.02632,0.87664,0.12836,-0.43836,0.8829,0.22602
14,0.26468,0.8928,0.20082,0.0265,0.87642,0.13032,-0.43766,0.88255,0.2278
15,0.26466,0.89272,0.20219,0.02669,0.87664,0.13162,-0.4373,0.88262,0.22992
16,0.26422,0.89303,0.20429,0.02752,0.87688,0.13413,-0.43663,0.88257,0.23241
17,0.26487,0.89268,0.20645,0.02814,0.87641,0.13606,-0.43552,0.88265,0.23421
18,0.26615,0.89196,0.20992,0.02852,0.8765,0.13751,-0.43484,0.88261,0.23544
19,0.26608,0.89251,0.21133,0.02873,0.87688,0.13947,-0.43465,0.88324,0.23773
20,0.26631,0.8931,0.21303,0.02909,0.87733,0.14203,-0.43388,0.88302,0.24
21,0.26714,0.89296,0.21575,0.02961,0.87736,0.14456,-0.43346,0.88315,0.24181
22,0.26807,0.89241,0.21836,0.03014,0.87681,0.14701,-0.43235,0.88221,0.24464
23,0.26756,0.89249,0.21995,0.03006,0.87621,0.14762,-0.43236,0.88233,0.24546
24,0.26741,0.89265,0.22126,0.02999,0.87631,0.14961,-0.43231,0.88244,0.24758
25,0.26716,0.8926,0.22345,0.02999,0.8761,0.15212,-0.43202,0.88221,0.2499
26,0.26779,0.89182,0.22576,0.03012,0.87618,0.15437,-0.43176,0.88243,0.25141
27,0.26802,0.89214,0.22812,0.0302,0.87625,0.15629,-0.43128,0.88221,0.25317
28,0.26794,0.89213,0.22883,0.03022,0.87662,0.15749,-0.43093,0.88289,0.25535
29,0.26827,0.89281,0.23097,0.03077,0.87636,0.16012,-0.42983,0.88238,0.25757
30,0.26953,0.89213,0.23296,0.0311,0.87634,0.1617,-0.42924,0.88261,0.2593
31,0.26998,0.89197,0.23483,0.03201,0.87621,0.16408,-0.42783,0.88166,0.26113
32,0.26968,0.89206,0.23689,0.03217,0.87624,0.16576,-0.42761,0.88244,0.26333
33,0.26999,0.89207,0.2397,0.0323,0.87652,0.16779,-0.42719,0.88233,0.265
34,0.27028,0.89197,0.24127,0.03254,0.87636,0.16961,-0.42661,0.88225,0.26696
35,0.27083,0.89188,0.24286,0.033,0.87599,0.17156,-0.42616,0.88202,0.26795
36,0.27084,0.89228,0.24454,0.03342,0.87559,0.17343,-0.42546,0.88244,0.27083
37,0.27109,0.8922,0.24671,0.03374,0.8759,0.17483,-0.42467,0.88209,0.27185
38,0.27102,0.89194,0.24834,0.03394,0.87616,0.17708,-0.42434,0.88211,0.27412
39,0.27105,0.89168,0.25046,0.03409,0.87618,0.17871,-0.42424,0.88213,0.2751
40,0.27135,0.89189,0.25143,0.03432,0.87573,0.18059,-0.42347,0.88226,0.27667
41,0.27186,0.89232,0.25283,0.03459,0.87564,0.18159,-0.42291,0.8825,0.27836
42,0.2722,0.8923,0.25486,0.03525,0.87558,0.18361,-0.42199,0.88221,0.28014
43,0.27238,0.89202,0.25691,0.03583,0.87585,0.18521,-0.42098,0.88219,0.28173
44,0.27271,0.89184,0.25813,0.0361,0.87596,0.187,-0.42058,0.88228,0.28277
45,0.27307,0.89203,0.25994,0.03635,0.87575,0.18852,-0.42009,0.88245,0.28438
46,0.27341,0.89221,0.26112,0.03658,0.8757,0.18983,-0.41925,0.88247,0.28593
47,0.27363,0.89215,0.26268,0.0366,0.87562,0.19137,-0.419,0.88235,0.28749
48,0.27359,0.89199,0.2641,0.03682,0.87586,0.19258,-0.41866,0.88191,0.28854
49,0.27366,0.89176,0.26548,0.03696,0.87577,0.19313,-0.41813,0.8817,0.28871
50,0.27365,0.89157,0.26611,0.03694,0.87585,0.19317,-0.41815,0.88177,0.28886
51,0.27348,0.8916,0.26645,0.03666,0.876,0.19305,-0.41817,0.88168,0.28854
52,0.27333,0.89171,0.2663,0.03666,0.87566,0.19247,-0.41794,0.88183,0.28783
53,0.27352,0.89159,0.26539,0.03671,0.87572,0.19175,-0.41799,0.88217,0.28719
54,0.27347,0.89184,0.26503,0.03699,0.87596,0.19138,-0.41795,0.88253,0.28692
55,0.27356,0.89178,0.26481,0.03728,0.87597,0.19125,-0.41718,0.88194,0.28654
56,0.27391,0.89132,0.2644,0.03744,0.87572,0.19025,-0.41705,0.88198,0.28538
57,0.2739,0.891,0.26306,0.03731,0.87573,0.18892,-0.41705,0.88209,0.28455
58,0.27347,0.89166,0.26249,0.03671,0.87703,0.1886,-0.41785,0.88381,0.28411
59,0.27307,0.89265,0.26217,0.0363,0.87768,0.18887,-0.41832,0.88372,0.2842
60,0.2735,0.89243,0.26195,0.03639,0.87636,0.18854,-0.41818,0.88215,0.28381
61,0.27318,0.89202,0.26159,0.03617,0.87631,0.18705,-0.41887,0.88166,0.28324
62,0.27261,0.89112,0.25922,0.03613,0.8742,0.18509,-0.41927,0.8811,0.28129
63,0.27163,0.89175,0.25884,0.03565,0.87495,0.18413,-0.42016,0.88236,0.28023
64,0.27121,0.89216,0.25871,0.03505,0.87632,0.1841,-0.42058,0.88249,0.27985
65,0.27226,0.89103,0.25834,0.03547,0.87581,0.18353,-0.42016,0.88179,0.27911
66,0.27187,0.89147,0.25705,0.03536,0.87581,0.18262,-0.42048,0.88131,0.27805
67,0.27129,0.8921,0.25517,0.03443,0.87636,0.18108,-0.42172,0.88281,0.27728
68,0.27114,0.89286,0.25461,0.03447,0.87658,0.18023,-0.42124,0.88232,0.27569
69,0.27169,0.89224,0.25342,0.03515,0.87554,0.17876,-0.4206,0.88172,0.27435
70,0.27251,0.89137,0.25214,0.03553,0.8756,0.17675,-0.4208,0.88142,0.27233
71,0.27144,0.89126,0.25084,0.03501,0.87546,0.17443,-0.42159,0.88247,0.27065
72,0.27098,0.89196,0.24916,0.03456,0.87632,0.17398,-0.42227,0.88302,0.27022
73,0.27039,0.89225,0.24868,0.03409,0.87714,0.17336,-0.42295,0.88184,0.26898
74,0.27093,0.89171,0.2467,0.03376,0.87567,0.17144,-0.42317,0.88185,0.26751
75,0.27139,0.89221,0.24523,0.03371,0.87573,0.16912,-0.4236,0.88226,0.26616
76,0.27026,0.89201,0.2423,0.03315,0.87572,0.16729,-0.42459,0.88265,0.264
77,0.26983,0.89266,0.24269,0.03308,0.87697,0.16684,-0.42503,0.88288,0.26343
78,0.26927,0.8926,0.2415,0.03313,0.8767,0.16529,-0.42488,0.8813,0.26121
79,0.27093,0.89082,0.2382,0.03274,0.8764,0.16322,-0.42598,0.88305,0.25994
80,0.26966,0.89282,0.23736,0.03196,0.87649,0.16082,-0.42652,0.88225,0.25677
81,0.26912,0.89296,0.23436,0.0313,0.8773,0.15967,-0.42713,0.88322,0.25622
82,0.26917,0.89265,0.23321,0.03164,0.87782,0.15859,-0.42775,0.88212,0.25494
83,0.26921,0.89215,0.23126,0.03166,0.87614,0.15585,-0.42815,0.88167,0.25232
84,0.26946,0.89172,0.22918,0.03073,0.87664,0.15396,-0.42926,0.88343,0.25108
85,0.26814,0.89261,0.22796,0.03024,0.87688,0.15202,-0.43003,0.88212,0.2483
86,0.26798,0.89232,0.22582,0.02975,0.8768,0.15001,-0.4311,0.88305,0.24746
87,0.26835,0.89213,0.22404,0.02995,0.87746,0.14735,-0.43117,0.88199,0.24387
88,0.26796,0.89164,0.22052,0.03004,0.87577,0.14496,-0.43133,0.88204,0.24182
89,0.26783,0.89258,0.21888,0.02959,0.87715,0.14144,-0.43232,0.88316,0.2388
90,0.26769,0.89221,0.21576,0.02948,0.87736,0.13995,-0.43224,0.8825,0.23668
91,0.26743,0.89248,0.21376,0.02945,0.87751,0.13687,-0.43316,0.88313,0.23432
92,0.26749,0.89256,0.21162,0.02934,0.87719,0.13383,-0.43356,0.88241,0.23076
93,0.26787,0.8928,0.20818,0.02911,0.87707,0.13114,-0.43425,0.88329,0.22868
94,0.26757,0.8929,0.20638,0.02941,0.87747,0.12816,-0.43448,0.88226,0.22502
95,0.26779,0.89212,0.20229,0.02978,0.87697,0.12415,-0.43509,0.88252,0.22173
96,0.26812,0.89173,0.19971,0.02975,0.87736,0.11994,-0.43576,0.88334,0.21726
97,0.26729,0.89225,0.19544,0.02946,0.87728,0.11768,-0.4369,0.88325,0.21419
98,0.26639,0.89335,0.19318,0.02809,0.87818,0.11346,-0.43828,0.88416,0.2113
99,0.2665,0.89248,0.1896,0.02804,0.87843,0.1119,-0.43862,0.88286,0.20926
100,0.26647,0.89216,0.18751,0.02749,0.87704,0.10591,-0.43982,0.88281,0.20527
101,0.26536,0.8928,0.18184,0.02701,0.87754,0.10318,-0.44048,0.88243,0.20069
102,0.26484,0.89355,0.17956,0.02653,0.87685,0.09863,-0.44164,0.88233,0.19665
103,0.26549,0.89248,0.17577,0.0267,0.87748,0.09591,-0.44208,0.88289,0.19404
104,0.26507,0.89187,0.17307,0.02597,0.87767,0.09062,-0.4423,0.8826,0.18956
105,0.26465,0.8918,0.16891,0.02528,0.87814,0.08824,-0.44389,0.88409,0.18673
106,0.26408,0.89303,0.16484,0.02489,0.87828,0.08621,-0.44444,0.88325,0.18328
107,0.26374,0.89341,0.16181,0.02425,0.87821,0.08225,-0.44551,0.88363,0.18088
108,0.26399,0.893,0.15835,0.02382,0.87847,0.07976,-0.44629,0.8836,0.17818
109,0.26343,0.893,0.1557,0.02304,0.87806,0.07587,-0.44694,0.8836,0.1742
110,0.26237,0.89357,0.15234,0.02248,0.87806,0.07261,-0.44793,0.88378,0.17136
111,0.2621,0.89389,0.1503,0.02217,0.87833,0.07065,-0.44836,0.88378,0.16923
112,0.26129,0.89304,0.1459,0.02169,0.87826,0.06721,-0.44932,0.88356,0.16587
113,0.26069,0.89304,0.14274,0.02085,0.87825,0.06365,-0.45046,0.88369,0.16237
114,0.26018,0.89323,0.14046,0.02009,0.87797,0.06023,-0.45144,0.88357,0.1591
115,0.2596,0.89357,0.13691,0.01954,0.87806,0.05733,-0.45239,0.88358,0.15619
116,0.259,0.89362,0.13416,0.01883,0.8778,0.05411,-0.45343,0.88315,0.1531
117,0.25836,0.89315,0.1309,0.01829,0.87848,0.05183,-0.45431,0.88331,0.15087
118,0.25773,0.89312,0.12871,0.01782,0.87771,0.04837,-0.45498,0.88296,0.1473
119,0.25778,0.8935,0.12528,0.01703,0.87799,0.04469,-0.45609,0.88338,0.14401
120,0.25744,0.89326,0.12169,0.01671,0.87834,0.04236,-0.4566,0.88352,0.14143
121,0.25641,0.89332,0.11841,0.01628,0.87752,0.03894,-0.45692,0.88305,0.138
122,0.25605,0.89333,0.11649,0.01577,0.87822,0.03579,-0.45813,0.88361,0.1352
123,0.25596,0.89289,0.11285,0.01538,0.87821,0.03261,-0.45856,0.88294,0.13141
124,0.25557,0.89342,0.11007,0.01496,0.87761,0.03007,-0.45915,0.88339,0.12844
125,0.25559,0.89311,0.10699,0.01479,0.87823,0.02649,-0.45937,0.88314,0.1257
126,0.25559,0.89301,0.10343,0.01482,0.87765,0.02402,-0.45951,0.88293,0.12299
127,0.25551,0.89304,0.10138,0.01489,0.87812,0.02028,-0.45979,0.88372,0.11936
128,0.25552,0.89329,0.09796,0.01492,0.87891,0.01715,-0.46016,0.88434,0.11634
129,0.25588,0.89364,0.09482,0.01485,0.87845,0.01501,-0.46031,0.88452,0.113
130,0.25542,0.89351,0.09197,0.01491,0.87901,0.01124,-0.46065,0.8844,0.11119
131,0.25498,0.89375,0.08904,0.01457,0.87913,0.00917,-0.46155,0.88434,0.10833
132,0.25505,0.89403,0.08731,0.01434,0.87931,0.00596,-0.46208,0.88434,0.1051
133,0.25514,0.8938,0.08363,0.01432,0.87839,0.00365,-0.46233,0.88448,0.10164
134,0.25485,0.89422,0.08123,0.01406,0.87847,-0.00059,-0.4627,0.88467,0.09864
135,0.25461,0.894,0.07784,0.01401,0.87947,-0.00225,-0.46307,0.88495,0.09609
136,0.25459,0.89391,0.07531,0.01406,0.87952,-0.00511,-0.46358,0.88472,0.09407
137,0.25462,0.89365,0.07357,0.01334,0.87995,-0.00864,-0.46428,0.88501,0.09064
138,0.25352,0.89414,0.07028,0.01259,0.87976,-0.01178,-0.46479,0.88497,0.08837
139,0.2536,0.89474,0.06728,0.01245,0.87901,-0.01434,-0.4659,0.88491,0.08594
140,0.25334,0.89417,0.06448,0.01209,0.87881,-0.01662,-0.46642,0.88416,0.08266
141,0.25253,0.89368,0.06131,0.01165,0.87914,-0.02014,-0.46722,0.88453,0.07925
142,0.25218,0.89367,0.05911,0.01138,0.87895,-0.02201,-0.46779,0.8844,0.07735
143,0.25257,0.89378,0.05538,0.01097,0.87957,-0.02555,-0.46864,0.88465,0.07401
144,0.25203,0.89412,0.05338,0.01061,0.87948,-0.02802,-0.46913,0.88501,0.07143
145,0.25091,0.89422,0.05029,0.01001,0.87986,-0.0308,-0.47005,0.88477,0.06868
146,0.25107,0.89435,0.04855,0.00961,0.87951,-0.03375,-0.4712,0.88481,0.06604
147,0.25143,0.89428,0.04536,0.00934,0.87926,-0.03593,-0.47117,0.88457,0.06237
148,0.25042,0.89438,0.04225,0.00927,0.87906,-0.03925,-0.47192,0.88447,0.06047
149,0.25033,0.89428,0.03961,0.00917,0.87914,-0.04248,-0.47252,0.88462,0.05738
150,0.25006,0.89365,0.03596,0.00892,0.8797,-0.0459,-0.47299,0.88496,0.05388
151,0.24952,0.89406,0.03417,0.00863,0.87948,-0.04808,-0.47395,0.88555,0.05109
152,0.24911,0.89456,0.03168,0.00785,0.87961,-0.05108,-0.47475,0.8851,0.04897
153,0.24878,0.89472,0.02911,0.00761,0.88002,-0.05301,-0.47509,0.88467,0.04694
154,0.24867,0.89429,0.02584,0.00742,0.87963,-0.0563,-0.47605,0.88442,0.04364
155,0.24846,0.89434,0.02342,0.00723,0.87851,-0.06019,-0.47636,0.88425,0.03982
156,0.2479,0.8945,0.0202,0.00692,0.87902,-0.06249,-0.47684,0.88486,0.03794
157,0.24801,0.89426,0.01708,0.00665,0.87957,-0.06553,-0.47779,0.8849,0.0346
158,0.24763,0.89419,0.01456,0.0064,0.87968,-0.06848,-0.47838,0.88492,0.03195
159,0.24709,0.89439,0.01081,0.0058,0.88013,-0.07196,-0.47926,0.88526,0.0285
160,0.2469,0.89472,0.00841,0.00556,0.87995,-0.07394,-0.4802,0.88547,0.02571
161,0.24712,0.89496,0.00559,0.00521,0.87968,-0.07781,-0.48043,0.88525,0.02269
162,0.24648,0.89494,0.00311,0.005,0.88009,-0.0797,-0.48112,0.88527,0.02012
163,0.24628,0.89459,0.00017,0.00499,0.88008,-0.08272,-0.48183,0.88506,0.01693
164,0.24598,0.89432,-0.00312,0.00496,0.87988,-0.08575,-0.48176,0.88482,0.01485
165,0.24588,0.89451,-0.005,0.00448,0.87972,-0.0884,-0.48258,0.88541,0.01258
166,0.24565,0.89477,-0.00801,0.00435,0.88036,-0.09118,-0.48328,0.88545,0.00956
167,0.24533,0.89513,-0.01072,0.0042,0.88005,-0.0944,-0.48372,0.88513,0.00639
168,0.24517,0.89459,-0.0141,0.00382,0.88036,-0.09749,-0.48452,0.88576,0.00343
169,0.24491,0.89493,-0.01617,0.00364,0.88042,-0.09935,-0.48512,0.88546,0.00046
170,0.24426,0.89557,-0.01929,0.00301,0.88057,-0.10295,-0.48569,0.88615,-0.00177
171,0.24421,0.8953,-0.02117,0.00279,0.88053,-0.10489,-0.48582,0.88551,-0.00422
172,0.244,0.89488,-0.02452,0.00257,0.8805,-0.1084,-0.48687,0.88555,-0.00749
173,0.24363,0.89499,-0.0268,0.00209,0.88033,-0.11167,-0.48712,0.88568,-0.0109
174,0.24308,0.89576,-0.02954,0.00146,0.88052,-0.1137,-0.48805,0.88592,-0.01369
175,0.24261,0.89532,-0.03277,0.00141,0.88029,-0.11649,-0.48865,0.88596,-0.0156
176,0.24229,0.8954,-0.03456,0.00066,0.88046,-0.11896,-0.48908,0.88558,-0.0181
177,0.24201,0.89471,-0.03749,0.0005,0.88056,-0.12177,-0.48977,0.8857,-0.02058
178,0.24196,0.89473,-0.03966,0.0004,0.88027,-0.12488,-0.4899,0.88571,-0.02403
179,0.24187,0.89494,-0.04284,0.0003,0.8802,-0.12723,-0.49038,0.88618,-0.02593
180,0.24217,0.89489,-0.0453,0.00056,0.88049,-0.12861,-0.49007,0.88609,-0.02749
181,0.24295,0.89436,-0.04783,0.00105,0.8809,-0.13122,-0.48835,0.88626,-0.03057
182,0.2429,0.89425,-0.04973,0.00165,0.88073,-0.13355,-0.48744,0.88599,-0.03317
183,0.2427,0.89515,-0.05251,0.00171,0.88062,-0.13525,-0.48737,0.88633,-0.03464
184,0.24424,0.89527,-0.05593,0.00258,0.88058,-0.13821,-0.48685,0.886,-0.0371
185,0.24493,0.89488,-0.05733,0.00343,0.88026,-0.13997,-0.48589,0.88548,-0.03966
186,0.2455,0.89374,-0.06046,0.00453,0.88031,-0.14279,-0.48473,0.88559,-0.04268
187,0.24554,0.89384,-0.06231,0.00489,0.88031,-0.14548,-0.48453,0.88602,-0.04527
188,0.24625,0.89482,-0.06588,0.00568,0.88027,-0.14706,-0.48348,0.88563,-0.04705
189,0.24704,0.89506,-0.06727,0.00593,0.88009,-0.14824,-0.48269,0.88533,-0.04898
190,0.24859,0.89436,-0.06976,0.00693,0.8803,-0.15011,-0.48217,0.88531,-0.05044
191,0.2494,0.89413,-0.07232,0.00773,0.87976,-0.15258,-0.48122,0.88526,-0.05301
192,0.24984,0.89422,-0.07439,0.0083,0.88006,-0.15417,-0.48022,0.8856,-0.05549
193,0.25041,0.89499,-0.07693,0.00894,0.87976,-0.15635,-0.47975,0.88552,-0.05703
194,0.25187,0.89467,-0.07932,0.00971,0.87993,-0.15811,-0.47877,0.88543,-0.05882
195,0.25321,0.89395,-0.0818,0.0109,0.88016,-0.15997,-0.47744,0.88534,-0.06096
196,0.25387,0.89367,-0.08365,0.01146,0.88011,-0.16162,-0.47701,0.88528,-0.06253
197,0.25466,0.89423,-0.08641,0.01241,0.88035,-0.1635,-0.47567,0.88566,-0.06531
198,0.25544,0.89501,-0.08887,0.01317,0.87984,-0.16563,-0.47489,0.88559,-0.06689
199,0.25636,0.89487,-0.09043,0.01418,0.88035,-0.16747,-0.47434,0.88553,-0.0687
200,0.25767,0.89425,-0.09242,0.0155,0.88039,-0.16938,-0.47298,0.88525,-0.07091
201,0.25883,0.8939,-0.09507,0.01629,0.87994,-0.17079,-0.47174,0.88537,-0.0729
202,0.2594,0.89448,-0.09732,0.0171,0.88039,-0.17255,-0.47124,0.8856,-0.07407
203,0.26044,0.8947,-0.09926,0.01791,0.88041,-0.17422,-0.47024,0.88556,-0.07586
204,0.262,0.89433,-0.1014,0.01921,0.88024,-0.17608,-0.469,0.8852,-0.07784
205,0.26344,0.89417,-0.10395,0.02,0.88036,-0.17751,-0.46837,0.88529,-0.07933
206,0.2637,0.89449,-0.10544,0.02092,0.88045,-0.18006,-0.46714,0.88606,-0.08192
207,0.26367,0.89544,-0.10714,0.02123,0.88075,-0.18091,-0.46664,0.88612,-0.08289
208,0.265,0.89503,-0.10868,0.02203,0.88062,-0.18224,-0.46613,0.88538,-0.08416
209,0.2662,0.89429,-0.10994,0.02316,0.88052,-0.18408,-0.46534,0.88494,-0.086
210,0.26694,0.89391,-0.11264,0.02338,0.8801,-0.18595,-0.46477,0.88527,-0.08893
211,0.26652,0.89475,-0.11495,0.02334,0.88032,-0.18806,-0.46504,0.88591,-0.09055
212,0.26673,0.89546,-0.11624,0.02382,0.88047,-0.1892,-0.46473,0.88553,-0.09133
213,0.26802,0.89444,-0.11834,0.02459,0.88021,-0.19094,-0.46409,0.8849,-0.09322
214,0.26868,0.89382,-0.11964,0.02498,0.88046,-0.19233,-0.46447,0.88486,-0.09526
215,0.26869,0.89408,-0.12224,0.02489,0.88026,-0.19563,-0.4646,0.88529,-0.09782
216,0.26818,0.89518,-0.12434,0.02453,0.88052,-0.19699,-0.465,0.88577,-0.09899
217,0.26827,0.89537,-0.12597,0.02428,0.88074,-0.19865,-0.46585,0.88563,-0.10059
218,0.26866,0.8947,-0.12733,0.0245,0.88035,-0.19979,-0.46584,0.88513,-0.10247
219,0.26877,0.89399,-0.12931,0.02468,0.87992,-0.2017,-0.46583,0.88511,-0.10361
220,0.26833,0.8944,-0.13158,0.02416,0.88035,-0.2042,-0.46662,0.88558,-0.10664
221,0.26813,0.89539,-0.13324,0.02347,0.88087,-0.20539,-0.46682,0.88555,-0.10735
222,0.26821,0.89524,-0.13469,0.02405,0.88026,-0.2069,-0.46675,0.88497,-0.10862
223,0.26877,0.89425,-0.13664,0.0245,0.88013,-0.2085,-0.46656,0.8847,-0.11198
224,0.26879,0.89399,-0.13971,0.02454,0.87981,-0.21127,-0.46673,0.88499,-0.11373
225,0.26835,0.89466,-0.14129,0.02402,0.88,-0.21366,-0.46699,0.88542,-0.11546
226,0.26847,0.89523,-0.14301,0.02403,0.8805,-0.21522,-0.46718,0.88578,-0.11705
227,0.26918,0.8944,-0.14504,0.02478,0.88041,-0.21685,-0.46644,0.88503,-0.11892
228,0.26956,0.89403,-0.14731,0.02519,0.88013,-0.21843,-0.46624,0.8852,-0.12118
229,0.26969,0.89436,-0.14924,0.02534,0.88044,-0.22078,-0.46617,0.88541,-0.12354
230,0.26996,0.89558,-0.15113,0.02537,0.8805,-0.2227,-0.466,0.8859,-0.12469
231,0.27058,0.89534,-0.15303,0.02611,0.88066,-0.22427,-0.46541,0.88539,-0.12652
232,0.27116,0.89434,-0.15521,0.02675,0.88053,-0.22675,-0.46527,0.88515,-0.12885
233,0.27137,0.89427,-0.15787,0.02697,0.88057,-0.22909,-0.46509,0.88531,-0.13122
234,0.27137,0.8948,-0.15953,0.02701,0.88048,-0.23051,-0.46516,0.88571,-0.1333
235,0.27158,0.89524,-0.1615,0.0271,0.88052,-0.2323,-0.46494,0.88581,-0.13457
236,0.27227,0.89499,-0.16311,0.02756,0.88073,-0.23392,-0.46457,0.88568,-0.13629
237,0.27283,0.89465,-0.16527,0.02798,0.88084,-0.23507,-0.46407,0.88527,-0.13817
238,0.27301,0.89474,-0.16686,0.02842,0.88084,-0.23724,-0.46391,0.88525,-0.14032
239,0.27324,0.89495,-0.16919,0.02872,0.88063,-0.23942,-0.46368,0.88558,-0.14252
240,0.27323,0.89509,-0.17108,0.02874,0.88067,-0.24133,-0.46374,0.88581,-0.14378
241,0.27342,0.89502,-0.17219,0.02887,0.88091,-0.24292,-0.46393,0.88586,-0.14534
242,0.27388,0.89492,-0.17375,0.02907,0.88113,-0.24387,-0.46367,0.88568,-0.14693
243,0.27418,0.8949,-0.17555,0.02935,0.88104,-0.2454,-0.46357,0.88568,-0.14843
244,0.27414,0.89514,-0.17735,0.02944,0.88107,-0.24644,-0.46363,0.88565,-0.14948
245,0.27418,0.8953,-0.17878,0.02939,0.88087,-0.2485,-0.46369,0.88577,-0.15101
246,0.27427,0.89507,-0.17965,0.02953,0.88078,-0.24934,-0.46372,0.88593,-0.15227
247,0.27424,0.89458,-0.18127,0.02965,0.88071,-0.25038,-0.46394,0.88604,-0.15318
248,0.27418,0.89464,-0.18188,0.02956,0.88072,-0.25084,-0.46388,0.88632,-0.15344
249,0.27402,0.89514,-0.18219,0.02943,0.88078,-0.25061,-0.46389,0.88637,-0.15332
250,0.27399,0.89525,-0.18213,0.02932,0.88085,-0.25038,-0.46423,0.88646,-0.15306
251,0.274,0.89514,-0.18158,0.02908,0.88102,-0.24973,-0.46402,0.88659,-0.15243
252,0.27389,0.89528,-0.18133,0.02891,0.88069,-0.24909,-0.46391,0.8862,-0.15204
253,0.27376,0.89548,-0.18093,0.02867,0.88082,-0.24833,-0.46418,0.8861,-0.15115
254,0.2734,0.89529,-0.18003,0.02839,0.88087,-0.24791,-0.46433,0.88593,-0.1507
255,0.27308,0.89496,-0.1797,0.02814,0.88024,-0.24804,-0.46449,0.88554,-0.15091
256,0.27297,0.89492,-0.17927,0.0277,0.88037,-0.24757,-0.46507,0.88641,-0.1499
257,0.2725,0.89495,-0.17853,0.02745,0.88056,-0.24621,-0.46489,0.88598,-0.14929
258,0.27232,0.89512,-0.17694,0.02733,0.88056,-0.24497,-0.46479,0.88541,-0.14803
259,0.27214,0.89509,-0.17637,0.02723,0.88088,-0.24444,-0.46506,0.88581,-0.14704
260,0.27183,0.89536,-0.17581,0.02683,0.88091,-0.24372,-0.4649,0.88578,-0.1464
261,0.27191,0.89557,-0.17549,0.02677,0.88086,-0.24336,-0.46481,0.8858,-0.14617
262,0.27212,0.89555,-0.17467,0.02679,0.88083,-0.2424,-0.46491,0.88617,-0.14529
263,0.27198,0.89534,-0.17393,0.02713,0.8808,-0.24163,-0.46469,0.88578,-0.14455
264,0.27181,0.89531,-0.17308,0.0272,0.88096,-0.24136,-0.4645,0.88571,-0.14402
265,0.27172,0.89521,-0.17238,0.02705,0.88101,-0.24035,-0.46462,0.88629,-0.14278
266,0.27184,0.89511,-0.17138,0.02714,0.8806,-0.2392,-0.46422,0.88553,-0.1423
267,0.27173,0.89506,-0.17007,0.02707,0.88053,-0.23864,-0.46417,0.88612,-0.14117
268,0.27152,0.89519,-0.16956,0.0272,0.88108,-0.23759,-0.46428,0.8856,-0.14063
269,0.27153,0.89561,-0.16841,0.02719,0.88088,-0.23648,-0.46411,0.88632,-0.13888
270,0.27184,0.89551,-0.16727,0.02733,0.88128,-0.23518,-0.46379,0.88627,-0.13813
271,0.27164,0.89554,-0.16621,0.02739,0.88119,-0.23401,-0.46405,0.88629,-0.13693
272,0.27155,0.89566,-0.16508,0.0272,0.88139,-0.23323,-0.4643,0.88621,-0.13563
273,0.27154,0.89546,-0.16381,0.02719,0.88098,-0.23206,-0.46408,0.88617,-0.13463
274,0.27101,0.8956,-0.16199,0.02688,0.88069,-0.23069,-0.46478,0.88607,-0.13286
275,0.27098,0.89544,-0.1607,0.02661,0.88073,-0.22897,-0.46489,0.88623,-0.13127
276,0.27053,0.89504,-0.15943,0.02665,0.88051,-0.22742,-0.46459,0.88589,-0.13038
277,0.27029,0.89517,-0.15746,0.02621,0.88081,-0.22613,-0.46526,0.88584,-0.12893
278,0.27021,0.89543,-0.15647,0.02596,0.88091,-0.22431,-0.46505,0.88673,-0.12668
279,0.26989,0.89587,-0.15489,0.02565,0.88129,-0.22228,-0.46488,0.88618,-0.12542
280,0.27019,0.89594,-0.15228,0.02575,0.8811,-0.22005,-0.46542,0.88629,-0.12272
281,0.27001,0.89514,-0.15093,0.02576,0.88055,-0.21828,-0.46481,0.88565,-0.1212
282,0.26951,0.8951,-0.14879,0.02548,0.88062,-0.21707,-0.46517,0.88582,-0.11913
283,0.26913,0.89539,-0.1468,0.02524,0.88058,-0.21492,-0.46514,0.8859,-0.11714
284,0.26902,0.8951,-0.14371,0.02509,0.88055,-0.21281,-0.46499,0.88554,-0.1158
285,0.26911,0.89487,-0.14219,0.02507,0.88042,-0.21007,-0.46486,0.88563,-0.11294
286,0.2688,0.89481,-0.14031,0.02495,0.88027,-0.20847,-0.46451,0.88533,-0.11085
287,0.26834,0.8953,-0.13746,0.02465,0.88064,-0.20607,-0.46462,0.88578,-0.1082
288,0.26806,0.89541,-0.13531,0.02449,0.88083,-0.20431,-0.4644,0.88569,-0.10555
289,0.26784,0.89522,-0.13285,0.02425,0.88053,-0.2007,-0.46454,0.88529,-0.10367
290,0.26794,0.89517,-0.13007,0.02418,0.8804,-0.1984,-0.46446,0.88558,-0.1012
291,0.2676,0.8948,-0.12787,0.02407,0.88013,-0.1968,-0.46424,0.88546,-0.09995
292,0.26726,0.89505,-0.12569,0.02404,0.87994,-0.19431,-0.46452,0.88542,-0.09614
293,0.26707,0.89512,-0.12265,0.02382,0.88037,-0.19241,-0.4645,0.88556,-0.09364
294,0.26664,0.89478,-0.12024,0.02361,0.88027,-0.18971,-0.46424,0.8853,-0.09171
295,0.26627,0.89508,-0.11784,0.02337,0.88022,-0.1867,-0.46473,0.88532,-0.08845
296,0.26648,0.89464,-0.11453,0.02322,0.88003,-0.1839,-0.46455,0.88517,-0.08595
297,0.26588,0.89474,-0.11263,0.02267,0.88012,-0.18156,-0.46468,0.88529,-0.08428
298,0.26511,0.89526,-0.10931,0.02237,0.87971,-0.17956,-0.46481,0.88484,-0.08141
299,0.26557,0.89458,-0.10658,0.02228,0.88008,-0.17651,-0.46518,0.88549,-0.07825
300,0.2647,0.89469,-0.104,0.02181,0.87998,-0.17398,-0.46462,0.8853,-0.07622
301,0.26417,0.89495,-0.10167,0.02105,0.88002,-0.17048,-0.46574,0.88543,-0.07195
302,0.26406,0.89509,-0.0982,0.02124,0.88017,-0.16703,-0.46487,0.88536,-0.0691
303,0.2647,0.89403,-0.09554,0.02138,0.87982,-0.16389,-0.46437,0.88467,-0.06731
304,0.26365,0.89429,-0.09166,0.02106,0.87982,-0.16223,-0.46518,0.88521,-0.06361
305,0.26312,0.89462,-0.08957,0.0207,0.87991,-0.15918,-0.465,0.88545,-0.06089
306,0.2632,0.89462,-0.08689,0.02061,0.8798,-0.15606,-0.46473,0.88485,-0.05877
307,0.26318,0.89441,-0.08438,0.02037,0.87963,-0.15278,-0.46499,0.88481,-0.05543
308,0.26243,0.89418,-0.08062,0.02022,0.87988,-0.15094,-0.46507,0.88502,-0.05239
309,0.26221,0.89491,-0.07714,0.0199,0.87976,-0.14835,-0.46499,0.88513,-0.05002
310,0.26204,0.89481,-0.07493,0.01967,0.88026,-0.14622,-0.46534,0.88496,-0.04627
311,0.26171,0.89438,-0.07185,0.01955,0.87976,-0.14196,-0.46505,0.88488,-0.04344
312,0.26158,0.89436,-0.06899,0.01939,0.87959,-0.13855,-0.46494,0.88449,-0.0413
313,0.26092,0.89477,-0.06561,0.01899,0.87893,-0.13685,-0.46583,0.88489,-0.03795
314,0.26036,0.89467,-0.06349,0.01877,0.87955,-0.13357,-0.46572,0.88433,-0.03505
315,0.26031,0.89458,-0.06,0.01844,0.87923,-0.13058,-0.46593,0.88446,-0.03271
316,0.26014,0.89428,-0.05712,0.01807,0.87938,-0.12756,-0.46341,0.88485,-0.03045
317,0.25928,0.89462,-0.05402,0.01752,0.87942,-0.12589,-0.46384,0.88491,-0.02774
318,0.25863,0.89495,-0.05116,0.01704,0.87945,-0.12315,-0.46402,0.88528,-0.02501
319,0.2587,0.89505,-0.04924,0.01663,0.87936,-0.12029,-0.46438,0.88486,-0.02217
320,0.25877,0.89471,-0.04629,0.01626,0.8795,-0.11746,-0.4651,0.88519,-0.01905
321,0.25747,0.89443,-0.04337,0.01597,0.87949,-0.11603,-0.4653,0.8849,-0.01792
322,0.25635,0.89466,-0.04097,0.01525,0.8792,-0.1138,-0.46619,0.88476,-0.0154
323,0.25601,0.89489,-0.03797,0.01463,0.87903,-0.11096,-0.46647,0.88499,-0.01237
324,0.25589,0.89484,-0.03612,0.01429,0.87888,-0.10813,-0.46646,0.88464,-0.01053
325,0.2552,0.89423,-0.03327,0.01381,0.87887,-0.10579,-0.46712,0.88492,-0.00806
326,0.25417,0.8944,-0.03019,0.01303,0.87943,-0.10302,-0.467,0.88461,-0.00546
327,0.25383,0.89472,-0.02766,0.01277,0.87923,-0.10123,-0.46743,0.88482,-0.00257
328,0.25374,0.89482,-0.02569,0.01236,0.87928,-0.09849,-0.46774,0.88463,2e-05
329,0.25345,0.89438,-0.02286,0.01189,0.87884,-0.09607,-0.46836,0.88452,0.00279
330,0.25227,0.8945,-0.01998,0.0114,0.8789,-0.09434,-0.46882,0.88482,0.00466
331,0.25123,0.89469,-0.01701,0.0107,0.87883,-0.09157,-0.46963,0.88444,0.00747
332,0.25104,0.89435,-0.01402,0.01013,0.87871,-0.08874,-0.47017,0.88394,0.01027
333,0.25025,0.89425,-0.01107,0.00946,0.87888,-0.08582,-0.47038,0.8847,0.01249
334,0.24969,0.89438,-0.00941,0.00903,0.87871,-0.08433,-0.47133,0.88403,0.01472
335,0.24879,0.89463,-0.00619,0.00841,0.87894,-0.08161,-0.472,0.88441,0.01782
336,0.24809,0.89438,-0.00447,0.0076,0.87847,-0.0791,-0.47234,0.88448,0.01935
337,0.24781,0.8943,-0.00186,0.00731,0.87852,-0.07725,-0.4731,0.88428,0.02227
338,0.24762,0.89441,0.00108,0.00664,0.87886,-0.07345,-0.47338,0.88393,0.02494
339,0.24648,0.89437,0.00396,0.00623,0.87866,-0.07154,-0.47375,0.88411,0.02802
340,0.24577,0.89443,0.00688,0.00569,0.87877,-0.06865,-0.47412,0.88404,0.03
341,0.24599,0.89414,0.00873,0.00518,0.87856,-0.06555,-0.47439,0.88404,0.03412
342,0.24459,0.89444,0.01303,0.00469,0.87872,-0.06377,-0.4748,0.88399,0.03588
343,0.24392,0.89438,0.01489,0.004,0.87835,-0.06086,-0.47553,0.88362,0.03893
344,0.24345,0.8943,0.01813,0.00351,0.87803,-0.05811,-0.47597,0.88376,0.04191
345,0.24352,0.89367,0.02005,0.00328,0.87799,-0.0549,-0.47608,0.88333,0.04499
346,0.2428,0.89345,0.02331,0.00287,0.87755,-0.05297,-0.47637,0.88353,0.04812
347,0.24221,0.89388,0.02654,0.00211,0.87772,-0.04857,-0.4769,0.88346,0.05153
348,0.24162,0.89388,0.03005,0.00185,0.87824,-0.04629,-0.477,0.88332,0.0538
349,0.24116,0.89358,0.03308,0.00118,0.87788,-0.04359,-0.47774,0.88345,0.05653
350,0.24066,0.89366,0.03508,0.00039,0.87792,-0.04048,-0.4785,0.88289,0.05985
351,0.23895,0.89407,0.03933,-0.00077,0.87733,-0.03793,-0.47927,0.88327,0.06175
352,0.23825,0.89393,0.0412,-0.00116,0.87751,-0.03563,-0.47946,0.88232,0.06446
353,0.23843,0.89325,0.04485,-0.00196,0.87701,-0.03239,-0.48041,0.88289,0.06854
354,0.23722,0.89275,0.04793,-0.00249,0.87735,-0.02902,-0.48073,0.88306,0.07137
355,0.2361,0.89328,0.04992,-0.00358,0.87727,-0.02631,-0.48124,0.88263,0.07426
356,0.23539,0.894,0.05349,-0.00455,0.87742,-0.02263,-0.4822,0.88327,0.07828
357,0.23514,0.89382,0.05658,-0.00474,0.87776,-0.02012,-0.48229,0.88315,0.08046
358,0.23487,0.8933,0.0584,-0.00539,0.87694,-0.01766,-0.48218,0.883,0.08191
359,0.23398,0.89315,0.06154,-0.00579,0.877,-0.01559,-0.4824,0.88242,0.08496
360,0.2335,0.89338,0.0649,-0.00654,0.87702,-0.01221,-0.48314,0.88321,0.08868
361,0.23248,0.89314,0.06832,-0.00694,0.87713,-0.00866,-0.48287,0.88249,0.09182
362,0.2323,0.89257,0.07171,-0.0076,0.87722,-0.00542,-0.48326,0.88309,0.09543
363,0.23206,0.89293,0.0751,-0.00789,0.87766,-0.00291,-0.48346,0.883,0.09872
364,0.2316,0.89302,0.07697,-0.00867,0.87736,0.0013,-0.48344,0.8834,0.10088
365,0.23046,0.8936,0.0807,-0.00933,0.87802,0.00486,-0.48386,0.88317,0.10554
366,0.23016,0.89307,0.08393,-0.00983,0.87766,0.00704,-0.48438,0.8831,0.1077
367,0.22942,0.89285,0.08631,-0.01062,0.87754,0.01061,-0.48477,0.88298,0.11135
368,0.22799,0.89308,0.0899,-0.01181,0.87701,0.0138,-0.48582,0.88228,0.11442
369,0.22645,0.8931,0.09436,-0.01261,0.8767,0.0159,-0.48662,0.88263,0.11693
370,0.22592,0.89288,0.09698,-0.01385,0.8765,0.01928,-0.4875,0.88205,0.12017
371,0.22457,0.8923,0.09987,-0.01488,0.87617,0.02262,-0.48824,0.88226,0.12379
372,0.22342,0.8923,0.10335,-0.01582,0.87651,0.02614,-0.48897,0.88226,0.12722
373,0.22317,0.89233,0.10563,-0.01647,0.87678,0.02834,-0.48975,0.88257,0.12977
374,0.22174,0.89242,0.10894,-0.0184,0.87724,0.03256,-0.4911,0.88262,0.13384
375,0.22064,0.89254,0.11202,-0.01901,0.87655,0.03496,-0.49162,0.88244,0.13618
376,0.22023,0.89244,0.1138,-0.02021,0.87586,0.03785,-0.49274,0.88218,0.13937
377,0.21875,0.89256,0.11728,-0.02134,0.87605,0.04126,-0.49378,0.88152,0.1429
378,0.21691,0.89221,0.12158,-0.02233,0.87575,0.04306,-0.49455,0.88191,0.14474
379,0.21648,0.89174,0.12393,-0.02323,0.87603,0.04652,-0.49497,0.88132,0.14831
380,0.21532,0.89161,0.12678,-0.0241,0.87575,0.04981,-0.49524,0.88169,0.15154
381,0.21469,0.89183,0.12885,-0.02505,0.87579,0.05327,-0.49598,0.88182,0.15507
382,0.21387,0.89222,0.13238,-0.0257,0.8762,0.05548,-0.49628,0.88143,0.15735
383,0.21278,0.8923,0.13519,-0.02706,0.87618,0.05949,-0.49723,0.88187,0.16129
384,0.21218,0.89219,0.13846,-0.02765,0.87646,0.0618,-0.4978,0.88194,0.16368
385,0.21133,0.89185,0.14146,-0.02832,0.87595,0.06472,-0.49817,0.88136,0.16669
386,0.21051,0.89204,0.14344,-0.02928,0.87565,0.06748,-0.49869,0.88159,0.16958
387,0.20908,0.89211,0.14759,-0.03001,0.87603,0.06965,-0.49933,0.88163,0.17194
388,0.20863,0.8919,0.14974,-0.03061,0.8757,0.0727,-0.49935,0.88125,0.17476
389,0.20811,0.8915,0.15273,-0.03125,0.87583,0.0759,-0.49963,0.88166,0.17705
390,0.20737,0.8917,0.15443,-0.03224,0.87607,0.07869,-0.5005,0.88148,0.18086
391,0.20646,0.89217,0.15747,-0.03289,0.87588,0.08035,-0.50072,0.88187,0.18271
392,0.20605,0.89196,0.16001,-0.03399,0.876,0.08391,-0.50144,0.88165,0.18608
393,0.20512,0.89167,0.16248,-0.03463,0.87621,0.08561,-0.50163,0.88154,0.18697
394,0.20447,0.8919,0.1641,-0.03564,0.87609,0.08808,-0.50248,0.88192,0.19053
395,0.20348,0.89205,0.1666,-0.03636,0.87629,0.09076,-0.50295,0.88171,0.19294
396,0.20269,0.89173,0.16983,-0.03683,0.87606,0.09233,-0.50336,0.88169,0.19457
397,0.20217,0.89179,0.17167,-0.0375,0.87623,0.09495,-0.50524,0.88211,0.19795
398,0.20165,0.89177,0.1738,-0.03778,0.87593,0.09756,-0.50465,0.88143,0.19999
399,0.20119,0.89198,0.17558,-0.03854,0.87626,0.0997,-0.50513,0.88173,0.20244
400,0.20077,0.89178,0.17812,-0.03875,0.8761,0.10126,-0.50638,0.88174,0.20432
401,0.20035,0.8916,0.18008,-0.03932,0.87592,0.10428,-0.50609,0.8815,0.20669
402,0.19994,0.89155,0.1823,-0.03977,0.87622,0.10553,-0.50655,0.88215,0.20868
403,0.19932,0.89187,0.1846,-0.04035,0.87671,0.10712,-0.50773,0.88151,0.21041
404,0.19909,0.89197,0.18553,-0.04058,0.87658,0.10908,-0.5077,0.88232,0.21246
405,0.19868,0.89177,0.18743,-0.04074,0.87655,0.11015,-0.50755,0.88234,0.21328
406,0.19864,0.89185,0.18854,-0.04096,0.87664,0.11189,-0.508,0.88276,0.21535
407,0.19835,0.89232,0.19051,-0.04101,0.87704,0.11353,-0.5077,0.8827,0.21677
408,0.19819,0.89234,0.19138,-0.04107,0.87693,0.11533,-0.50766,0.88237,0.21856
409,0.19798,0.8922,0.19274,-0.04103,0.87649,0.11663,-0.5076,0.8824,0.22067
410,0.19816,0.89223,0.19433,-0.04096,0.87616,0.11884,-0.50715,0.88218,0.22185
411,0.19854,0.89193,0.19607,-0.04079,0.87661,0.11988,-0.50688,0.88243,0.2231
412,0.19823,0.89202,0.19744,-0.04058,0.8767,0.12153,-0.50712,0.88237,0.22424
413,0.19835,0.89179,0.1985,-0.04043,0.87658,0.12363,-0.50604,0.88252,0.22687
414,0.19927,0.89233,0.20059,-0.04039,0.87675,0.12454,-0.50576,0.88255,0.22772
415,0.19961,0.89229,0.20147,-0.04004,0.87721,0.12634,-0.50549,0.88303,0.22956
416,0.19964,0.89238,0.20296,-0.03932,0.87674,0.12785,-0.50442,0.88237,0.23086
417,0.20017,0.8922,0.20383,-0.03859,0.87643,0.12986,-0.5032,0.88231,0.23288
418,0.20094,0.89239,0.20477,-0.03829,0.87647,0.13056,-0.50308,0.88235,0.23398
419,0.20238,0.89194,0.20617,-0.03699,0.87632,0.13296,-0.50087,0.88222,0.23626
420,0.20232,0.89166,0.20817,-0.03631,0.87565,0.13408,-0.50023,0.88243,0.23722
421,0.20304,0.89167,0.20926,-0.03566,0.87699,0.13618,-0.49963,0.88243,0.23921
422,0.20401,0.89219,0.21032,-0.03465,0.87634,0.1383,-0.49805,0.88227,0.24101
423,0.20613,0.89201,0.21198,-0.03399,0.87677,0.13947,-0.49694,0.88269,0.24216
424,0.20675,0.89207,0.21332,-0.03263,0.87657,0.14118,-0.49587,0.88273,0.2438
425,0.20719,0.89212,0.2144,-0.03137,0.87689,0.14339,-0.49415,0.88252,0.2461
426,0.20803,0.89274,0.21554,-0.03022,0.87682,0.14548,-0.49266,0.88205,0.24785
427,0.2099,0.89234,0.21711,-0.02935,0.87667,0.14674,-0.49172,0.88238,0.24926
428,0.21084,0.89178,0.21859,-0.02807,0.87625,0.14825,-0.48959,0.88174,0.25104
429,0.21189,0.89162,0.22005,-0.02715,0.87626,0.15001,-0.48862,0.88197,0.25223
430,0.21286,0.89193,0.22143,-0.02615,0.87657,0.15211,-0.48771,0.88205,0.25434
431,0.21404,0.89202,0.22318,-0.02533,0.87652,0.1539,-0.48639,0.88221,0.25589
432,0.215,0.89161,0.22457,-0.02467,0.87659,0.1552,-0.48553,0.88199,0.25706
433,0.21558,0.89186,0.22557,-0.02378,0.87652,0.15689,-0.48449,0.88216,0.25885
434,0.21676,0.89218,0.22661,-0.02289,0.87649,0.15861,-0.48324,0.88202,0.26041
435,0.21762,0.89217,0.22742,-0.02228,0.87633,0.15978,-0.48183,0.882,0.26201
436,0.21864,0.8918,0.22904,-0.02109,0.87663,0.16201,-0.48094,0.88258,0.26378
437,0.21941,0.89148,0.23054,-0.02034,0.87651,0.1638,-0.47979,0.88176,0.26528
438,0.21972,0.8919,0.232,-0.02009,0.87663,0.165,-0.47905,0.88221,0.26729
439,0.22045,0.89208,0.23339,-0.01968,0.87658,0.16627,-0.47838,0.88175,0.2683
440,0.22124,0.89194,0.23421,-0.01879,0.87596,0.16849,-0.47734,0.88172,0.26987
441,0.22218,0.89174,0.23599,-0.0184,0.87597,0.16948,-0.47667,0.88167,0.2708
442,0.22235,0.89179,0.23675,-0.01768,0.8758,0.17088,-0.4757,0.88123,0.27209
443,0.22286,0.89174,0.23768,-0.01717,0.87598,0.17212,-0.47459,0.88137,0.27371
444,0.22379,0.89138,0.23879,-0.01669,0.87612,0.17314,-0.47407,0.88127,0.27421
445,0.22445,0.89139,0.23954,-0.01615,0.87606,0.17374,-0.47356,0.88119,0.27495
446,0.22463,0.89163,0.2398,-0.01587,0.87619,0.17395,-0.47309,0.88119,0.27516
447,0.22493,0.89168,0.24007,-0.01565,0.87634,0.17396,-0.47288,0.88125,0.27506
448,0.22519,0.89153,0.2401,-0.01538,0.8763,0.17378,-0.47265,0.88122,0.2749
449,0.22528,0.89143,0.23994,-0.01539,0.87635,0.17334,-0.47257,0.88125,0.27443
450,0.22539,0.89145,0.23931,-0.01536,0.87647,0.1727,-0.47262,0.88127,0.27379
451,0.22537,0.89143,0.23831,-0.01531,0.87634,0.17152,-0.47287,0.88142,0.27273
452,0.22505,0.89164,0.2372,-0.01533,0.87626,0.17061,-0.47315,0.88149,0.27151
453,0.22491,0.89189,0.23617,-0.01574,0.87608,0.16982,-0.47335,0.88175,0.27111
454,0.22481,0.89195,0.23628,-0.01578,0.87638,0.16997,-0.47358,0.88154,0.27115
455,0.22458,0.8913,0.23599,-0.01619,0.87605,0.16864,-0.474,0.88099,0.27032
456,0.22452,0.89115,0.23551,-0.01633,0.87575,0.16816,-0.4744,0.8805,0.26892
457,0.2241,0.89145,0.23373,-0.01661,0.87548,0.16709,-0.47486,0.88089,0.26802
458,0.22401,0.89142,0.23304,-0.01705,0.87591,0.16575,-0.47519,0.88105,0.26667
459,0.22422,0.89127,0.23222,-0.01687,0.87625,0.16435,-0.47526,0.88106,0.26567
460,0.22423,0.89113,0.23058,-0.01696,0.87641,0.16251,-0.47592,0.88114,0.26408
461,0.22394,0.89139,0.22928,-0.01724,0.87647,0.16085,-0.47632,0.88137,0.26244
462,0.22352,0.89206,0.22753,-0.01748,0.87668,0.15984,-0.47676,0.88213,0.26161
463,0.2235,0.89214,0.22667,-0.01744,0.87653,0.15935,-0.4771,0.88252,0.26093
464,0.22356,0.89192,0.2267,-0.01746,0.87623,0.1595,-0.47705,0.88176,0.26109
465,0.22361,0.89173,0.22684,-0.0176,0.87605,0.15969,-0.47722,0.88094,0.26131
466,0.22319,0.89151,0.22669,-0.01764,0.87586,0.15928,-0.47742,0.88072,0.26099
467,0.22207,0.89129,0.22614,-0.01823,0.87548,0.15835,-0.47824,0.88073,0.25958
468,0.22176,0.89108,0.22562,-0.01887,0.87576,0.15745,-0.4786,0.88078,0.25897
469,0.22192,0.89118,0.22475,-0.01911,0.8756,0.15633,-0.47905,0.88139,0.25805
470,0.22171,0.89161,0.22384,-0.01933,0.8759,0.15559,-0.47916,0.8817,0.25748
471,0.22146,0.89194,0.22334,-0.01946,0.87629,0.15565,-0.47909,0.88139,0.25753
472,0.22147,0.89159,0.22317,-0.0194,0.87644,0.15577,-0.47927,0.8813,0.25756
473,0.22147,0.89137,0.22301,-0.01956,0.87603,0.15493,-0.47926,0.8812,0.25697
474,0.22122,0.89161,0.22236,-0.0196,0.87589,0.15464,-0.47928,0.88113,0.25626
475,0.22115,0.89161,0.22181,-0.01944,0.87562,0.15407,-0.47945,0.88094,0.25575
476,0.22135,0.89129,0.22127,-0.01927,0.87564,0.15348,-0.47927,0.88088,0.25531
477,0.22132,0.89105,0.22051,-0.01923,0.87579,0.15295,-0.47906,0.88094,0.25467
478,0.22127,0.89118,0.22012,-0.01921,0.87593,0.15244,-0.479,0.88111,0.25416
479,0.22171,0.8913,0.21961,-0.01899,0.87588,0.15218,-0.47875,0.88115,0.2539
480,0.22212,0.89129,0.21922,-0.0187,0.87592,0.15186,-0.47818,0.88107,0.25351
481,0.22254,0.89127,0.21866,-0.01839,0.87592,0.15164,-0.47782,0.88098,0.25327
482,0.22272,0.89121,0.21788,-0.01794,0.87583,0.15085,-0.47699,0.88081,0.2523
483,0.223,0.8911,0.21711,-0.01777,0.87588,0.15025,-0.47668,0.88074,0.25162
484,0.22356,0.89098,0.21633,-0.01707,0.87578,0.14919,-0.47624,0.88107,0.25062
485,0.22381,0.89126,0.21564,-0.0168,0.87586,0.14884,-0.47539,0.88108,0.24981
486,0.22422,0.89139,0.21479,-0.01642,0.87605,0.14814,-0.47523,0.8811,0.24929
487,0.22447,0.89112,0.21426,-0.01617,0.87605,0.14763,-0.47521,0.88115,0.24849
488,0.22459,0.89104,0.21336,-0.01606,0.87604,0.14616,-0.47496,0.8812,0.24726
489,0.22474,0.89148,0.21217,-0.01601,0.87595,0.14558,-0.4748,0.8813,0.24631
490,0.22499,0.89171,0.21132,-0.01579,0.87594,0.14492,-0.47476,0.8813,0.24591
491,0.22521,0.89152,0.21086,-0.01551,0.87595,0.14422,-0.47429,0.88108,0.24513
492,0.22538,0.89108,0.21033,-0.01535,0.87589,0.14373,-0.47412,0.88076,0.24461
493,0.22543,0.89095,0.20954,-0.01521,0.87569,0.14275,-0.47417,0.88059,0.244
494,0.22542,0.8911,0.20882,-0.01538,0.87565,0.14197,-0.47414,0.88078,0.24278
495,0.22549,0.89127,0.20741,-0.0156,0.8757,0.14123,-0.47413,0.88108,0.24212
496,0.22567,0.89127,0.2072,-0.01547,0.87576,0.1411,-0.47416,0.88153,0.24166
497,0.22609,0.8911,0.20683,-0.0152,0.87546,0.14071,-0.47355,0.88056,0.24124
498,0.2264,0.89111,0.20597,-0.01496,0.87549,0.13953,-0.47322,0.87986,0.24052
499,0.22632,0.89078,0.20396,-0.0148,0.87534,0.1382,-0.47318,0.87964,0.23944
500,0.22631,0.89086,0.20269,-0.0148,0.87539,0.13602,-0.47311,0.88128,0.23592
501,0.22652,0.89098,0.20133,-0.01516,0.87569,0.1348,-0.47311,0.88202,0.23487
502,0.22664,0.89115,0.20059,-0.01481,0.8759,0.13416,-0.47313,0.88125,0.23436
503,0.22686,0.89102,0.20001,-0.01483,0.876,0.13324,-0.47323,0.88047,0.23368
504,0.22648,0.89064,0.19818,-0.01492,0.87566,0.13216,-0.4735,0.88006,0.23246
505,0.22586,0.89068,0.19708,-0.01544,0.87513,0.13,-0.47448,0.88024,0.2308
506,0.22551,0.89106,0.19585,-0.01607,0.87496,0.12837,-0.47499,0.88082,0.22888
507,0.22556,0.89114,0.1952,-0.01601,0.87498,0.12754,-0.47514,0.88042,0.228
508,0.22509,0.89078,0.19366,-0.01636,0.87497,0.12587,-0.47589,0.87988,0.22662
509,0.22375,0.89034,0.19169,-0.01768,0.87513,0.12323,-0.4769,0.87965,0.22469
510,0.22255,0.89058,0.19008,-0.01861,0.8752,0.12186,-0.47843,0.88033,0.22275
511,0.2221,0.89071,0.18927,-0.02004,0.87508,0.1205,-0.47894,0.88059,0.22216
512,0.22183,0.89092,0.18857,-0.02085,0.87544,0.11929,-0.48056,0.88085,0.22053
513,0.22097,0.89103,0.18726,-0.02103,0.87514,0.11821,-0.48115,0.88034,0.21965
514,0.22016,0.89102,0.18561,-0.02185,0.87493,0.11615,-0.48201,0.87961,0.21794
515,0.21914,0.89111,0.18363,-0.02272,0.87444,0.11402,-0.48285,0.8797,0.21572
516,0.21893,0.89069,0.182,-0.02277,0.87424,0.11297,-0.48325,0.88017,0.21407
517,0.21855,0.89045,0.18109,-0.02299,0.87416,0.11146,-0.48352,0.87972,0.21243
518,0.21858,0.89037,0.17984,-0.02307,0.87461,0.10975,-0.48372,0.88004,0.21052
519,0.21915,0.89033,0.1776,-0.02281,0.87485,0.10907,-0.48343,0.88006,0.2095
520,0.21939,0.89055,0.17598,-0.0226,0.87488,0.10728,-0.48328,0.88047,0.20771
521,0.21958,0.89079,0.17444,-0.02245,0.87538,0.10595,-0.48268,0.8806,0.20615
522,0.2197,0.89134,0.17336,-0.02191,0.8752,0.10457,-0.4823,0.88069,0.20527
523,0.22014,0.89133,0.17113,-0.02138,0.87551,0.10293,-0.48193,0.88,0.20363
524,0.22038,0.89105,0.16932,-0.02123,0.87527,0.1005,-0.48187,0.8801,0.20126
525,0.22019,0.89077,0.16733,-0.0213,0.87533,0.09888,-0.48199,0.88019,0.19888
526,0.21971,0.89086,0.16494,-0.02139,0.87508,0.09647,-0.48247,0.88008,0.19725
527,0.21947,0.89103,0.16345,-0.02205,0.8752,0.09406,-0.48315,0.88016,0.19409
528,0.21948,0.89088,0.16032,-0.02207,0.8751,0.09258,-0.48338,0.88002,0.19245
529,0.21938,0.8907,0.15843,-0.02226,0.87501,0.09005,-0.48392,0.8799,0.19005
530,0.21928,0.89079,0.15674,-0.02238,0.87512,0.08772,-0.48414,0.88029,0.18776
531,0.21946,0.89117,0.15322,-0.02247,0.87514,0.08548,-0.48411,0.88041,0.18548
532,0.21954,0.89134,0.15176,-0.02273,0.87559,0.08405,-0.48489,0.88029,0.18343
533,0.21969,0.89091,0.14924,-0.02265,0.87531,0.0818,-0.48479,0.88004,0.18181
534,0.21966,0.89074,0.14747,-0.02277,0.87493,0.07895,-0.48511,0.88029,0.17909
535,0.21932,0.89101,0.14422,-0.02321,0.87527,0.07682,-0.48555,0.88052,0.17774
536,0.21926,0.89134,0.14305,-0.02334,0.87517,0.07512,-0.48565,0.88054,0.17538
537,0.21989,0.8913,0.14001,-0.02331,0.8756,0.0738,-0.48554,0.88028,0.17394
538,0.22035,0.89096,0.13829,-0.02268,0.87557,0.07083,-0.48536,0.87993,0.17184
539,0.22022,0.89103,0.13571,-0.02277,0.87512,0.06847,-0.48546,0.88093,0.16847
540,0.21963,0.89126,0.13337,-0.02303,0.87551,0.06589,-0.48533,0.8809,0.16647
541,0.21918,0.89228,0.13149,-0.02323,0.87569,0.06478,-0.48605,0.88102,0.16502
542,0.22017,0.89136,0.12913,-0.02276,0.87535,0.06133,-0.48605,0.88,0.16191
543,0.22007,0.89037,0.12559,-0.02268,0.87503,0.05941,-0.48583,0.87958,0.15987
544,0.21901,0.89096,0.12285,-0.02328,0.87481,0.05597,-0.48679,0.88033,0.15715
545,0.21863,0.89154,0.12068,-0.02371,0.87518,0.05396,-0.48709,0.88105,0.15393
546,0.21924,0.89205,0.11843,-0.02357,0.87573,0.05265,-0.48714,0.88116,0.15285
547,0.2201,0.89114,0.11641,-0.02312,0.87598,0.05059,-0.48683,0.8804,0.15024
548,0.22042,0.89103,0.11346,-0.02308,0.87633,0.04787,-0.48689,0.88076,0.14771
549,0.21994,0.89176,0.10987,-0.02333,0.87592,0.0446,-0.48712,0.88084,0.14528
550,0.21946,0.89213,0.10787,-0.0239,0.87547,0.04173,-0.48785,0.88155,0.14255
551,0.2194,0.89211,0.10609,-0.02401,0.87602,0.04034,-0.4881,0.88113,0.14095
552,0.21971,0.89164,0.10499,-0.02394,0.87635,0.03859,-0.48843,0.88029,0.13843
553,0.21992,0.89124,0.10312,-0.02405,0.87617,0.03583,-0.48854,0.87983,0.13643
554,0.21979,0.89091,0.10067,-0.02467,0.87534,0.03205,-0.48973,0.88021,0.1321
555,0.21953,0.89128,0.09848,-0.02484,0.87509,0.02976,-0.48999,0.88105,0.12994
556,0.21904,0.89157,0.09474,-0.02502,0.8758,0.02686,-0.49032,0.8812,0.12788
557,0.21885,0.89188,0.09232,-0.02494,0.87642,0.02535,-0.49147,0.88083,0.12656
558,0.21926,0.89166,0.09079,-0.02486,0.87632,0.02379,-0.49169,0.88024,0.12432
559,0.21955,0.89112,0.08907,-0.02511,0.87581,0.02064,-0.49231,0.88061,0.12117
560,0.21931,0.89116,0.08581,-0.02607,0.87582,0.01763,-0.49275,0.88093,0.11935
561,0.21848,0.89201,0.08237,-0.02635,0.87579,0.01611,-0.49335,0.88119,0.11696
562,0.21841,0.89253,0.07996,-0.02603,0.87633,0.01422,-0.49339,0.88085,0.11585
563,0.21907,0.89149,0.07714,-0.02557,0.87588,0.0115,-0.49318,0.88026,0.112
564,0.21879,0.89094,0.07417,-0.02589,0.87617,0.00938,-0.49375,0.8807,0.11002
565,0.21796,0.89158,0.0712,-0.02658,0.87606,0.00622,-0.49466,0.8809,0.10685
566,0.21761,0.89219,0.0681,-0.02696,0.87564,0.00333,-0.49511,0.88112,0.10426
567,0.21763,0.892,0.06583,-0.02702,0.87606,0.00144,-0.49527,0.88118,0.10303
568,0.21753,0.89159,0.06328,-0.02716,0.87664,-9e-05,-0.49581,0.8811,0.10066
569,0.2172,0.89183,0.06076,-0.02749,0.87712,-0.00341,-0.49608,0.88074,0.09822
570,0.21676,0.89243,0.05807,-0.0278,0.87614,-0.00549,-0.4969,0.88071,0.0954
571,0.2167,0.89236,0.05691,-0.02833,0.87636,-0.00846,-0.49783,0.88155,0.0926
572,0.2163,0.89226,0.05337,-0.0287,0.87565,-0.01026,-0.49815,0.88115,0.09016
573,0.21587,0.89259,0.05068,-0.029,0.87645,-0.01186,-0.49851,0.88113,0.08931
574,0.21599,0.89228,0.04924,-0.02902,0.87662,-0.01364,-0.49891,0.88061,0.08738
575,0.2161,0.89145,0.04611,-0.02905,0.876,-0.01642,-0.49919,0.88078,0.08452
576,0.21567,0.89145,0.04451,-0.03001,0.87646,-0.01936,-0.49981,0.88167,0.08258
577,0.21468,0.89294,0.04212,-0.03068,0.87671,-0.02087,-0.50031,0.88166,0.08001
578,0.21506,0.89307,0.0399,-0.0303,0.87683,-0.02287,-0.50059,0.88152,0.07897
579,0.21572,0.89209,0.03756,-0.03001,0.87678,-0.02492,-0.50037,0.88127,0.07579
580,0.21522,0.89134,0.03502,-0.03022,0.87677,-0.02825,-0.50067,0.88133,0.07348
581,0.21424,0.8921,0.03274,-0.03096,0.87694,-0.03071,-0.50183,0.88211,0.0706
582,0.21423,0.89296,0.02934,-0.03108,0.87694,-0.03195,-0.50186,0.88172,0.06912
583,0.21442,0.89289,0.02796,-0.03091,0.87687,-0.0344,-0.5021,0.88171,0.06669
584,0.21405,0.89214,0.02541,-0.03113,0.87679,-0.03727,-0.50235,0.88142,0.06372
585,0.2136,0.8923,0.02261,-0.03158,0.87729,-0.0398,-0.50304,0.88177,0.06253
586,0.21345,0.89304,0.02116,-0.0317,0.87706,-0.04133,-0.50374,0.88194,0.05995
587,0.21318,0.89282,0.01866,-0.03226,0.87722,-0.04408,-0.5041,0.882,0.05801
588,0.21282,0.89317,0.01734,-0.03251,0.87759,-0.04526,-0.50484,0.88169,0.05621
589,0.21323,0.89235,0.01387,-0.03258,0.87713,-0.04764,-0.5054,0.88094,0.05372
590,0.21314,0.89268,0.01229,-0.03287,0.87662,-0.05122,-0.50594,0.88118,0.05006
591,0.21231,0.89234,0.00761,-0.03317,0.8764,-0.05359,-0.50634,0.88176,0.04771
592,0.21172,0.89325,0.00637,-0.03422,0.87683,-0.05616,-0.50755,0.88215,0.04559
593,0.21207,0.89293,0.00413,-0.03386,0.87711,-0.05746,-0.50766,0.88142,0.04414
594,0.21237,0.89222,0.00244,-0.03381,0.87687,-0.06003,-0.50762,0.88094,0.04239
595,0.21171,0.89156,-0.00054,-0.03434,0.87693,-0.06226,-0.50915,0.88124,0.03837
596,0.21089,0.89232,-0.00334,-0.03554,0.87689,-0.06627,-0.50981,0.88153,0.03657
597,0.21057,0.89337,-0.0058,-0.03583,0.87673,-0.06763,-0.51023,0.882,0.03439
598,0.21061,0.8931,-0.00803,-0.03559,0.87714,-0.06966,-0.51036,0.88143,0.03215
599,0.21082,0.89257,-0.00977,-0.0356,0.87733,-0.07228,-0.51067,0.88115,0.0295
600,0.21025,0.89238,-0.01387,-0.03599,0.87741,-0.07425,-0.51124,0.88135,0.0277
601,0.20977,0.89304,-0.01587,-0.03635,0.87717,-0.07627,-0.51176,0.88186,0.02467
602,0.20952,0.89343,-0.01829,-0.03648,0.87686,-0.07783,-0.51206,0.88214,0.0221
603,0.21029,0.89316,-0.02011,-0.03688,0.87753,-0.08061,-0.51199,0.88117,0.02066
604,0.21054,0.89258,-0.02195,-0.03626,0.8775,-0.08176,-0.51228,0.88128,0.01791
605,0.2097,0.89205,-0.02654,-0.03621,0.87729,-0.08518,-0.51255,0.88146,0.01415
606,0.20922,0.89246,-0.02825,-0.03705,0.87724,-0.08837,-0.51339,0.88236,0.0129
607,0.20869,0.89338,-0.0301,-0.03753,0.87709,-0.09043,-0.51362,0.88263,0.01155
608,0.20874,0.89368,-0.03142,-0.03762,0.87816,-0.09246,-0.5137,0.88174,0.00931
609,0.20985,0.89276,-0.03438,-0.03714,0.8776,-0.09403,-0.51388,0.88126,0.00797
610,0.20977,0.89214,-0.03684,-0.03725,0.87724,-0.09698,-0.51407,0.88163,0.00473
611,0.2086,0.89279,-0.03968,-0.03805,0.87747,-0.10094,-0.51468,0.8831,0.00185
612,0.20792,0.89461,-0.04126,-0.03832,0.87768,-0.10155,-0.51491,0.88302,0.00048
613,0.20857,0.89449,-0.04206,-0.03763,0.87849,-0.10281,-0.51529,0.88269,4e-05
614,0.20982,0.89316,-0.04415,-0.03689,0.87794,-0.10432,-0.51455,0.88121,-0.00295
615,0.20944,0.89183,-0.04749,-0.03717,0.87727,-0.10746,-0.51485,0.88189,-0.00584
616,0.20844,0.89293,-0.04976,-0.03812,0.87735,-0.11034,-0.51585,0.88284,-0.00766
617,0.20824,0.894,-0.05143,-0.03836,0.87818,-0.11151,-0.5161,0.88322,-0.00919
618,0.20874,0.89409,-0.05194,-0.03782,0.878,-0.11251,-0.51613,0.88221,-0.01057
619,0.20933,0.89246,-0.05491,-0.03759,0.87839,-0.11459,-0.51596,0.88165,-0.01202
620,0.20887,0.8925,-0.0573,-0.03814,0.87763,-0.11747,-0.51689,0.88254,-0.01557
621,0.208,0.89302,-0.05927,-0.03895,0.87762,-0.11942,-0.51724,0.88331,-0.01702
622,0.20749,0.8945,-0.06008,-0.03906,0.87843,-0.12025,-0.51781,0.88347,-0.01806
623,0.20844,0.8938,-0.06161,-0.03831,0.87846,-0.12139,-0.51727,0.88224,-0.01974
624,0.20878,0.89271,-0.06414,-0.03803,0.87823,-0.12408,-0.51734,0.88175,-0.02239
625,0.20789,0.89287,-0.06729,-0.03856,0.87786,-0.12619,-0.5179,0.88235,-0.02428
626,0.20693,0.89393,-0.06921,-0.03948,0.87782,-0.12861,-0.5186,0.88324,-0.02664
627,0.20675,0.89452,-0.06974,-0.03996,0.87806,-0.13009,-0.51905,0.88288,-0.02806
628,0.20728,0.89315,-0.07161,-0.03956,0.87801,-0.13153,-0.51924,0.88212,-0.0295
629,0.2075,0.89258,-0.07335,-0.0396,0.87752,-0.13402,-0.5193,0.88206,-0.03211
630,0.20698,0.89254,-0.07611,-0.04038,0.87754,-0.13659,-0.51967,0.88276,-0.03388
631,0.20612,0.89381,-0.07802,-0.04098,0.87797,-0.13758,-0.52,0.88362,-0.03552
632,0.20644,0.89419,-0.07918,-0.04042,0.87843,-0.13862,-0.51954,0.88263,-0.03757
633,0.20742,0.8931,-0.08149,-0.03967,0.87832,-0.14073,-0.51918,0.88214,-0.03905
634,0.20734,0.89283,-0.08392,-0.0398,0.87829,-0.14364,-0.51996,0.88248,-0.04161
635,0.20706,0.89303,-0.08578,-0.04013,0.87825,-0.1453,-0.52017,0.88302,-0.04333
636,0.20639,0.89397,-0.08771,-0.04067,0.87813,-0.14725,-0.52071,0.88386,-0.04504
637,0.20641,0.89398,-0.08882,-0.0404,0.87842,-0.14819,-0.52077,0.88341,-0.04613
638,0.20684,0.89348,-0.08953,-0.04002,0.87872,-0.14938,-0.5206,0.88269,-0.04724
639,0.20733,0.89304,-0.09135,-0.03987,0.87851,-0.15049,-0.52071,0.88236,-0.04856
640,0.20677,0.89331,-0.09356,-0.04034,0.87828,-0.15277,-0.52146,0.88279,-0.05055
641,0.20589,0.89389,-0.0952,-0.04103,0.87819,-0.15464,-0.52191,0.88352,-0.05281
642,0.20591,0.8939,-0.0962,-0.04108,0.87838,-0.15519,-0.52191,0.88326,-0.05294
643,0.20655,0.89363,-0.09702,-0.04067,0.87856,-0.15587,-0.52184,0.88273,-0.05379
644,0.20663,0.89314,-0.09822,-0.04059,0.87853,-0.15676,-0.52173,0.88263,-0.05476
645,0.20614,0.89351,-0.09979,-0.04111,0.87841,-0.15853,-0.52221,0.8831,-0.0564
646,0.20589,0.89396,-0.10048,-0.0414,0.87853,-0.15976,-0.52256,0.88345,-0.05722
647,0.20607,0.89425,-0.1016,-0.04124,0.8785,-0.1608,-0.52216,0.88323,-0.0589
648,0.20641,0.89379,-0.10285,-0.04104,0.87843,-0.16191,-0.52227,0.88298,-0.05977
649,0.20643,0.89349,-0.10351,-0.04102,0.87845,-0.16267,-0.52246,0.88289,-0.06061
650,0.20617,0.89326,-0.10455,-0.04147,0.87824,-0.16404,-0.52293,0.88325,-0.06228
651,0.20568,0.89334,-0.10532,-0.04203,0.87823,-0.16487,-0.52322,0.88333,-0.06279
652,0.20514,0.8938,-0.10608,-0.04205,0.87835,-0.16532,-0.52337,0.88309,-0.06323
653,0.2053,0.8938,-0.10677,-0.04182,0.87829,-0.16576,-0.52309,0.88292,-0.06384
654,0.20555,0.89354,-0.10781,-0.04175,0.87838,-0.16682,-0.52306,0.88303,-0.06484
655,0.20528,0.89343,-0.10873,-0.04195,0.87864,-0.16775,-0.52334,0.88341,-0.06573
656,0.20498,0.89393,-0.10959,-0.04195,0.87857,-0.16826,-0.52306,0.88342,-0.06638
657,0.20524,0.89391,-0.10992,-0.04177,0.87835,-0.16874,-0.52275,0.88326,-0.06686
658,0.20573,0.89345,-0.11097,-0.04161,0.87842,-0.16907,-0.5229,0.88327,-0.06716
659,0.20543,0.89357,-0.11162,-0.04165,0.87841,-0.1695,-0.52281,0.8834,-0.06761
660,0.20505,0.89373,-0.11155,-0.04181,0.8784,-0.16959,-0.52292,0.88343,-0.0677
661,0.20508,0.89355,-0.11143,-0.04198,0.87826,-0.16932,-0.52327,0.88331,-0.06752
662,0.20504,0.89344,-0.11132,-0.04211,0.87807,-0.1691,-0.52328,0.88322,-0.0673
663,0.20468,0.89367,-0.11102,-0.04225,0.87806,-0.16883,-0.52315,0.88316,-0.06699
664,0.20461,0.89374,-0.11077,-0.04231,0.87818,-0.16852,-0.52322,0.88321,-0.06667
665,0.20472,0.89368,-0.11042,-0.04237,0.87818,-0.16823,-0.52315,0.88323,-0.0665
666,0.20497,0.89374,-0.11011,-0.04221,0.87822,-0.16794,-0.52275,0.88327,-0.06628
667,0.20516,0.89374,-0.1101,-0.04203,0.87821,-0.16788,-0.52232,0.88333,-0.06613
668,0.2053,0.89372,-0.11009,-0.04164,0.87837,-0.16776,-0.52182,0.8835,-0.06602
669,0.20556,0.89371,-0.11002,-0.04145,0.87852,-0.16767,-0.52131,0.88375,-0.06599
670,0.20591,0.89385,-0.10979,-0.04112,0.87881,-0.16745,-0.52087,0.88403,-0.06591
671,0.20629,0.894,-0.10973,-0.04075,0.87905,-0.16722,-0.52029,0.88405,-0.06576
672,0.20662,0.89392,-0.10966,-0.04044,0.8791,-0.16712,-0.51998,0.88408,-0.06567
673,0.20671,0.89395,-0.10966,-0.04018,0.87908,-0.16723,-0.52007,0.88408,-0.06573
674,0.2065,0.89398,-0.10967,-0.04019,0.87906,-0.16739,-0.51992,0.88424,-0.06587
675,0.2063,0.8942,-0.10929,-0.04029,0.87902,-0.16732,-0.51991,0.88423,-0.06578
676,0.20636,0.89412,-0.10914,-0.0402,0.87884,-0.16711,-0.52007,0.88392,-0.06557
677,0.20644,0.89391,-0.10907,-0.04029,0.87887,-0.16712,-0.52003,0.88398,-0.06555
678,0.20618,0.8939,-0.1092,-0.0405,0.87879,-0.16714,-0.52009,0.88397,-0.06565
679,0.206,0.89387,-0.10948,-0.04077,0.87872,-0.16715,-0.52063,0.88439,-0.06536
680,0.20583,0.89402,-0.10907,-0.04099,0.87879,-0.16686,-0.52049,0.88411,-0.06533
681,0.20587,0.89386,-0.10899,-0.0411,0.87891,-0.16627,-0.5206,0.88419,-0.06457
682,0.2057,0.89415,-0.10819,-0.04117,0.8787,-0.16549,-0.5208,0.88359,-0.06395
683,0.20562,0.89411,-0.10765,-0.04125,0.87867,-0.16485,-0.52073,0.88386,-0.06283
684,0.20538,0.89418,-0.10706,-0.04164,0.87884,-0.16419,-0.52067,0.88363,-0.06271
685,0.20566,0.89398,-0.10676,-0.04152,0.87859,-0.16401,-0.52101,0.88368,-0.06226
686,0.20584,0.89399,-0.10655,-0.04149,0.87879,-0.16356,-0.5204,0.88393,-0.06188
687,0.20581,0.89399,-0.1063,-0.04116,0.87881,-0.16306,-0.52009,0.88387,-0.06155
688,0.20585,0.89389,-0.10563,-0.04117,0.87897,-0.16269,-0.52016,0.88404,-0.06072
689,0.20594,0.89399,-0.10497,-0.04104,0.87925,-0.16185,-0.51993,0.88381,-0.06031
690,0.20603,0.89396,-0.10451,-0.04085,0.87895,-0.16137,-0.51967,0.88415,-0.05983
691,0.20596,0.89414,-0.10386,-0.0407,0.87914,-0.1606,-0.51973,0.88389,-0.05906
692,0.20627,0.89418,-0.10298,-0.04024,0.87905,-0.15996,-0.51946,0.88419,-0.05828
693,0.20632,0.89393,-0.10241,-0.04004,0.87908,-0.15945,-0.51902,0.8842,-0.05794
694,0.20632,0.89413,-0.10147,-0.03981,0.87896,-0.15841,-0.51887,0.88418,-0.05684
695,0.20648,0.89422,-0.10062,-0.03946,0.87912,-0.15709,-0.51825,0.88381,-0.05517
696,0.20678,0.89398,-0.09935,-0.03932,0.87921,-0.15577,-0.51814,0.88409,-0.05433
697,0.20684,0.89393,-0.09812,-0.03932,0.87919,-0.15469,-0.51842,0.88423,-0.05351
698,0.20677,0.89454,-0.09685,-0.0393,0.87912,-0.15369,-0.51784,0.88431,-0.05234
699,0.20708,0.89467,-0.09586,-0.03924,0.87921,-0.15206,-0.51774,0.88422,-0.05051
700,0.20728,0.8944,-0.09433,-0.03898,0.87898,-0.15101,-0.51763,0.88393,-0.04906
701,0.20692,0.89389,-0.09278,-0.0391,0.87882,-0.14946,-0.51766,0.88395,-0.04719
702,0.20655,0.89399,-0.09077,-0.03933,0.87906,-0.14821,-0.51789,0.88413,-0.04586
703,0.20663,0.894,-0.08886,-0.03942,0.87849,-0.14616,-0.51798,0.88368,-0.04377
704,0.20676,0.89399,-0.08742,-0.03972,0.87862,-0.14423,-0.51774,0.88372,-0.04123
705,0.20654,0.89395,-0.08541,-0.03962,0.87859,-0.14192,-0.51749,0.88392,-0.03975
706,0.20661,0.89432,-0.08334,-0.03965,0.87864,-0.14053,-0.51771,0.88369,-0.0372
707,0.20675,0.89413,-0.08101,-0.03937,0.87866,-0.13814,-0.51704,0.88373,-0.03576
708,0.20687,0.89393,-0.07942,-0.03898,0.87848,-0.13483,-0.5163,0.884,-0.03339
709,0.20717,0.89388,-0.07677,-0.03878,0.87846,-0.13297,-0.51611,0.88346,-0.03038
710,0.20737,0.89393,-0.07368,-0.03834,0.87852,-0.12903,-0.51546,0.88415,-0.02742
711,0.20766,0.8938,-0.07126,-0.03811,0.87887,-0.1274,-0.51415,0.884,-0.02534
712,0.20827,0.89411,-0.06826,-0.03744,0.87898,-0.12398,-0.51397,0.88392,-0.02279
713,0.20887,0.8941,-0.06623,-0.03686,0.87885,-0.12122,-0.5126,0.88474,-0.01893
714,0.209,0.89431,-0.06375,-0.03602,0.87883,-0.11838,-0.51153,0.88407,-0.01777
715,0.20911,0.89414,-0.06035,-0.03588,0.87881,-0.11646,-0.51182,0.88436,-0.01398
716,0.20933,0.89401,-0.05679,-0.0357,0.8787,-0.11296,-0.51131,0.88398,-0.01195
717,0.20932,0.89341,-0.05509,-0.03539,0.87846,-0.10993,-0.51062,0.88378,-0.00894
718,0.2095,0.89394,-0.05135,-0.03551,0.87785,-0.10677,-0.51049,0.88288,-0.00621
719,0.20904,0.89397,-0.04815,-0.03602,0.87884,-0.10373,-0.51094,0.88447,-0.00217
720,0.20878,0.89457,-0.04495,-0.03594,0.878,-0.10165,-0.51005,0.88306,0.00021
721,0.20926,0.89406,-0.0413,-0.03574,0.87843,-0.09791,-0.51078,0.88414,0.00379
722,0.20935,0.89378,-0.03903,-0.03568,0.87777,-0.0945,-0.51007,0.88366,0.00676
723,0.20894,0.89346,-0.03629,-0.03608,0.87723,-0.09087,-0.50977,0.88317,0.00999
724,0.20877,0.89414,-0.03144,-0.03631,0.87762,-0.08865,-0.50987,0.88306,0.01392
725,0.20928,0.8933,-0.02857,-0.03583,0.87753,-0.08478,-0.50917,0.88264,0.01595
726,0.20943,0.89308,-0.02597,-0.0357,0.87724,-0.08113,-0.50866,0.8827,0.02007
727,0.20955,0.89282,-0.02243,-0.03542,0.8773,-0.07764,-0.50826,0.88273,0.02328
728,0.20947,0.89325,-0.01887,-0.03534,0.87768,-0.07541,-0.50755,0.88306,0.02687
729,0.20985,0.89365,-0.01514,-0.03506,0.87796,-0.07161,-0.50702,0.8829,0.02927
730,0.21089,0.89347,-0.01149,-0.03438,0.87795,-0.06773,-0.50617,0.88342,0.03339
731,0.21131,0.89335,-0.00931,-0.03328,0.87757,-0.06393,-0.50447,0.88275,0.03667
732,0.21118,0.89322,-0.0056,-0.03284,0.87801,-0.06059,-0.50386,0.88313,0.04051
733,0.21117,0.89375,-0.00108,-0.03217,0.87798,-0.05712,-0.50307,0.88288,0.04355
734,0.21175,0.89324,0.00078,-0.03126,0.87758,-0.05328,-0.50216,0.88258,0.04628
735,0.2124,0.89315,0.00351,-0.03091,0.87741,-0.05123,-0.50142,0.88361,0.04979
736,0.21296,0.89316,0.00701,-0.03017,0.87765,-0.04731,-0.50002,0.8824,0.05294
737,0.21308,0.89314,0.00924,-0.02972,0.87768,-0.04492,-0.49988,0.88371,0.05763
738,0.21304,0.89387,0.0124,-0.02903,0.878,-0.04164,-0.49866,0.88347,0.05988
739,0.21422,0.89317,0.01544,-0.0287,0.87766,-0.03916,-0.49781,0.88294,0.06245
740,0.21447,0.89318,0.01929,-0.0284,0.87735,-0.03544,-0.49753,0.88272,0.06673
