0.879805939,1.628239558,0.269062738,-0.035181615,1.775415588,0.581528916,0.365697952
0.881881826,1.626327227,0.269694588,-0.038354949,1.776514908,0.581820724,0.362833908
0.885453608,1.626744009,0.271696601,-0.043476125,1.777143892,0.583296992,0.357354995
0.880799442,1.625477277,0.270929532,-0.045501311,1.774150894,0.583194327,0.35469536
0.879335498,1.626321483,0.271633544,-0.0482399,1.77503774,0.583877047,0.352234211
0.884790497,1.626152829,0.27494163,-0.050959656,1.774958424,0.585130778,0.347306172
0.881554528,1.620697337,0.271622077,-0.053366981,1.773778176,0.584997435,0.348334047
0.87523099,1.632579425,0.271734082,-0.050916309,1.774295436,0.58405726,0.348564875
0.881723211,1.631289397,0.275724644,-0.058819799,1.780658084,0.586001706,0.341578104
0.878278377,1.625753145,0.275255681,-0.061717879,1.779830385,0.586601055,0.340026973
0.875037468,1.630076887,0.274401792,-0.0612451,1.779422231,0.586484019,0.340674823
0.877147377,1.631827356,0.277794799,-0.064167091,1.782032266,0.587714084,0.336450652
0.878260509,1.627428517,0.27553214,-0.068516817,1.780335943,0.587818919,0.334250557
0.876335438,1.626996743,0.27559839,-0.069899529,1.77911148,0.587600667,0.331937231
0.878261338,1.628534645,0.278707695,-0.074232941,1.780143878,0.589160334,0.32622574
0.878094713,1.626436239,0.276355107,-0.077180405,1.778774116,0.588549081,0.324589245
0.872633028,1.627833891,0.27603494,-0.079708521,1.779170865,0.588185954,0.321935861
0.878979204,1.628824404,0.278152337,-0.084172022,1.780954041,0.589391805,0.317190784
0.875877929,1.627280432,0.277315836,-0.08655494,1.778826657,0.588942468,0.31424268
0.871673979,1.625723479,0.276009667,-0.088703283,1.779002687,0.588464782,0.313091654
0.875411475,1.630094675,0.277384198,-0.090978585,1.781761371,0.588504464,0.310141549
0.874959619,1.631304831,0.276662651,-0.092830887,1.781135206,0.587568521,0.307484007
0.869268244,1.628784262,0.274767467,-0.094475323,1.78141098,0.587034471,0.307563718
0.873072696,1.629819075,0.275046284,-0.098074822,1.781150589,0.585993224,0.302043038
0.86826731,1.63160868,0.274703344,-0.099846507,1.781162592,0.585637478,0.299987425
0.866866396,1.628504131,0.273202704,-0.1034135,1.781642643,0.585257379,0.297977331
0.869815709,1.628240496,0.275764859,-0.106401565,1.780839279,0.58534848,0.291835124
0.868283223,1.628480519,0.274808309,-0.108032611,1.780166551,0.584314694,0.289600735
0.86624375,1.62785664,0.273723958,-0.111550776,1.779307024,0.584255757,0.286723928
0.864864397,1.627052298,0.273651253,-0.114535613,1.777153098,0.583218057,0.281536568
0.867113698,1.625878575,0.273895276,-0.118165823,1.776274685,0.583174837,0.277152006
0.861060611,1.623280402,0.272101446,-0.12015353,1.773893766,0.582654387,0.27553654
0.861466228,1.626125159,0.271332949,-0.121634731,1.772254836,0.581320454,0.272288237
0.861301784,1.630506053,0.272206917,-0.123833666,1.774512498,0.580755705,0.269047789
0.86245295,1.628442206,0.273233971,-0.129105578,1.778522441,0.581461008,0.265256316
0.861559896,1.6265175,0.27415136,-0.132113348,1.778153865,0.580481458,0.25991572
0.861024795,1.630475401,0.274017021,-0.133127171,1.777785753,0.580663111,0.258800243
0.859669758,1.629388535,0.273565191,-0.136467335,1.777857209,0.581318472,0.256724263
0.860722291,1.627958571,0.274970463,-0.140069611,1.777491946,0.581748341,0.251915939
0.861216945,1.628530666,0.27558092,-0.142507524,1.777346606,0.582075402,0.249025166
0.859022949,1.629243319,0.275177528,-0.142706419,1.776945643,0.582401818,0.249437642
0.859087143,1.630780282,0.27556061,-0.144481362,1.777029959,0.582856517,0.24766525
0.856705931,1.631808817,0.27804305,-0.14556921,1.778746633,0.582984701,0.244702459
0.867846777,1.638935886,0.282853097,-0.14748038,1.783477867,0.585382206,0.241991576
0.868243835,1.636107178,0.286240562,-0.154785827,1.784215602,0.58774045,0.234121989
0.854872871,1.615381558,0.283147662,-0.164145683,1.779923066,0.589102034,0.228832218
0.858232354,1.600550425,0.278679072,-0.169487064,1.772230969,0.589602542,0.226204242
0.858328309,1.610350588,0.276260429,-0.162424985,1.764555867,0.588657737,0.231194128
0.852904949,1.637582843,0.276644924,-0.156212669,1.76416378,0.588124936,0.234799177
0.847390577,1.635090332,0.275256728,-0.159257498,1.770518519,0.587975427,0.235846788
0.853762564,1.621529497,0.279516453,-0.170501451,1.779233717,0.588500974,0.224704672
0.860698176,1.624591311,0.283519889,-0.174947779,1.78227148,0.590156124,0.218903459
0.857813214,1.635176502,0.285296898,-0.176382015,1.784321998,0.59113157,0.216972152
0.854748898,1.632301306,0.281451335,-0.178008781,1.783055894,0.589774506,0.217381811
0.852463894,1.627162425,0.278559765,-0.180934905,1.783030849,0.58886003,0.216576662
0.857615844,1.635327561,0.279726544,-0.183079329,1.785125448,0.588337585,0.212933867
0.855695174,1.639905474,0.279229948,-0.186889451,1.7889119,0.586934401,0.209136805
0.853001719,1.632147012,0.27564084,-0.191923216,1.789473781,0.585020917,0.205994665
0.846240443,1.634075156,0.273070115,-0.191819312,1.787951101,0.583650065,0.206490729
0.844468769,1.638209762,0.271080737,-0.192771565,1.786272754,0.582527545,0.205407432
0.842737274,1.639737852,0.269218547,-0.194252416,1.786857494,0.581074136,0.204287018
0.84161147,1.637184201,0.266724117,-0.198934934,1.788203668,0.580577692,0.20213664
0.843239582,1.64071952,0.268903512,-0.202965159,1.793319957,0.579202011,0.19583314
0.842779409,1.643303953,0.268242539,-0.206341176,1.79551228,0.578622014,0.193105585
0.839639111,1.641493205,0.267128369,-0.210556447,1.797812731,0.57713195,0.189038252
0.839751589,1.642106477,0.266657801,-0.214073684,1.798992806,0.576156559,0.185116238
0.83815808,1.64510961,0.264466023,-0.215517563,1.79888607,0.574196404,0.183456107
0.836436425,1.644862148,0.263606663,-0.216259898,1.79884733,0.574026375,0.183389696
0.836622127,1.645124948,0.262336709,-0.218452619,1.799265749,0.573648341,0.182169494
0.837524828,1.644853862,0.262890547,-0.221882258,1.799851309,0.573408856,0.177902472
0.836824161,1.645033524,0.261803814,-0.224538817,1.801013492,0.572864459,0.176084867
0.836416106,1.645473841,0.261505351,-0.22567978,1.800668442,0.572400595,0.174487809
0.834950892,1.645815036,0.260170497,-0.226321359,1.80036006,0.571363515,0.173865193
0.835887526,1.646665815,0.258873256,-0.228250646,1.800831691,0.571109247,0.173109974
0.835813058,1.64554743,0.25945014,-0.230765838,1.799521243,0.571534591,0.169859851
0.831901135,1.648031501,0.257626119,-0.233542714,1.799707377,0.570940565,0.168243848
0.83300788,1.65162214,0.258806754,-0.234679746,1.803591442,0.570795416,0.167051763
0.833888986,1.652043717,0.260201708,-0.237551781,1.807508036,0.570556644,0.163719896
0.83375765,1.650653907,0.26200953,-0.239941332,1.809889192,0.571328402,0.161102065
0.832886151,1.652688103,0.260741238,-0.238447169,1.810106803,0.570679454,0.163335613
0.831738081,1.652942256,0.259205806,-0.237592201,1.808208881,0.570867387,0.165431966
0.832915412,1.652639259,0.258286835,-0.237427997,1.809064397,0.570382328,0.166333413
0.832408246,1.65474584,0.258751693,-0.23677711,1.809060172,0.569953345,0.165959947
0.832782955,1.65484102,0.260655115,-0.238396158,1.810724136,0.570878351,0.163949566
0.831459077,1.649259291,0.259376001,-0.240423165,1.811089945,0.570956248,0.163512175
0.834728446,1.64748783,0.259407336,-0.241264015,1.807936015,0.571291964,0.161783764
0.832434362,1.655972257,0.260149626,-0.236958841,1.808550324,0.570570697,0.16479312
0.830458981,1.654718237,0.259580975,-0.237499141,1.80880388,0.571306742,0.165880882
0.832089229,1.651154406,0.25905453,-0.239279239,1.810721106,0.571190586,0.165197213
0.832011454,1.654541644,0.260283218,-0.238410399,1.81155063,0.571051144,0.164876217
0.833251633,1.652909951,0.261290522,-0.240116749,1.810814521,0.572029455,0.162941922
0.831068536,1.654425454,0.259497878,-0.237424991,1.810993071,0.571087139,0.166615139
0.831323053,1.655204889,0.259255269,-0.238367049,1.810402651,0.571984781,0.166786075
0.830859354,1.652443238,0.259552554,-0.237943979,1.810937511,0.571527881,0.166558635
0.832183802,1.654597794,0.260119657,-0.238516866,1.812556542,0.571680772,0.166138742
0.831645952,1.651634945,0.259731515,-0.239043645,1.812100948,0.572362666,0.166724027
0.831925617,1.656915299,0.260165258,-0.237333925,1.812589605,0.57136656,0.166932329
0.832099629,1.657292356,0.25986865,-0.237489275,1.81224704,0.572047385,0.167816971
0.832003994,1.654371131,0.259998864,-0.23770721,1.813259737,0.57226038,0.168130158
0.832815498,1.656089902,0.260210056,-0.237351515,1.814392638,0.572433867,0.168911466
0.832842594,1.657848668,0.260458725,-0.236423137,1.814957779,0.572237312,0.169573882
0.832479823,1.656391944,0.259952876,-0.236618651,1.814921006,0.5728177,0.170660759
0.83206984,1.657157712,0.259051928,-0.235872219,1.814620431,0.572708906,0.17219116
0.83061192,1.658631568,0.258672445,-0.235732144,1.813686942,0.573002839,0.172751623
0.830468276,1.657746535,0.259000477,-0.236044906,1.813655086,0.573331909,0.172463074
0.830188499,1.656583158,0.25910874,-0.237120936,1.814220399,0.573943936,0.172203569
0.829814496,1.656529556,0.259305276,-0.23910633,1.814250003,0.574582815,0.170714766
0.829724662,1.656744723,0.259355324,-0.238640598,1.813599082,0.574451491,0.170719016
0.828502612,1.657151576,0.258285011,-0.2380158,1.812280275,0.573754526,0.171167451
0.828435742,1.65629005,0.257482511,-0.237764329,1.811750065,0.573560468,0.171871842
0.831009124,1.656878601,0.259518655,-0.239998047,1.814018105,0.574625015,0.169489935
0.834839702,1.6572386,0.262984839,-0.243174442,1.817849718,0.575796257,0.16528936
0.842035232,1.656663105,0.269950063,-0.249166635,1.824651412,0.576318623,0.154553796
0.846245612,1.658267628,0.272347617,-0.250738621,1.828305689,0.574599327,0.149431503
0.846973433,1.659949284,0.272412891,-0.248959898,1.83021357,0.5743671,0.151654195
0.845504743,1.660873294,0.270302469,-0.246235707,1.829789002,0.573753315,0.155939423
0.843495401,1.661379368,0.267361808,-0.240939484,1.827452797,0.572695543,0.162562385
0.842091677,1.663166669,0.264541154,-0.235488104,1.825594775,0.572029895,0.169880897
0.840737116,1.664107674,0.264142401,-0.232041559,1.825845902,0.571419308,0.173264798
0.843461061,1.664609196,0.264865352,-0.231242786,1.82995916,0.570982529,0.174358384
0.845912968,1.670246051,0.267725851,-0.229872316,1.833991496,0.571222892,0.174434341
0.845126667,1.669021487,0.268022645,-0.227682698,1.836472272,0.570739573,0.176795139
0.845668863,1.667998574,0.266100479,-0.224958007,1.836058551,0.56999386,0.180729679
0.84657904,1.669088149,0.265316639,-0.221912403,1.835348775,0.569550133,0.183968727
0.846473573,1.670015823,0.265357151,-0.219155052,1.835837689,0.569648804,0.187153459
0.846882655,1.670334049,0.264608918,-0.217498561,1.836707383,0.568687519,0.188853933
0.844557578,1.669179132,0.262477138,-0.214011318,1.835085915,0.568120647,0.193577946
0.845577342,1.668928062,0.263470458,-0.211164347,1.835558412,0.568002727,0.195521388
0.846385774,1.669532152,0.262765459,-0.210025859,1.83581709,0.567506501,0.196976692
0.844637924,1.669384133,0.262521146,-0.206709961,1.834924636,0.567344598,0.200190949
0.845625139,1.670411236,0.261768554,-0.20435736,1.83464197,0.566756105,0.202624483
0.844254045,1.669926285,0.26044791,-0.202361318,1.834902276,0.565839135,0.205177491
0.845615014,1.669924903,0.260900358,-0.200968184,1.834697772,0.56594801,0.206186351
0.846611853,1.671792846,0.261522567,-0.19906004,1.83570855,0.565929874,0.207847402
0.846128515,1.671901371,0.260634366,-0.195806609,1.835815105,0.565187596,0.211372039
0.846487683,1.670523369,0.260944647,-0.194724534,1.835235758,0.565462352,0.212311343
0.847766567,1.670905062,0.261118558,-0.191735728,1.835048222,0.565034347,0.214644154
0.847790697,1.671485304,0.260656286,-0.188483419,1.83494343,0.564150447,0.217396354
0.849397506,1.670038419,0.261760285,-0.187869772,1.833554167,0.564061017,0.21614244
0.850122248,1.671300845,0.262396442,-0.183758565,1.832856489,0.563985578,0.219325612
0.849989456,1.672581509,0.26118965,-0.180373392,1.831671722,0.563109805,0.222606115
0.851795632,1.672723784,0.261480518,-0.177418911,1.832198162,0.562786773,0.225181318
0.852880366,1.671811159,0.261777878,-0.174274214,1.83249281,0.563029149,0.228611138
0.853911821,1.672538038,0.261991051,-0.171040403,1.832214814,0.563743326,0.232544278
0.855985239,1.673054831,0.263197273,-0.166697225,1.831523545,0.563877715,0.235586146
0.857730088,1.673599768,0.262961321,-0.162851024,1.832277972,0.563597992,0.239833842
0.858698332,1.674132967,0.26265204,-0.160369989,1.830686188,0.564356193,0.243047003
0.857433439,1.673300212,0.263633183,-0.157053757,1.830124709,0.564442386,0.245317919
0.85901828,1.672429946,0.264093919,-0.152491171,1.830731655,0.564003066,0.249334855
0.86124907,1.67325023,0.264777298,-0.149447373,1.830272892,0.563831696,0.251280448
0.861290404,1.671423004,0.2646987,-0.146214569,1.829062217,0.563960316,0.25449023
0.864186009,1.675672757,0.265794067,-0.14139973,1.828293238,0.564593183,0.258501738
0.863578184,1.676105056,0.264794958,-0.13659932,1.82919661,0.564908171,0.265433138
0.866052212,1.670233645,0.265072018,-0.137511696,1.8298463,0.564938042,0.264850293
0.865832845,1.672714477,0.264683811,-0.130901282,1.828421566,0.564335673,0.270663396
0.866684754,1.674606608,0.264875077,-0.127563214,1.828042697,0.564615091,0.273994044
0.868579641,1.672607188,0.26541245,-0.124159254,1.828781339,0.563910834,0.276500715
0.865211897,1.670461686,0.263189073,-0.119201287,1.826194724,0.563658862,0.282898307
0.867303609,1.671289888,0.264113847,-0.116351477,1.825410328,0.564305806,0.285229243
0.869591199,1.670972872,0.264979761,-0.112241066,1.824782182,0.564560034,0.288602489
0.871902942,1.669813256,0.265752608,-0.108672139,1.824524351,0.564583506,0.291452689
0.872528891,1.670893315,0.265957365,-0.105216011,1.82401008,0.565577598,0.295758984
0.873144422,1.669748548,0.266884518,-0.102539072,1.823503763,0.566222713,0.298158625
0.873527721,1.668025044,0.266195652,-0.098471648,1.822869444,0.566836036,0.303816945
0.873002205,1.668515516,0.266333909,-0.095787083,1.822340849,0.567186505,0.306630294
0.875008542,1.671031884,0.268287957,-0.090730292,1.821986761,0.56686947,0.308884146
0.876359755,1.668022545,0.267171145,-0.088127306,1.822363167,0.567661607,0.314324471
0.876393218,1.668547511,0.268717369,-0.084234239,1.821061485,0.568036831,0.316419443
0.879340119,1.668700073,0.270048096,-0.080733116,1.821152003,0.568584744,0.319263212
0.878817435,1.669342288,0.269037428,-0.077459205,1.822200384,0.568211605,0.323802635
0.880005174,1.668206611,0.269445349,-0.073620997,1.820178828,0.569144628,0.327640934
0.880380405,1.668112626,0.269866118,-0.070094586,1.82009914,0.569030685,0.330662422
0.883224198,1.670768227,0.269724262,-0.068793662,1.822458481,0.56975205,0.333934469
0.8821327,1.672219519,0.270729084,-0.062487384,1.822227361,0.569041919,0.338185681
0.883028795,1.670416888,0.26910195,-0.062352025,1.822220336,0.569305222,0.340714684
0.88324875,1.666658149,0.270029364,-0.058070276,1.820754411,0.569338009,0.343823793
0.883510962,1.668516401,0.269992225,-0.054747532,1.820197364,0.569246717,0.346753187
0.887747793,1.668034229,0.27173384,-0.051710107,1.819843412,0.569613857,0.348233875
0.886110821,1.66924529,0.271098263,-0.0466445,1.820243072,0.568984728,0.353493382
0.887992471,1.670469252,0.269844853,-0.043612109,1.820402855,0.569326994,0.358460482
0.888032693,1.672281778,0.269824278,-0.039703455,1.821664593,0.568885873,0.362405627
0.889001563,1.670810242,0.271157345,-0.034709128,1.822160128,0.569568115,0.367317088
0.890677943,1.672118278,0.27067896,-0.033001109,1.823069348,0.568712711,0.368887718
0.889659459,1.664138635,0.272374667,-0.031524777,1.821043569,0.570432585,0.370586541
0.891581769,1.670874631,0.271724884,-0.025066252,1.820632682,0.570730219,0.377371993
0.892681173,1.672851414,0.271708324,-0.022972115,1.820649946,0.571459278,0.380226896
0.892198212,1.670070716,0.271503033,-0.021954528,1.821130789,0.571430297,0.382088537
0.892208275,1.669900303,0.271406611,-0.020294065,1.82165245,0.571682613,0.384508035
0.89440179,1.669566973,0.271074439,-0.01825041,1.821088619,0.571103157,0.386042419
0.89438007,1.66843743,0.270548291,-0.015098501,1.818692114,0.570998344,0.388723816
0.89364549,1.667302527,0.270311054,-0.013392441,1.818038577,0.570983463,0.390558133
0.893818666,1.665544189,0.270270157,-0.012971063,1.815494869,0.571372274,0.390456671
0.897088894,1.661142371,0.271639796,-0.012187801,1.815063009,0.57188327,0.390712724
0.900880727,1.670740998,0.271537545,-0.008948697,1.81276701,0.573923233,0.394261335
0.900992119,1.663788396,0.271573599,-0.012515577,1.810985221,0.573489783,0.389918207
0.89141432,1.648993929,0.269455746,-0.014699558,1.809095912,0.571156744,0.388189594
0.896589952,1.656054302,0.267800862,-0.007636352,1.804663462,0.569595618,0.392319711
0.901415578,1.662317508,0.268924691,-0.005109969,1.803936794,0.571232802,0.394451546
0.895661251,1.65872797,0.268470145,-0.005047441,1.802141529,0.571644755,0.395130461
0.892667766,1.652692284,0.267660825,-0.006589266,1.802195332,0.572219675,0.396001018
0.896215653,1.652020178,0.267510129,-0.006597011,1.801260538,0.571982701,0.395483635
0.898602401,1.657106297,0.268979008,-0.003231073,1.801611326,0.571332572,0.395977061
0.898300013,1.656937118,0.268461371,-0.001397975,1.801352726,0.57154554,0.398623368
0.897840561,1.655941087,0.268439327,0.000141346,1.80202289,0.571289381,0.400397338
0.900507695,1.659098966,0.269846691,0.002766009,1.803798493,0.571434621,0.402155709
0.900793246,1.658528056,0.269894254,0.004516781,1.804553927,0.571741617,0.404782169
0.900831769,1.659228683,0.269551666,0.006411068,1.804150323,0.571883393,0.407011378
0.901885377,1.660624876,0.2714525,0.006719466,1.806423339,0.572478592,0.406841905
0.903464502,1.66006315,0.272038428,0.008360629,1.807242896,0.572361604,0.408239585
0.903998259,1.660642503,0.271061778,0.01139542,1.806480106,0.571808929,0.411347138
0.906232323,1.661267899,0.271923075,0.011731462,1.807316834,0.572517285,0.411918708
0.905641652,1.659730585,0.271984193,0.012105185,1.807141825,0.573035811,0.413009912
0.905861942,1.659144638,0.272322704,0.012212012,1.806974403,0.572935251,0.412607619
0.905406917,1.658913949,0.272291639,0.013254967,1.806025842,0.572628979,0.412884252
0.905070342,1.659169742,0.271450256,0.013621473,1.805136608,0.572774218,0.413908106
0.903645375,1.65562152,0.271794917,0.012592821,1.803023731,0.573595981,0.412903888
0.90292411,1.655806869,0.272342859,0.012717905,1.802098052,0.57405752,0.412481102
0.903543691,1.655046165,0.273215361,0.012915042,1.801580772,0.574493248,0.412077109
0.904447063,1.656031588,0.272037367,0.01134944,1.800453245,0.57550925,0.412288272
0.900903955,1.654776767,0.272438519,0.011337382,1.800177539,0.574252291,0.410355231
0.900118533,1.652609336,0.271911157,0.010215205,1.798803965,0.574971599,0.410271219
0.903081356,1.650442917,0.273365721,0.006729205,1.79801851,0.575560295,0.405622227
0.898311836,1.648878943,0.272453256,0.006454664,1.793788128,0.57607411,0.405062825
0.896665086,1.646744217,0.270820883,0.005005007,1.792835716,0.575806167,0.404910156
0.896849032,1.646386947,0.272215914,0.002992261,1.790870587,0.57695393,0.401682753
0.898331556,1.646139907,0.272336337,0.001184791,1.790104197,0.576729017,0.399055244
0.896754616,1.644463446,0.272830016,-0.001113846,1.78975145,0.577184745,0.396752668
0.895253568,1.643815459,0.273176988,-0.003941401,1.789515521,0.578970364,0.395561646
0.894715382,1.641265437,0.273265428,-0.006436674,1.788611196,0.578821592,0.392620062
0.890851223,1.640997622,0.272378047,-0.008086406,1.786231559,0.579314952,0.391345032
0.892168209,1.638629527,0.273420298,-0.01335497,1.786334158,0.579964313,0.38586382
0.887373686,1.644351472,0.27308322,-0.013246534,1.786675385,0.578623403,0.38413795
0.894117065,1.640652182,0.273372803,-0.015415857,1.786281502,0.580373278,0.384019878
0.890337988,1.640516631,0.273628619,-0.01887839,1.786686992,0.579903276,0.379787235
0.886793287,1.639584179,0.274029136,-0.020117477,1.785999924,0.579744138,0.377635352
0.884797363,1.63776219,0.272329232,-0.023127765,1.783560988,0.579779857,0.375489112
0.88534856,1.63593985,0.274242002,-0.026666043,1.782618955,0.580037071,0.369767246
0.880069076,1.639799255,0.270463551,-0.025690467,1.78473831,0.577815982,0.37286864
0.879688023,1.643656217,0.271152923,-0.028386149,1.785135084,0.577739032,0.368911722
0.887825964,1.638275836,0.274007398,-0.034133563,1.789572136,0.57960559,0.364887486
0.882405329,1.63961879,0.271458729,-0.034416058,1.787057388,0.579278656,0.365659712
0.878172894,1.643699238,0.270360021,-0.035683371,1.787124296,0.578697731,0.364416092
0.878400149,1.6442247,0.271644441,-0.03745941,1.788761399,0.578552092,0.361713721
0.882041006,1.643710822,0.273150197,-0.04127738,1.79146844,0.578155973,0.356969518
0.878907712,1.645244238,0.270589921,-0.043051219,1.790822809,0.577474514,0.356686403
0.874119597,1.645064404,0.269180505,-0.045148118,1.789707454,0.577221935,0.355259086
0.87882341,1.644367614,0.271727309,-0.04814446,1.792588729,0.576837496,0.350300187
0.875223025,1.642985782,0.269659251,-0.051958851,1.791520738,0.576529032,0.347905598
0.873136314,1.642132459,0.269629398,-0.053266989,1.78979443,0.575890063,0.345061831
0.876028626,1.643542232,0.268150076,-0.056472882,1.789525886,0.575342165,0.342447982
0.872094443,1.64212131,0.267706607,-0.059635607,1.789167657,0.575371066,0.339676961
0.871300326,1.640314733,0.269034753,-0.061674797,1.788798781,0.57534922,0.336070454
0.871999896,1.640923257,0.267972483,-0.064205303,1.787044539,0.575116522,0.333447877
0.870967443,1.641937446,0.267822662,-0.068070794,1.787806378,0.575298578,0.330095888
0.869822124,1.641812599,0.267633051,-0.071078499,1.787861627,0.575960044,0.328032916
0.868099677,1.641536901,0.267693895,-0.075026189,1.787991712,0.575412872,0.323292167
0.868451317,1.640720836,0.266525316,-0.078228303,1.788248982,0.575470982,0.321542535
0.869954562,1.641935261,0.269074353,-0.0812813,1.788205595,0.575412381,0.315329438
0.867759428,1.642137326,0.268546871,-0.083469065,1.789074187,0.575174304,0.313754849
0.866925788,1.641936215,0.26817278,-0.08705203,1.789027163,0.575394503,0.310729383
0.86854476,1.641082919,0.268156708,-0.088933303,1.788773506,0.575599019,0.309007314
0.869728107,1.643197922,0.268825613,-0.090498088,1.789229011,0.575520917,0.306566186
0.864463482,1.646073148,0.268126969,-0.092039985,1.790720413,0.575079953,0.305633581
0.86552937,1.643765689,0.267920025,-0.095573386,1.790849524,0.575447253,0.302903991
0.866631489,1.644392186,0.269120145,-0.099317766,1.792751286,0.575123341,0.298117976
0.865217716,1.645076694,0.269764125,-0.100855991,1.793640195,0.575509424,0.296633758
0.865573661,1.644094023,0.269262172,-0.103200566,1.791497004,0.575446049,0.293774711
0.864045679,1.644123264,0.267570233,-0.105617531,1.791078771,0.575393897,0.292894575
0.862322234,1.64520112,0.267492194,-0.107033089,1.791611063,0.574768352,0.290885454
0.863047618,1.644833563,0.268093821,-0.109939588,1.791499364,0.574584808,0.286956442
0.863509186,1.644526366,0.268305359,-0.113218354,1.79164088,0.5744985,0.283304785
0.862466856,1.646319768,0.26691433,-0.114693238,1.791784665,0.57414295,0.282801984
0.859760377,1.646352339,0.267614154,-0.117986304,1.792225747,0.573207192,0.277650142
0.860843988,1.646639363,0.266877443,-0.121928144,1.793973941,0.573253641,0.275186328
0.860732798,1.643798616,0.266897884,-0.125433028,1.793997027,0.573047893,0.271481612
0.858098503,1.647575322,0.265161557,-0.125388663,1.792800685,0.571793115,0.271098594
0.854547853,1.649326565,0.263712973,-0.127367816,1.791432519,0.57143231,0.269477246
0.851902596,1.645885864,0.261345783,-0.131752796,1.791625562,0.570868877,0.267173653
0.851655917,1.645069266,0.262597684,-0.136971594,1.792712627,0.570509197,0.260439547
0.853835433,1.648396472,0.264277181,-0.142187602,1.795288774,0.57045509,0.253998565
0.851242879,1.648102359,0.263286985,-0.143969616,1.795329193,0.569912905,0.252604091
0.849408056,1.648102949,0.261354619,-0.146300449,1.793837521,0.568948511,0.250488659
0.847757245,1.649628369,0.261186569,-0.15063941,1.795100804,0.569519367,0.247329203
0.846206371,1.64984022,0.259932538,-0.154437941,1.796659534,0.568869541,0.244612045
0.846223638,1.648045897,0.261076179,-0.159463843,1.797577102,0.568522819,0.238141985
0.847006153,1.64657664,0.262322175,-0.164737096,1.798181076,0.568499994,0.231556722
0.845413449,1.648762555,0.262286364,-0.167931723,1.799488078,0.568613207,0.228847377
0.845315643,1.64958746,0.262378153,-0.170373885,1.798791881,0.568613574,0.225869563
0.843409153,1.649390616,0.260199657,-0.17358279,1.798845445,0.568365467,0.224644731
0.84212669,1.649058453,0.260612114,-0.178178488,1.799458234,0.56906015,0.220518217
0.842837398,1.648538586,0.261540503,-0.181680629,1.799643151,0.56942808,0.216394809
0.838309397,1.653458636,0.262693723,-0.181993264,1.800438317,0.569431668,0.21494169
0.845348749,1.659640516,0.267071253,-0.184070131,1.803117799,0.571285307,0.211107708
0.843594799,1.64343862,0.267468164,-0.195090884,1.801698707,0.574214095,0.202789745
0.842624846,1.623017682,0.265143836,-0.205631864,1.796338288,0.575947278,0.194843073
0.842470571,1.629627665,0.264296503,-0.204258592,1.790565679,0.576018643,0.194762339
0.839911259,1.644105489,0.264298403,-0.200981192,1.786182146,0.576421899,0.196493739
0.837416103,1.652070179,0.261961651,-0.201105645,1.788859121,0.576143273,0.199429796
0.836785772,1.644856296,0.261398385,-0.206771597,1.793700169,0.576784702,0.197081447
0.841224247,1.644722505,0.266060349,-0.212293711,1.79976262,0.577384102,0.189391276
0.844168055,1.649648887,0.270682686,-0.218432252,1.804772459,0.578424373,0.181089052
0.844141856,1.648742405,0.270233662,-0.219974299,1.804391145,0.578456056,0.179858833
0.842274644,1.646740365,0.266161505,-0.222795706,1.801304601,0.578896424,0.180712747
0.843319494,1.639375291,0.265265017,-0.230417979,1.795891573,0.579342052,0.172216183
0.839674491,1.641861829,0.263908619,-0.235488327,1.796691421,0.579643403,0.169023914
0.837758983,1.649135875,0.262874606,-0.234571282,1.800193047,0.576545202,0.168566828
0.838312179,1.656603594,0.261709283,-0.236172613,1.803171346,0.574572308,0.166804347
0.834755756,1.648720779,0.262204211,-0.242075075,1.807879064,0.573658541,0.160797252
0.837413832,1.649095524,0.263692075,-0.244174602,1.812680138,0.572431628,0.157249338
0.83838236,1.657559009,0.264754986,-0.24466037,1.814469454,0.57244174,0.156232683
0.837198473,1.656749756,0.263753117,-0.244799623,1.814422714,0.571895949,0.156481126
0.835731889,1.653567164,0.261259932,-0.244391379,1.811081173,0.571612436,0.158046311
0.834228591,1.652907707,0.260340317,-0.244632183,1.810370095,0.571531456,0.158428694
0.834164416,1.650959214,0.260622101,-0.24543254,1.808347355,0.572245329,0.157396992
0.83336455,1.650665875,0.260468006,-0.24506681,1.807348162,0.572549587,0.157954266
0.833192519,1.649539716,0.259986674,-0.245353414,1.805976777,0.57285248,0.158044347
0.832335094,1.651490748,0.258549024,-0.243014601,1.804659914,0.571917701,0.160391702
0.829347618,1.650280106,0.256492336,-0.24133049,1.801917766,0.57199966,0.163463141
0.828911483,1.651095751,0.255089909,-0.240891664,1.801358212,0.571351395,0.164437912
0.829669145,1.651026253,0.255202424,-0.242084488,1.802328457,0.571793462,0.163991558
0.831161995,1.651459147,0.258153234,-0.245925348,1.806541032,0.572081968,0.158697672
0.832252361,1.651442218,0.259375637,-0.249145405,1.808599728,0.572924708,0.155817363
0.832678767,1.651554067,0.260205296,-0.25090001,1.810606566,0.572400029,0.153155517
0.831486307,1.652883236,0.259742779,-0.250008859,1.809895561,0.572283946,0.15418615
0.830799155,1.653822131,0.258195141,-0.249158383,1.808687512,0.571903125,0.155846952
0.831037706,1.653177691,0.258065629,-0.248388317,1.808779815,0.571687573,0.156576679
0.832378557,1.652945843,0.25916881,-0.248983288,1.809705705,0.57246606,0.156057111
0.833338235,1.654812622,0.260298188,-0.248959295,1.811357228,0.572680162,0.155741447
0.832907258,1.655315613,0.259873827,-0.248432602,1.81183901,0.572915261,0.157243373
0.832912711,1.654937359,0.259799222,-0.247820083,1.812258479,0.572758898,0.157924843
0.831892487,1.654457425,0.259172512,-0.248255249,1.81208529,0.572855426,0.158214582
0.832456734,1.655018616,0.259282068,-0.248449676,1.81270292,0.573023806,0.158338309
0.831654627,1.655341349,0.258968933,-0.248340991,1.813176584,0.573329508,0.159376496
0.830003275,1.658508289,0.258824656,-0.247398826,1.813641209,0.573529561,0.160956171
0.829346748,1.658745989,0.258083114,-0.246427184,1.813383904,0.573843301,0.16309039
0.83043109,1.657477296,0.257910843,-0.246196006,1.813819644,0.573274704,0.162981121
0.831682174,1.659472407,0.259027962,-0.245585631,1.814997393,0.573680612,0.163351608
0.83292647,1.659475773,0.259968831,-0.246070147,1.816131544,0.574054918,0.162708778
0.834056374,1.658269294,0.260683557,-0.246257305,1.817165181,0.574023085,0.162084316
0.834702183,1.658748644,0.261067982,-0.245978156,1.817710836,0.574158313,0.162326493
0.835557017,1.659315256,0.261301692,-0.245670522,1.818421076,0.573604847,0.161973235
0.836897155,1.658611751,0.261739897,-0.245402445,1.819056093,0.573583685,0.162003228
0.837919626,1.656441276,0.262052124,-0.247204889,1.819320264,0.574299802,0.160760115
0.838690098,1.658438558,0.26442267,-0.247817181,1.821007842,0.574604127,0.158524942
0.842784685,1.659120567,0.266003221,-0.24920054,1.823122346,0.57399337,0.155345844
0.841998019,1.658937293,0.26590277,-0.249773661,1.82525424,0.573626579,0.155194081
0.840917604,1.659571174,0.265799062,-0.248559653,1.825584875,0.573668393,0.156774702
0.841529709,1.661767304,0.265833155,-0.247893832,1.826859448,0.573172144,0.157295527
0.841121667,1.662426574,0.265706749,-0.247112773,1.827005124,0.573128623,0.158252095
0.838061993,1.663802545,0.263151393,-0.243333644,1.825574663,0.572694293,0.16398006
0.836901342,1.664693611,0.261005285,-0.240922668,1.824616882,0.571371443,0.16686636
0.840418554,1.664942995,0.262786634,-0.241830237,1.828171223,0.572379985,0.166580031
0.84278698,1.665876728,0.266182071,-0.244118445,1.832525522,0.572850728,0.162673785
0.847076405,1.665912782,0.269154014,-0.246585576,1.836917669,0.57270442,0.158245839
0.847385166,1.668523893,0.269024184,-0.244256839,1.838751413,0.572728128,0.161585304
0.844873035,1.66700444,0.266657329,-0.242232,1.836306059,0.572133299,0.164673183
0.838935161,1.666868895,0.260465144,-0.234991923,1.831101701,0.569610229,0.174018992
0.839500703,1.668584784,0.260371451,-0.233262093,1.830474248,0.569869637,0.176021413
0.840816907,1.667445054,0.261468907,-0.233203215,1.83238378,0.569701493,0.175402257
0.843442229,1.667755107,0.262612291,-0.233437531,1.834028859,0.569533328,0.174295548
0.844373916,1.669333788,0.263430847,-0.232241431,1.83538001,0.569575282,0.175219269
0.843933341,1.669368274,0.262845868,-0.229807924,1.835318612,0.568914991,0.177582995
0.841740819,1.66914816,0.261319012,-0.225775862,1.833313825,0.568238858,0.181888557
0.842567966,1.667068403,0.261367861,-0.225842569,1.833604434,0.568628599,0.18241261
0.843628591,1.667136896,0.261775784,-0.225666128,1.834583922,0.568556779,0.182446383
0.845009378,1.670164067,0.261296001,-0.222373508,1.834537972,0.567293981,0.184788306
0.843884413,1.671848817,0.260176392,-0.218899824,1.834408869,0.566487197,0.188623496
0.842600396,1.671832762,0.25894197,-0.217045626,1.834591246,0.566079762,0.191528979
0.84179432,1.671131334,0.258270338,-0.215736815,1.83612931,0.565020841,0.192937408
0.844050212,1.67052326,0.259034954,-0.214670434,1.836438238,0.565137393,0.193482425
0.84444625,1.671966643,0.258992359,-0.21155469,1.835773752,0.564842562,0.196144505
0.843641657,1.670583567,0.256554163,-0.208479092,1.833654542,0.563986952,0.200232249
0.845120647,1.669637858,0.256649715,-0.206107076,1.833170083,0.563455406,0.20176925
0.844129036,1.670592867,0.256774547,-0.203978358,1.832657844,0.563975832,0.204315361
0.842663303,1.668405827,0.256626771,-0.201392217,1.831497749,0.563489203,0.206161633
0.845908905,1.667178521,0.257078038,-0.20021658,1.831347662,0.564018053,0.207539993
0.847169791,1.669896541,0.257858476,-0.196807194,1.831440611,0.563597026,0.209688162
0.846318389,1.66858734,0.257623038,-0.194865868,1.830565084,0.563528208,0.211582431
0.846844432,1.668167902,0.257489469,-0.192233993,1.830197568,0.564193284,0.215223025
0.846985948,1.668596122,0.258117772,-0.190014783,1.829612264,0.564096961,0.216472421
0.847792452,1.667629123,0.258091986,-0.18884805,1.829383185,0.564705092,0.218431532
0.847158978,1.665864619,0.259161193,-0.18640883,1.829035559,0.56510287,0.220223913
0.848582587,1.665715054,0.260016228,-0.182869529,1.827203041,0.565733419,0.223025846
0.853044094,1.66973948,0.260601971,-0.178816841,1.828239656,0.565589139,0.226743885
0.853952291,1.666669632,0.261734689,-0.178211972,1.826615206,0.566675628,0.226914609
0.851327336,1.662374077,0.261393025,-0.176575988,1.825075125,0.567252331,0.229258912
0.853506263,1.66438542,0.262631096,-0.173989398,1.824884323,0.566828169,0.229893894
0.85695301,1.665806191,0.264153373,-0.171861194,1.823498677,0.567527791,0.230654584
0.85630643,1.666294254,0.26334885,-0.16835958,1.824222031,0.567497483,0.235485997
0.857174437,1.665791134,0.263787759,-0.165877953,1.823515627,0.568141576,0.238125646
0.858086183,1.665228057,0.264735867,-0.162914253,1.823231898,0.568221056,0.240186492
0.858026918,1.665990838,0.264914645,-0.159463904,1.823089255,0.568300511,0.243593535
0.85887087,1.665655765,0.265071488,-0.157127425,1.822391714,0.56898675,0.246455303
0.860265156,1.666334917,0.266714306,-0.153785902,1.823144016,0.568903582,0.248282507
0.862430531,1.666552957,0.266322152,-0.149291223,1.823811669,0.568411167,0.253084306
0.862988843,1.669249561,0.266618443,-0.144007048,1.823162568,0.567862976,0.257147398
0.864701631,1.668813167,0.265651328,-0.142889832,1.82334635,0.568261828,0.260028374
0.863504949,1.670267605,0.265331574,-0.137646347,1.82428793,0.567880067,0.26570898
0.864701924,1.668821809,0.264782072,-0.13435588,1.823411144,0.567505785,0.269002258
0.866714333,1.66745928,0.265312752,-0.13232648,1.823145814,0.56725196,0.270159811
0.867428252,1.667740302,0.264427,-0.128766069,1.823322556,0.566887888,0.274477511
0.867012073,1.667280778,0.263395482,-0.125049381,1.8209608,0.566470852,0.277975869
0.865844349,1.667326794,0.262695464,-0.121719951,1.820176422,0.565942506,0.281228042
0.867368502,1.666814235,0.262652968,-0.119428669,1.820424703,0.566060928,0.283964337
0.868802365,1.666278896,0.262361261,-0.116822198,1.819578845,0.565705738,0.286226232
0.869473619,1.664846461,0.262484425,-0.115139711,1.818545994,0.565924525,0.287747063
0.867198945,1.664395553,0.262059469,-0.111775364,1.816939612,0.565926591,0.291062138
0.871115201,1.665798394,0.263683663,-0.109622795,1.817079994,0.566638197,0.292312547
0.872021042,1.666696716,0.263329219,-0.106640761,1.816975155,0.566229048,0.295178545
0.872000215,1.662636605,0.262711585,-0.105286987,1.815805828,0.566438415,0.297348569
0.872338475,1.663668897,0.263679531,-0.102445192,1.815237334,0.567075262,0.299666712
0.874360023,1.664392964,0.264505796,-0.101420958,1.814257885,0.567838892,0.300237236
0.8750878,1.662495579,0.264365937,-0.098896442,1.814538846,0.567705147,0.303157112
0.876510067,1.660606269,0.264012106,-0.097474602,1.813683657,0.567506152,0.30454534
0.876246025,1.662022681,0.264600156,-0.09476777,1.812000688,0.567785475,0.306144956
0.875833938,1.660202065,0.264607915,-0.092282982,1.811066784,0.568159062,0.30893924
0.876758444,1.65965948,0.265948962,-0.090214574,1.810517248,0.568760255,0.310106958
0.87967361,1.660436336,0.267944781,-0.087751855,1.81059937,0.569589372,0.311404923
0.880028981,1.660136672,0.26697338,-0.085242932,1.810791782,0.569047392,0.314555455
0.880314161,1.658097017,0.267219019,-0.081787626,1.810281565,0.569470987,0.31837144
0.879772852,1.659228201,0.26777071,-0.077818741,1.809391315,0.57030751,0.322373916
0.882468416,1.66219339,0.26826864,-0.073051575,1.811115125,0.570234417,0.327189618
0.884964778,1.658850664,0.268981815,-0.071170241,1.809747314,0.57085526,0.328798468
0.884469836,1.656418842,0.268479926,-0.068208228,1.807758199,0.570883875,0.331771248
0.884658845,1.657789279,0.267966227,-0.064546202,1.80728183,0.570535301,0.335369029
0.884652782,1.658709505,0.268668783,-0.060154431,1.805296383,0.570897387,0.338490869
0.886922907,1.653841706,0.267605954,-0.059026225,1.805422155,0.570164804,0.340533392
0.886089898,1.653685363,0.266445767,-0.054454835,1.804987656,0.569510541,0.345600558
0.886138405,1.657286952,0.266632066,-0.0517549,1.805252046,0.570196191,0.3487943
0.887382346,1.660959018,0.268434591,-0.047424954,1.806199017,0.57025666,0.351345931
0.887718297,1.658968723,0.266786107,-0.045560548,1.807961429,0.570176508,0.356154636
0.88709605,1.660224903,0.266724224,-0.042373949,1.809065185,0.569651465,0.359287809
0.889507437,1.662300614,0.267422364,-0.040575984,1.809644668,0.569890816,0.360690892
0.88876059,1.663733517,0.267633644,-0.037593575,1.810793324,0.570173938,0.364279418
0.887603438,1.661682354,0.26671899,-0.034070241,1.811435524,0.569157943,0.368277415
0.888547713,1.664439102,0.26744097,-0.032475242,1.811310496,0.569571823,0.369209951
0.889687998,1.665682419,0.267448036,-0.028051539,1.813796003,0.568993385,0.374164088
0.893080392,1.66756092,0.267101853,-0.025778749,1.814469922,0.56879944,0.3768035
0.892080985,1.667149659,0.267845583,-0.021732553,1.814813942,0.568528953,0.380016096
0.892998762,1.666763719,0.267289979,-0.020286091,1.815361499,0.569299068,0.383431884
0.894532056,1.668439295,0.268688767,-0.015805734,1.815544748,0.569516093,0.386622099
0.896621184,1.670548533,0.268770696,-0.01396128,1.817540084,0.569400686,0.389031833
0.895446194,1.67276046,0.267936464,-0.009406776,1.8196732,0.56903259,0.395061926
0.895714493,1.6730985,0.269113059,-0.006870916,1.822303662,0.569068841,0.397690105
0.896245078,1.67509989,0.269623311,-0.003609698,1.823330352,0.569242243,0.400948814
0.897496995,1.677783907,0.269024821,-0.000404325,1.825399617,0.569318127,0.405754038
0.896448763,1.679742464,0.268028063,0.001306679,1.827011099,0.569110134,0.409010342
0.894674291,1.683076863,0.268341928,0.00384186,1.830746506,0.5684238,0.411870729
0.898019446,1.683885309,0.268885823,0.006292019,1.832426168,0.568155349,0.414188933
0.89705613,1.684303614,0.267375993,0.007757249,1.834328091,0.56767171,0.417818334
0.896713445,1.685861199,0.267270573,0.009414916,1.835912856,0.567504002,0.420068432
0.897597418,1.686508144,0.267060205,0.009089972,1.836300115,0.567495142,0.420069719
0.896811546,1.686196922,0.266297382,0.010982009,1.836445434,0.566385488,0.421645358
0.897704084,1.685695671,0.26656576,0.010758514,1.835624266,0.566713714,0.421149088
0.897643723,1.686447556,0.266430961,0.011465344,1.836314107,0.566656687,0.422214774
0.897223829,1.686580013,0.266256252,0.012100377,1.836055939,0.566181661,0.422329175
0.894801281,1.686544836,0.265373008,0.011935441,1.835511561,0.565737642,0.422338146
0.894625115,1.686591447,0.264911801,0.010914808,1.836247795,0.566039956,0.422602378
0.895119878,1.685391316,0.265012642,0.010643056,1.834714494,0.565712896,0.421148534
0.895434755,1.685176307,0.265487098,0.008749874,1.835545467,0.56550728,0.418824175
0.894891822,1.684247962,0.265168707,0.00848003,1.83357324,0.566009241,0.418661531
0.896945759,1.681269606,0.265729402,0.00644544,1.831595182,0.566459027,0.415833937
0.895809167,1.680213959,0.264999487,0.005956659,1.830135757,0.56648563,0.415617976
0.89416676,1.681719911,0.265158544,0.006010522,1.828335361,0.566547171,0.41439819
0.893595511,1.679367112,0.264679735,0.004389846,1.828530475,0.566371144,0.413489963
0.89406203,1.677264226,0.266454985,0.000159495,1.826596425,0.568026265,0.408405836
0.891848414,1.676619741,0.264670448,-0.001314596,1.824615731,0.567940763,0.407914212
0.891090576,1.674980229,0.266062898,-0.003263356,1.824656089,0.568669796,0.405428692
0.89020945,1.672536858,0.267238249,-0.005239275,1.822746519,0.569049318,0.401827575
0.887696915,1.672025168,0.266642029,-0.005751696,1.820546006,0.569075164,0.400958603
0.88989513,1.669614129,0.266060397,-0.009390333,1.820287004,0.5691123,0.398100821
0.883006545,1.671502307,0.26579854,-0.010151381,1.819330696,0.569138944,0.396901372
0.883503844,1.673012584,0.266067721,-0.011366251,1.820043403,0.568964741,0.395274155
0.885382432,1.671012591,0.265378435,-0.012905817,1.819157369,0.568867187,0.39414986
0.881232941,1.67014148,0.264677635,-0.015129887,1.818641687,0.568512223,0.392059312
0.879130954,1.670672363,0.265576681,-0.016509391,1.818812087,0.568740921,0.389883999
0.881492368,1.669387024,0.264145138,-0.018261802,1.81801429,0.568702453,0.389430777
0.882404923,1.667251348,0.264551363,-0.020421011,1.817501862,0.568487836,0.386469721
0.877662283,1.668942913,0.263650332,-0.020453501,1.816412482,0.568466264,0.386694012
0.874856506,1.668117674,0.263890155,-0.023648608,1.815734512,0.568317632,0.382652922
0.879605795,1.668420872,0.264444443,-0.024389455,1.81708885,0.568152994,0.381682063
0.879149674,1.667305498,0.263730725,-0.025653931,1.815710324,0.567992803,0.380442307
0.874373703,1.664645841,0.263442039,-0.027784142,1.813506527,0.568579974,0.378517914
0.877107191,1.665407029,0.264594022,-0.029507753,1.814706696,0.568443731,0.375732524
0.873370209,1.666480635,0.263567519,-0.031322995,1.813095636,0.568002348,0.373545385
0.87406894,1.666080999,0.262976373,-0.033012367,1.812907297,0.567785398,0.372159862
0.874502881,1.666155591,0.264099558,-0.036907112,1.815900645,0.568000269,0.368573119
0.870529579,1.666513286,0.262731222,-0.037465772,1.812962716,0.568007899,0.368090763
0.871847332,1.665847647,0.264693639,-0.039518839,1.814435017,0.56777904,0.364221648
0.874362519,1.666338293,0.264238412,-0.043935632,1.815321436,0.568118955,0.360959455
0.869565907,1.664096774,0.26311964,-0.045976722,1.812973292,0.568066753,0.359170505
0.872007976,1.66419297,0.264881246,-0.048153964,1.81294286,0.568659469,0.355604565
0.870266728,1.662959087,0.263731121,-0.051590975,1.811149784,0.568717699,0.352670875
0.867164424,1.663867591,0.26259452,-0.052910477,1.811161787,0.568436829,0.35218075
0.869198435,1.662565456,0.264722259,-0.058230003,1.811411292,0.570012957,0.346448042
0.867997841,1.662377941,0.265166083,-0.059839735,1.811858518,0.569118557,0.343395261
0.868478477,1.665422443,0.263895639,-0.062211282,1.812274636,0.569087406,0.342230296
0.865674414,1.664761783,0.263792648,-0.064965435,1.812091351,0.569328581,0.339776137
0.865445659,1.662942697,0.264960157,-0.069629697,1.812730926,0.569726619,0.334578485
0.866731329,1.662328592,0.264913095,-0.072965451,1.813431557,0.569933496,0.331826854
0.864855255,1.663219136,0.265417678,-0.074319331,1.812358158,0.570253394,0.3296452
0.864503881,1.661633482,0.264688157,-0.078157398,1.811188111,0.569974456,0.32573013
0.865181898,1.660299948,0.263878092,-0.080682855,1.810413164,0.5702231,0.324095594
0.86250062,1.660647853,0.26537364,-0.083176349,1.809207141,0.571075659,0.320275443
0.861601433,1.657562185,0.26453121,-0.087430738,1.807812877,0.571191021,0.316570774
0.861647625,1.65916806,0.263950498,-0.088639606,1.808314072,0.571095161,0.31594964
0.864203404,1.659742991,0.266656154,-0.094142045,1.809228636,0.572372152,0.309137959
0.862174894,1.65898611,0.266568161,-0.096875449,1.809426365,0.572086083,0.306193125
0.862278324,1.658738106,0.265744587,-0.099183901,1.809058326,0.57211389,0.304603857
0.860180426,1.658189362,0.265025427,-0.101006083,1.806282269,0.571476763,0.301504005
0.85820266,1.658157834,0.263458883,-0.103604956,1.805441276,0.571359741,0.300026535
0.857292272,1.658029422,0.26396752,-0.106378079,1.805498001,0.571433852,0.296696709
0.856214517,1.658526254,0.264675243,-0.110041208,1.80656883,0.570940609,0.291935378
0.858797871,1.657380633,0.265731315,-0.115491973,1.807738417,0.571319639,0.286146774
0.856245438,1.661494232,0.264334899,-0.115100658,1.8081142,0.57071963,0.287258554
0.856540483,1.661714783,0.265134268,-0.118788039,1.80799514,0.570674772,0.282394562
0.855367212,1.660957427,0.265113039,-0.121320984,1.808647201,0.570662258,0.280117768
0.856168483,1.659386903,0.26419042,-0.124410026,1.809017579,0.570523485,0.278050315
0.853558775,1.658282573,0.263518887,-0.126728491,1.807731434,0.569695118,0.274850802
0.853389597,1.657510486,0.264013665,-0.130216681,1.805233821,0.570005821,0.269986051
0.853072828,1.658342196,0.263256069,-0.131938248,1.805545491,0.569734714,0.268788688
0.852198129,1.65718741,0.263686644,-0.13502389,1.805243918,0.569415057,0.264637905
0.854648519,1.655987471,0.264217762,-0.137629486,1.805280463,0.569437952,0.261450121
0.85274067,1.65699811,0.262418935,-0.139746628,1.804855924,0.569252864,0.260767245
0.850945804,1.658476795,0.261628288,-0.141171524,1.804599195,0.568505729,0.259056885
0.848739437,1.658594415,0.262117041,-0.143560674,1.805746007,0.568381602,0.256346082
0.849505178,1.661940376,0.261787389,-0.146030623,1.808202163,0.568336833,0.254961624
0.847726395,1.662516149,0.261870367,-0.147344903,1.810411872,0.56747912,0.253360464
0.846686385,1.664668623,0.262020867,-0.150598651,1.81271601,0.56774786,0.251025617
0.845955035,1.661857348,0.261524738,-0.153672116,1.814273308,0.567794862,0.249242841
0.846258993,1.666534118,0.26108921,-0.153815404,1.81367081,0.567109484,0.248221551
0.849147471,1.663080913,0.261277551,-0.158022776,1.815505902,0.567501161,0.245078971
0.846682725,1.657080606,0.261290461,-0.161955002,1.814607616,0.567893542,0.241337023
0.844348075,1.654125608,0.261375122,-0.166191978,1.812270545,0.568141067,0.236258575
0.845612374,1.657547513,0.262377873,-0.167802625,1.809493335,0.568946198,0.233122916
0.843567251,1.659084469,0.260422855,-0.168767617,1.808346521,0.568344227,0.232994767
0.841498185,1.654774029,0.258200998,-0.170906486,1.80667236,0.567897127,0.232147362
0.83875042,1.655280216,0.258003253,-0.173859472,1.80649158,0.568128335,0.229462816
0.840879273,1.655749197,0.258473112,-0.177786128,1.806304395,0.568787747,0.22556556
0.838203061,1.658079891,0.25947544,-0.180242719,1.807316785,0.569515968,0.223129082
0.837944654,1.65968421,0.260557583,-0.183271184,1.809544861,0.569922214,0.220135723
0.837909994,1.662874477,0.260273253,-0.184529491,1.811604431,0.570029501,0.220022991
0.837751007,1.663890352,0.260349568,-0.188217962,1.813838088,0.57071158,0.217815667
0.84129541,1.663078649,0.267319,-0.192687291,1.818161732,0.572853021,0.209874698
0.847084293,1.66983387,0.267062044,-0.194125545,1.818710894,0.574043453,0.210170458
0.841548464,1.636068073,0.267203566,-0.216271107,1.812509968,0.577452736,0.189393603
0.835758236,1.619046279,0.261268321,-0.221087262,1.80046593,0.576443614,0.184981623
0.838837858,1.645360208,0.263092357,-0.213639565,1.794324953,0.57673758,0.188228518
0.836628652,1.662990933,0.264757887,-0.211960368,1.796167624,0.576571105,0.188310026
0.83573104,1.653858083,0.261901671,-0.222280356,1.793366846,0.578775818,0.182481728
0.833281746,1.634059097,0.257158233,-0.232374613,1.791828884,0.579603196,0.177691034
0.834468043,1.650403348,0.260957455,-0.229611567,1.79966797,0.577872247,0.177256567
0.839475545,1.668835373,0.269715974,-0.233372729,1.810957237,0.578574601,0.168807603
0.840786,1.658882223,0.272990485,-0.241165637,1.815207369,0.579721605,0.160255439
0.840076481,1.644263116,0.26795544,-0.246398047,1.814141816,0.579504401,0.159706078
0.840107033,1.649725547,0.269822035,-0.246091693,1.814433178,0.579377284,0.157898927
0.845030591,1.657073716,0.273921313,-0.24948734,1.817502884,0.579506533,0.151131312
0.84455307,1.651779417,0.273211508,-0.249944941,1.815704734,0.579007013,0.150133775
0.838331073,1.649216166,0.26546457,-0.24651333,1.810063088,0.577370331,0.158025149
0.834467481,1.65216447,0.263340792,-0.243965813,1.805967373,0.576989793,0.160954547
0.834004633,1.650592827,0.263264784,-0.242307766,1.804058291,0.576797402,0.161819074
0.83643404,1.64933493,0.264074516,-0.244963707,1.805648653,0.577352526,0.159454129
0.8356562,1.65038425,0.263768991,-0.243151416,1.806184684,0.576953936,0.161387326
0.835822488,1.654798213,0.264592196,-0.242234705,1.80625631,0.57703731,0.161556225
0.83739573,1.652779674,0.265656118,-0.244415253,1.808334631,0.577725672,0.159777395
0.834488434,1.648921614,0.268103565,-0.244769803,1.810708165,0.578744029,0.158956903
0.838246295,1.651946853,0.265944938,-0.2475946,1.811554563,0.579841972,0.160044147
0.836149334,1.650059329,0.262535601,-0.247243751,1.806289676,0.577565073,0.159250667
0.830832184,1.648388862,0.259399095,-0.246367954,1.804384503,0.576894344,0.162037767
0.830614743,1.653942445,0.258780378,-0.243613542,1.801334754,0.57653756,0.163964408
0.827858072,1.650841493,0.256753737,-0.24606795,1.801351895,0.575636386,0.162495045
0.829780704,1.651894167,0.258981687,-0.249143099,1.805021508,0.576219879,0.158966666
0.832695138,1.655167652,0.261777427,-0.251789946,1.808644868,0.576590091,0.154983982
0.834579713,1.655390889,0.264551128,-0.256253004,1.81327499,0.576902088,0.14941384
0.833550635,1.653759966,0.264419191,-0.25757518,1.814318605,0.576955893,0.148625222
0.832637054,1.653874105,0.262195494,-0.25570654,1.811292165,0.576444369,0.151237512
0.832137875,1.654762102,0.261341408,-0.254470957,1.810379751,0.575947308,0.152512166
0.83230722,1.654002105,0.26164084,-0.253900898,1.811156144,0.57558849,0.152624763
0.833329607,1.655482138,0.262191803,-0.253703737,1.812714227,0.576130914,0.153500186
0.834631804,1.657648616,0.263484656,-0.253389523,1.814113119,0.576511192,0.153433656
0.835039113,1.658390304,0.263492233,-0.253006462,1.816294644,0.57653201,0.154698693
0.834862539,1.658249861,0.263491124,-0.252403982,1.816283955,0.576734758,0.155568098
0.83440086,1.658577608,0.263003484,-0.251629213,1.816826451,0.576665305,0.1570486
0.834925786,1.658222491,0.263553466,-0.252243309,1.817731443,0.577123736,0.156723357
0.835172887,1.657836349,0.264015704,-0.252950066,1.818547285,0.577218369,0.155901087
0.83488373,1.659613691,0.263952089,-0.252515085,1.818624974,0.57749861,0.156812117
0.834364778,1.659936293,0.263459704,-0.252312086,1.818569054,0.577381321,0.157402183
0.834195855,1.657707825,0.262436229,-0.252601978,1.818715417,0.577137034,0.15797625
0.834943521,1.658116884,0.264305489,-0.251730924,1.819065691,0.578037615,0.158097368
0.83321578,1.659552878,0.263043442,-0.25195987,1.819309829,0.57774076,0.158977812
0.83244304,1.662219229,0.262455662,-0.250951512,1.819053221,0.578243784,0.16123268
0.831907585,1.662486221,0.261221998,-0.249707549,1.818944828,0.577385656,0.162784646
0.832348945,1.662074909,0.261511931,-0.249558755,1.820074155,0.577321024,0.162968958
0.832499048,1.66328917,0.261747228,-0.249661495,1.821115301,0.576927736,0.162517947
0.83366653,1.664033507,0.262874732,-0.250481949,1.822873239,0.578051166,0.162509094
0.834675617,1.66374315,0.263723591,-0.250715657,1.823643243,0.578244066,0.161869858
0.834606356,1.66451909,0.264106663,-0.250501057,1.825182169,0.577397376,0.161185904
0.835397355,1.664434961,0.264877103,-0.250972268,1.826155628,0.577422988,0.16023985
0.836370671,1.663876599,0.266315626,-0.252062407,1.827394678,0.577882909,0.158544365
0.838152457,1.663167218,0.268351348,-0.253854328,1.82963856,0.578191113,0.155648722
0.84064397,1.663327116,0.270400447,-0.255028463,1.831897635,0.578101655,0.152877466
0.843646524,1.664256464,0.271818981,-0.25551853,1.833191663,0.578712458,0.152058221
0.843313558,1.662686589,0.272121018,-0.255494154,1.832602474,0.578879476,0.15173553
0.843370793,1.661924055,0.26980319,-0.255623295,1.831976362,0.578620155,0.153604907
0.839424156,1.66556787,0.266905343,-0.249980628,1.827972038,0.57752617,0.159842918
0.833791183,1.667746656,0.262499194,-0.244531971,1.824226219,0.576379874,0.16756354
0.835749877,1.666314797,0.263439218,-0.246025654,1.825555936,0.577797397,0.167281201
0.84117191,1.663670468,0.269408227,-0.252538513,1.832435417,0.580179408,0.159494295
0.844528786,1.665896963,0.272690761,-0.255421816,1.835898799,0.580114412,0.154045704
0.845057075,1.666930201,0.273618626,-0.25693598,1.838180609,0.578699814,0.15044384
0.845448923,1.664494283,0.273564807,-0.257123037,1.837379789,0.578948685,0.150327899
0.843403544,1.663578687,0.271597543,-0.254901456,1.834696261,0.578430827,0.153174433
0.838979419,1.663136189,0.267195761,-0.250154137,1.829050776,0.577360613,0.159554226
0.837678588,1.662551364,0.265558514,-0.247669899,1.825753986,0.577179801,0.162486492
0.840082867,1.662019892,0.266756122,-0.248522407,1.826793071,0.577416153,0.160964888
0.84235239,1.663132575,0.269027321,-0.249338331,1.828845579,0.577552797,0.158552059
0.841992838,1.662997776,0.268370812,-0.24754568,1.828869616,0.577094619,0.16060175
0.843207668,1.661860947,0.268141538,-0.245753389,1.828688504,0.57653677,0.161978559
0.843669232,1.663202247,0.268508481,-0.243379717,1.829196972,0.5766207,0.164378201
0.84384606,1.663722843,0.268641288,-0.240469664,1.829267933,0.57642087,0.16707794
0.842658416,1.66358416,0.266765722,-0.236076387,1.828145453,0.575607889,0.17233664
0.841664171,1.663621621,0.264910736,-0.231950977,1.828583934,0.574541776,0.177590248
0.84514118,1.667057926,0.26796646,-0.227741056,1.828841915,0.574434684,0.17854189
0.84726592,1.66857663,0.266662644,-0.223451147,1.833340359,0.57258153,0.183943602
0.849512709,1.67420858,0.266168907,-0.215447936,1.834028483,0.570735556,0.190748452
0.847947415,1.673507203,0.263297152,-0.210920248,1.833989631,0.569723413,0.197463429
0.848140257,1.670026363,0.263644665,-0.208198807,1.834465654,0.568902916,0.199158289
0.848207873,1.667766318,0.264960792,-0.203101669,1.834483968,0.568505775,0.202593474
0.850130829,1.66828799,0.265083131,-0.198406601,1.83089451,0.569814875,0.207604399
0.850888477,1.665198981,0.264009178,-0.194157154,1.829179753,0.568775415,0.211349424
0.85124687,1.662139372,0.262461338,-0.191211643,1.826320717,0.568742898,0.215071048
0.84914057,1.66005096,0.261009481,-0.187140444,1.821755992,0.568727566,0.219137545
0.848415906,1.658447396,0.261146652,-0.183804905,1.81902622,0.568693799,0.221363959
0.849450942,1.656916038,0.261104181,-0.182939055,1.817249751,0.569713501,0.222933467
0.850884966,1.654659649,0.262345857,-0.181078759,1.815874925,0.570343911,0.22379946
0.851454328,1.65551903,0.263134385,-0.177100918,1.813990072,0.570719778,0.226748932
0.853796585,1.65675009,0.264498888,-0.176101122,1.813729045,0.572189109,0.227970369
0.85320203,1.655835852,0.265453246,-0.172756782,1.812814867,0.572969706,0.231039661
0.853444621,1.654683093,0.265348703,-0.171488991,1.81318416,0.572868464,0.232565453
0.85619189,1.655700348,0.267413984,-0.170397577,1.812838516,0.573418509,0.231905132
0.857339423,1.652068339,0.267715532,-0.16915318,1.810956394,0.574217156,0.23325302
0.857935866,1.650562378,0.267724316,-0.166450676,1.808466488,0.574143716,0.234988484
0.859892333,1.651928877,0.269354174,-0.165684385,1.806119834,0.575821352,0.235014228
0.86134931,1.647059574,0.270733321,-0.165357332,1.805753982,0.576500063,0.234768106
0.865558249,1.64226312,0.270292295,-0.161516457,1.801516397,0.576672114,0.237937765
0.867865637,1.652837891,0.270219876,-0.154805513,1.799096403,0.577112589,0.243942569
0.865206001,1.650439444,0.26893346,-0.153232281,1.799587135,0.57684104,0.247018982
0.862767578,1.646734691,0.269947211,-0.153354601,1.800982611,0.576552859,0.246229903
0.866072837,1.648593399,0.273133288,-0.153162206,1.802445305,0.577689604,0.244844358
0.868976907,1.650098534,0.273180767,-0.14759262,1.801880065,0.577589282,0.250138272
0.870083869,1.647041714,0.27319012,-0.143618979,1.800707343,0.577570884,0.253927432
0.871337452,1.64851707,0.27378434,-0.140668062,1.800094842,0.578203608,0.25677165
0.871440522,1.648367188,0.27477668,-0.138405779,1.800778109,0.578951338,0.259262509
0.870774435,1.645393323,0.274580195,-0.136271136,1.799503282,0.578773513,0.261116681
0.872177094,1.64059314,0.273701483,-0.133687862,1.797761138,0.577971017,0.263363165
0.872500546,1.643734652,0.273273844,-0.127570446,1.795051781,0.577884355,0.268679639
0.871654453,1.642975545,0.273188191,-0.124774337,1.793301718,0.579406392,0.272826675
0.87177186,1.64252605,0.274284512,-0.121514861,1.793467451,0.57909858,0.274743228
0.874128428,1.641524345,0.274921369,-0.11749102,1.793567602,0.579624408,0.278984658
0.876850055,1.641656656,0.274248514,-0.114488888,1.792623957,0.580548574,0.283550977
0.879035568,1.642382093,0.27427766,-0.110758514,1.791605658,0.580398973,0.286689198
0.878339564,1.641682203,0.273835176,-0.106506951,1.791084613,0.580332012,0.291321406
0.881540125,1.641159398,0.274319705,-0.103601467,1.790014051,0.580604691,0.293705322
0.88066069,1.641374535,0.273387477,-0.100568744,1.789474751,0.580768609,0.297800412
0.879642272,1.642878656,0.274203152,-0.096479969,1.789452376,0.580120512,0.300187644
0.882239484,1.639970594,0.273789822,-0.094580011,1.790039207,0.579828381,0.302795496
0.882932964,1.640977264,0.272618087,-0.090472946,1.78871281,0.578958329,0.306580439
0.883346218,1.644699863,0.272766502,-0.085165639,1.788444731,0.578960522,0.311427624
0.883041247,1.642282934,0.272002007,-0.083311902,1.78907668,0.578178243,0.313760218
0.882763565,1.640535362,0.271648584,-0.080491434,1.789522196,0.577992333,0.317221161
0.883427439,1.644409217,0.271449855,-0.074718325,1.790197087,0.57717348,0.322374526
0.885060859,1.641359223,0.271801478,-0.071699136,1.789857486,0.577241,0.325311857
0.88420201,1.641756705,0.269446333,-0.068898289,1.79013094,0.576501153,0.330025674
0.886497413,1.647189806,0.27083009,-0.061807684,1.7913531,0.575525916,0.334636813
0.887414423,1.647638118,0.273326823,-0.055555552,1.792045546,0.575727102,0.33885515
0.8921562,1.646253044,0.272513765,-0.053248072,1.793260639,0.576039614,0.343251681
0.892196775,1.639440447,0.272514667,-0.052050126,1.792437509,0.575934136,0.344698001
0.891575292,1.644659902,0.270596758,-0.046124855,1.793368798,0.57604495,0.352995282
0.891542319,1.649076766,0.271250886,-0.039919354,1.792934236,0.576763659,0.358824709
0.893199779,1.645349406,0.269501443,-0.036445094,1.793492479,0.575908474,0.364033207
0.895645738,1.646953333,0.269586391,-0.03216202,1.79378051,0.577067935,0.369714045
0.896457488,1.649162131,0.269513164,-0.027456083,1.795199489,0.576198192,0.374042147
0.894767968,1.65242803,0.267426982,-0.022111716,1.796254642,0.575575265,0.381253032
0.893407524,1.649951377,0.266535992,-0.0212468,1.798366807,0.575561988,0.384503995
0.895052935,1.654219123,0.26579771,-0.015301636,1.800442708,0.573230348,0.389114427
0.897720127,1.651749581,0.266313804,-0.012618063,1.799732995,0.573823627,0.391997872
0.897144703,1.651572711,0.267029994,-0.009659302,1.800058457,0.574443654,0.395184005
0.898141852,1.651381711,0.267246621,-0.007453777,1.799085343,0.574927642,0.397321371
0.899226058,1.651206393,0.265952999,-0.00301555,1.798621069,0.574168207,0.402233381
0.898854242,1.651774764,0.264921428,-7.74E-05,1.79784914,0.574568598,0.406449771
0.900750383,1.652190555,0.265456918,0.003315101,1.798624502,0.574078804,0.409078536
0.901092048,1.653501443,0.264657528,0.007009079,1.799065789,0.573837789,0.413557429
0.903469525,1.654003814,0.265562533,0.009128911,1.801042837,0.575336418,0.417507274
0.903681177,1.654561201,0.265594444,0.010657272,1.80182047,0.575171008,0.419171261
0.90303405,1.655975605,0.265179891,0.012815329,1.803006316,0.574960794,0.422061168
0.904153793,1.654737744,0.265816125,0.013225951,1.803602212,0.576566231,0.424209594
0.905497657,1.655323963,0.266113609,0.014676329,1.804141341,0.576892479,0.425979133
0.906047019,1.656282362,0.266991703,0.016656153,1.805085232,0.577098458,0.427662391
0.907701555,1.655641911,0.268126999,0.016217664,1.806524625,0.578916964,0.428993716
0.908256411,1.656454775,0.268329483,0.01709716,1.806302837,0.579376287,0.430017742
0.90846546,1.656507151,0.268525062,0.017089284,1.806570815,0.579763144,0.430416547
0.909313671,1.657879695,0.270153535,0.016922915,1.807561603,0.581833535,0.431265404
0.908545038,1.654944007,0.271250445,0.0144902,1.80830203,0.582559588,0.429206579
0.907193276,1.654615122,0.270876206,0.014269622,1.806902684,0.582721849,0.428920683
0.907082037,1.655892992,0.27063482,0.014712657,1.806329372,0.583388733,0.429973114
0.909525278,1.649995298,0.274100692,0.01128903,1.803985277,0.585236402,0.42436932
0.907439363,1.641337029,0.272904358,0.008235546,1.801180326,0.585599661,0.422785554
0.907226652,1.639694445,0.273083145,0.006683887,1.794550692,0.587367415,0.41986613
0.909485083,1.637853408,0.273029694,0.00401577,1.790189797,0.588574862,0.41659334
0.90789097,1.635670242,0.271434638,0.002497658,1.78590506,0.588366042,0.414645119
0.904423236,1.635310176,0.27162008,0.000633589,1.78468764,0.589780423,0.41363026
0.904537801,1.636742647,0.273230505,-0.002661178,1.786097656,0.589560434,0.408683007
0.901722804,1.635538436,0.272476672,-0.005038751,1.78593238,0.588545603,0.405907602
0.899164188,1.633534577,0.271852155,-0.00720743,1.784722377,0.589346558,0.40498903
0.89954203,1.632171262,0.271759641,-0.009792253,1.783564888,0.588400958,0.400856519
0.894999346,1.63227215,0.271144313,-0.010784769,1.783036847,0.588880705,0.400809751
0.894049039,1.63305097,0.271404474,-0.01264976,1.783024524,0.589228495,0.398890521
0.897826495,1.632973037,0.271842142,-0.015391959,1.783494547,0.589445917,0.396080662
0.896149958,1.633020271,0.271474136,-0.017323337,1.783667411,0.588085895,0.392913086
0.892833421,1.63196709,0.270824793,-0.019790063,1.78318039,0.589189145,0.392291351
0.891460019,1.629635481,0.268810249,-0.022709014,1.782204361,0.588286333,0.390203239
0.890054042,1.631042052,0.268321155,-0.021454861,1.783932987,0.585955144,0.389966156
0.888509686,1.643953593,0.268343937,-0.020110448,1.784423336,0.586336308,0.390398818
0.890281148,1.638790177,0.271093053,-0.026435281,1.789450859,0.585876812,0.383404399
0.889439564,1.635094042,0.267661369,-0.029030594,1.789363418,0.585355465,0.384341917
0.884542649,1.637082671,0.268666578,-0.029381864,1.787554617,0.585495828,0.381862483
0.884968668,1.638207568,0.267483655,-0.03236094,1.788316682,0.583985282,0.378500584
0.88638627,1.637882341,0.266121887,-0.036334669,1.789272886,0.583661158,0.376016206
0.882611895,1.639058648,0.265970699,-0.039560749,1.790448189,0.583698615,0.373366108
0.879797198,1.639612442,0.265912116,-0.041540682,1.78962213,0.58283754,0.369833553
