0.63505,0.69778,0.31305,-0.1087
0.5626,0.45427,0.5971,-0.34725
0.6843,0.72222,0.07951,0.06169
0.63451,0.69853,0.31207,-0.10989
0.56235,0.45406,0.59762,-0.34706
0.68506,0.72167,0.0787,0.06077
0.63395,0.69934,0.31053,-0.11229
0.56268,0.45389,0.59738,-0.34715
0.68502,0.72194,0.07754,0.05953
0.63485,0.69882,0.30974,-0.11263
0.56145,0.45555,0.59545,-0.35026
0.6856,0.72162,0.07663,0.05788
0.63438,0.69937,0.30902,-0.11381
0.5605,0.45692,0.59439,-0.3518
0.68534,0.72199,0.07585,0.05724
0.63409,0.6999,0.30765,-0.11584
0.56055,0.45583,0.596,-0.3504
0.68551,0.72191,0.07603,0.05604
0.63457,0.69939,0.30804,-0.11528
0.55953,0.45771,0.59532,-0.35075
0.6875,0.72026,0.07435,0.05523
0.63442,0.69967,0.30783,-0.11493
0.55773,0.45994,0.59345,-0.35384
0.68335,0.72424,0.07458,0.0543
0.63173,0.70244,0.30555,-0.11886
0.55776,0.4592,0.59405,-0.35375
0.68397,0.72395,0.07321,0.05223
0.63192,0.70232,0.30522,-0.11945
0.55642,0.46093,0.59265,-0.35596
0.686,0.72218,0.07235,0.05131
0.6321,0.70211,0.30544,-0.11914
0.55546,0.46212,0.59181,-0.35732
0.68454,0.72368,0.07197,0.05015
0.6309,0.70338,0.30414,-0.12134
0.55528,0.46229,0.59135,-0.35812
0.68393,0.72426,0.07199,0.05014
0.63135,0.70316,0.3035,-0.12182
0.55493,0.46249,0.59192,-0.35748
0.68564,0.723,0.06994,0.04773
0.63165,0.70316,0.3027,-0.12228
0.55406,0.4636,0.59111,-0.35873
0.68583,0.7229,0.0695,0.04721
0.6309,0.7041,0.30106,-0.12483
0.55351,0.46437,0.5905,-0.35958
0.68532,0.72347,0.06894,0.04658
0.63129,0.70401,0.3004,-0.12491
0.55354,0.46479,0.59021,-0.35947
0.68615,0.72294,0.06722,0.04504
0.63099,0.70459,0.29934,-0.12567
0.5516,0.46757,0.58784,-0.36272
0.68572,0.72352,0.06613,0.04401
0.63003,0.70567,0.29789,-0.12789
0.55197,0.46652,0.58949,-0.36082
0.68545,0.72394,0.06522,0.04259
0.63061,0.70551,0.29686,-0.12833
0.55094,0.46824,0.58802,-0.36255
0.68606,0.72352,0.06419,0.04152
0.63048,0.70581,0.29631,-0.12854
0.55027,0.47006,0.58568,-0.36501
0.68662,0.7231,0.06308,0.04118
0.62932,0.70711,0.2951,-0.12989
0.54974,0.4702,0.58724,-0.36311
0.6851,0.72463,0.06247,0.04056
0.62939,0.70745,0.29394,-0.13028
0.54932,0.47105,0.58689,-0.36321
0.68472,0.72513,0.06149,0.03954
0.62932,0.70761,0.2938,-0.13009
0.54844,0.47281,0.58424,-0.36651
0.68565,0.72438,0.06042,0.03888
0.62909,0.7085,0.29157,-0.13139
0.54884,0.472,0.58512,-0.36555
0.68535,0.72484,0.05918,0.03746
0.62897,0.70886,0.29074,-0.1319
0.54697,0.47482,0.58317,-0.3678
0.68475,0.72552,0.05832,0.03644
0.62867,0.70936,0.28989,-0.13246
0.54652,0.4755,0.58217,-0.36918
0.68593,0.72461,0.05675,0.03503
0.62854,0.70998,0.28779,-0.13431
0.54655,0.47567,0.58223,-0.36881
0.68604,0.72453,0.0566,0.03462
0.62867,0.71025,0.28675,-0.13452
0.54605,0.47654,0.58146,-0.36964
0.68599,0.72469,0.05568,0.03376
0.62878,0.7104,0.28577,-0.13528
0.54516,0.47797,0.58018,-0.37112
0.68627,0.72461,0.05411,0.03222
0.62923,0.71062,0.28378,-0.13621
0.54487,0.47874,0.57866,-0.37293
0.68659,0.72442,0.05309,0.03148
0.62924,0.71097,0.28227,-0.13745
0.54441,0.47952,0.5792,-0.37177
0.68705,0.72411,0.05198,0.03041
0.63001,0.71053,0.28171,-0.13742
0.54253,0.48217,0.57694,-0.37458
0.68803,0.72332,0.05084,0.02908
0.63041,0.71067,0.28029,-0.13771
0.54231,0.48213,0.57717,-0.37459
0.68705,0.72436,0.04986,0.02793
0.62941,0.71192,0.27882,-0.13883
0.54136,0.48313,0.57683,-0.3752
0.68552,0.7259,0.04909,0.02674
0.62768,0.7136,0.27739,-0.14085
0.54056,0.48398,0.57635,-0.376
0.68632,0.7253,0.04774,0.02507
0.62748,0.71437,0.27523,-0.1421
0.53957,0.48511,0.57545,-0.37736
0.68703,0.72469,0.04714,0.0243
0.62752,0.71438,0.27491,-0.14247
0.53932,0.48534,0.575,-0.37809
0.68566,0.72608,0.04646,0.0229
0.62732,0.71459,0.27435,-0.14338
0.53811,0.48662,0.57431,-0.37921
0.68608,0.7258,0.04521,0.02153
0.62709,0.71507,0.27278,-0.145
0.53761,0.48694,0.57393,-0.38008
0.68662,0.72536,0.04454,0.02046
0.62692,0.71537,0.27185,-0.14601
0.53682,0.48745,0.57402,-0.38041
0.68646,0.7256,0.04386,0.01899
0.62708,0.71514,0.27212,-0.14595
0.53606,0.48794,0.57342,-0.38177
0.68623,0.72586,0.0436,0.01793
0.6269,0.71534,0.27161,-0.14669
0.53578,0.48825,0.573,-0.38239
0.68569,0.72642,0.043,0.01704
0.62606,0.71626,0.27046,-0.1479
0.53458,0.48823,0.57173,-0.38597
0.68538,0.72674,0.04341,0.01452
0.62405,0.71775,0.26982,-0.1503
0.53571,0.48489,0.57604,-0.38219
0.68284,0.72911,0.04388,0.01416
0.62308,0.71869,0.26761,-0.15375
0.53379,0.48728,0.57453,-0.38412
0.68388,0.72823,0.04271,0.01274
0.62416,0.71786,0.26643,-0.15534
0.53185,0.49352,0.56516,-0.39263
0.69132,0.72137,0.03997,0.01044
0.62668,0.71573,0.26623,-0.15533
0.53149,0.49322,0.56771,-0.38982
0.69659,0.71642,0.0377,0.00847
0.62985,0.71279,0.26833,-0.15238
0.5311,0.49188,0.57131,-0.38677
0.69312,0.71974,0.03853,0.00833
0.63029,0.71226,0.26949,-0.15099
0.52943,0.49358,0.57056,-0.388
0.68338,0.72899,0.03877,0.008
0.62811,0.71414,0.26934,-0.15146
0.52759,0.49585,0.56801,-0.39134
0.68429,0.72823,0.03741,0.00599
0.62411,0.71828,0.26483,-0.15631
0.52719,0.4958,0.56788,-0.39212
0.68917,0.7237,0.03602,0.00374
0.62247,0.71975,0.26298,-0.15915
0.52766,0.49473,0.56933,-0.39074
0.68807,0.72476,0.03564,0.00297
0.62153,0.7205,0.2624,-0.16039
0.52593,0.49701,0.56755,-0.39276
0.68427,0.72839,0.03492,0.0024
0.62209,0.72025,0.26226,-0.15958
0.52523,0.49843,0.56673,-0.39309
0.68529,0.72751,0.03324,0.0012
0.62208,0.72048,0.26171,-0.15948
0.52441,0.49971,0.56589,-0.39377
0.68713,0.72585,0.03162,-0.0004
0.62105,0.72168,0.26008,-0.16069
0.52512,0.49877,0.56748,-0.39172
0.68418,0.72867,0.03063,-0.0003
0.61946,0.72355,0.258,-0.16182
0.52434,0.50094,0.56538,-0.39304
0.68251,0.73031,0.02876,-0.00107
0.61909,0.7244,0.25627,-0.16214
0.52397,0.50183,0.56351,-0.39507
0.68529,0.72779,0.02638,-0.00289
0.61975,0.72406,0.25618,-0.16127
0.5224,0.50441,0.56097,-0.39748
0.68458,0.72849,0.02536,-0.00336
0.62034,0.72384,0.2556,-0.16096
0.52209,0.5056,0.56011,-0.39758
0.68307,0.72995,0.024,-0.00415
0.62011,0.72437,0.25473,-0.16083
0.52193,0.50633,0.55908,-0.3983
0.6825,0.73052,0.02271,-0.0048
0.61947,0.72513,0.2537,-0.16148
0.52077,0.50818,0.5584,-0.39842
0.68339,0.72974,0.02041,-0.00635
0.61717,0.7277,0.2506,-0.16355
0.52019,0.50895,0.5578,-0.39904
0.68209,0.73097,0.01948,-0.0068
0.61619,0.7288,0.24926,-0.16444
0.52016,0.5097,0.55643,-0.40003
0.68113,0.7319,0.01786,-0.00785
0.61509,0.73022,0.24716,-0.16541
0.51901,0.51172,0.55405,-0.40223
0.68176,0.73134,0.01615,-0.00888
0.61438,0.7312,0.24535,-0.16639
0.51867,0.51262,0.55323,-0.40267
0.68152,0.73159,0.01471,-0.00963
0.61438,0.73164,0.24419,-0.16614
0.51815,0.51354,0.55271,-0.40287
0.6804,0.73265,0.01319,-0.01068
0.6144,0.73166,0.24412,-0.16609
0.51743,0.51449,0.55211,-0.4034
0.68047,0.73258,0.01265,-0.01121
0.61417,0.73199,0.24353,-0.16637
0.51743,0.5149,0.55182,-0.40328
0.68036,0.7327,0.01142,-0.01183
0.61361,0.73272,0.24185,-0.16766
0.51736,0.51544,0.55102,-0.40378
0.68043,0.73263,0.01044,-0.01273
0.61306,0.73337,0.24093,-0.16815
0.51679,0.51647,0.55035,-0.40411
0.68035,0.73272,0.00912,-0.01292
0.61308,0.73352,0.24024,-0.16842
0.51643,0.51708,0.55,-0.40427
0.68017,0.73288,0.00858,-0.01357
0.61319,0.73364,0.23974,-0.16818
0.51598,0.51781,0.54953,-0.40454
0.68003,0.73301,0.00786,-0.0141
0.61297,0.73391,0.23935,-0.16837
0.51633,0.51752,0.54967,-0.40429
0.67968,0.73332,0.00666,-0.01518
0.61316,0.73384,0.23839,-0.16937
0.51585,0.51822,0.5489,-0.40504
0.68007,0.73295,0.00608,-0.01586
0.61299,0.73417,0.23761,-0.16966
0.51402,0.51987,0.54746,-0.40719
0.6791,0.73382,0.00426,-0.01757
0.61147,0.73552,0.2368,-0.17043
0.51381,0.52014,0.54754,-0.40701
0.67777,0.73504,0.00397,-0.01784
0.60975,0.73714,0.23517,-0.17182
0.51338,0.52058,0.54702,-0.40769
0.6776,0.73519,0.00342,-0.01838
0.60861,0.73807,0.23422,-0.17319
0.51283,0.52132,0.54588,-0.40895
0.6781,0.73472,0.00334,-0.01871
0.60875,0.73796,0.23484,-0.17229
0.51268,0.52133,0.54638,-0.40847
0.67735,0.73541,0.00324,-0.01886
0.60962,0.73711,0.23583,-0.1715
0.51242,0.52147,0.54666,-0.40824
0.67726,0.7355,0.00298,-0.01894
0.60941,0.73733,0.23595,-0.17114
0.51276,0.52095,0.54761,-0.40721
0.67735,0.7354,0.00274,-0.01947
0.6094,0.73743,0.23569,-0.17109
0.51288,0.52077,0.54726,-0.40775
0.67659,0.73611,0.00295,-0.01909
0.60857,0.73805,0.23507,-0.17225
0.51233,0.52117,0.54678,-0.40857
0.67654,0.73614,0.00304,-0.01945
0.60838,0.7382,0.2349,-0.17246
0.51263,0.52131,0.54533,-0.40995
0.67859,0.73426,0.00237,-0.01931
0.60939,0.7374,0.23463,-0.17274
0.51295,0.52092,0.54698,-0.40784
0.67922,0.73366,0.00224,-0.01965
0.60946,0.73733,0.23548,-0.17162
0.51307,0.52064,0.54658,-0.40858
0.67615,0.73652,0.00327,-0.01884
0.60942,0.73718,0.23607,-0.1716
0.51211,0.52182,0.54593,-0.40917
0.6766,0.7361,0.00299,-0.01914
0.60866,0.73786,0.23562,-0.17199
0.51225,0.52151,0.54656,-0.40854
0.67788,0.7349,0.00249,-0.01985
0.60834,0.73817,0.23539,-0.17213
0.5121,0.52141,0.54656,-0.40884
0.67664,0.73604,0.00293,-0.01964
0.60838,0.73804,0.23502,-0.17301
0.51191,0.52177,0.54656,-0.40864
0.67725,0.73549,0.00283,-0.01957
0.60869,0.73779,0.23609,-0.17155
0.51211,0.52117,0.5466,-0.40908
0.67669,0.736,0.00301,-0.01952
0.60888,0.73747,0.23646,-0.17177
0.51185,0.52171,0.54664,-0.40867
0.6764,0.73627,0.00253,-0.01984
0.60868,0.73772,0.2362,-0.17173
0.51188,0.52175,0.54633,-0.409
0.67743,0.73533,0.00302,-0.01929
0.60803,0.73824,0.23595,-0.17211
0.51172,0.52129,0.54714,-0.4087
0.67661,0.73606,0.00283,-0.02005
0.60821,0.73794,0.2364,-0.17214
0.51193,0.52171,0.54639,-0.4089
0.67773,0.73506,0.00277,-0.01931
0.60811,0.7382,0.23615,-0.17175
0.51222,0.52091,0.54693,-0.40883
0.67577,0.73684,0.00306,-0.01977
0.60828,0.7379,0.2367,-0.1717
0.51175,0.52138,0.54744,-0.40814
0.67563,0.73697,0.00287,-0.01997
0.60791,0.73814,0.23679,-0.17181
0.51153,0.52153,0.54745,-0.40823
0.6767,0.73598,0.00309,-0.01991
0.60756,0.73837,0.23703,-0.17177
0.51156,0.52121,0.5481,-0.40772
0.67607,0.73656,0.00314,-0.02005
0.60742,0.73849,0.23717,-0.17156
0.51174,0.52064,0.54833,-0.40791
0.67543,0.73715,0.0034,-0.0199
0.60749,0.73827,0.23774,-0.17145
0.51174,0.52068,0.54819,-0.40804
0.67596,0.73666,0.00328,-0.01994
0.60773,0.73801,0.2383,-0.17091
0.51202,0.52032,0.54829,-0.40801
0.67567,0.73692,0.00316,-0.02022
0.60811,0.73762,0.23867,-0.17074
0.51159,0.52081,0.5478,-0.4086
0.67512,0.73742,0.00295,-0.02051
0.60808,0.7376,0.23866,-0.17095
0.51109,0.52122,0.54789,-0.40858
0.67544,0.73712,0.00303,-0.02074
0.60782,0.73772,0.23869,-0.17133
0.51081,0.52178,0.54743,-0.40883
0.67585,0.73673,0.00279,-0.0211
0.60765,0.73782,0.23832,-0.17203
0.51038,0.52222,0.54678,-0.40967
0.67586,0.73672,0.00217,-0.02131
0.6079,0.73764,0.23834,-0.1719
0.51077,0.52203,0.5465,-0.40979
0.67577,0.73679,0.00233,-0.02147
0.60846,0.73728,0.23842,-0.17134
0.50983,0.52254,0.5471,-0.40951
0.67562,0.73693,0.00214,-0.02171
0.60872,0.73706,0.23867,-0.17099
0.50999,0.52219,0.54736,-0.40941
0.67592,0.73664,0.00202,-0.0219
0.60763,0.73789,0.2379,-0.17239
0.50999,0.52213,0.54765,-0.4091
0.6757,0.73684,0.0019,-0.02228
0.60578,0.73939,0.23635,-0.17457
0.51024,0.52168,0.54783,-0.40913
0.67556,0.73696,0.00197,-0.02251
0.60228,0.74263,0.23192,-0.17881
0.51024,0.52165,0.54822,-0.40864
0.67578,0.73676,0.00237,-0.02242
0.60056,0.74455,0.2292,-0.18011
0.51082,0.52068,0.54935,-0.40764
0.67521,0.7373,0.00252,-0.02202
0.60007,0.7449,0.22979,-0.17957
0.51125,0.52028,0.55005,-0.40666
0.6746,0.73786,0.00301,-0.02173
0.60064,0.74436,0.23125,-0.178
0.51184,0.51965,0.55028,-0.40642
0.67427,0.73817,0.00314,-0.02139
0.60215,0.74303,0.23362,-0.17533
0.51245,0.51857,0.5514,-0.40552
0.67412,0.73833,0.00392,-0.02055
0.60351,0.7417,0.23631,-0.17265
0.51341,0.51731,0.55259,-0.40427
0.67349,0.73892,0.00469,-0.01959
0.60375,0.74146,0.23737,-0.17142
0.51281,0.51787,0.55341,-0.40321
0.67318,0.73922,0.00568,-0.0188
0.60234,0.74263,0.2373,-0.17141
0.51513,0.51516,0.55359,-0.40346
0.67302,0.73938,0.00617,-0.01805
0.60083,0.7438,0.23705,-0.17196
0.5141,0.5163,0.55535,-0.40089
0.67097,0.74125,0.00716,-0.01695
0.60013,0.74433,0.23758,-0.17136
0.51484,0.51578,0.55482,-0.40136
0.67146,0.74082,0.00814,-0.01593
0.60066,0.74384,0.23887,-0.16984
0.51553,0.51483,0.55626,-0.39969
0.67185,0.74047,0.00852,-0.01536
0.60122,0.7433,0.24001,-0.16861
0.51728,0.51273,0.55687,-0.39928
0.67148,0.74082,0.00923,-0.01437
0.6013,0.74305,0.24118,-0.16775
0.51656,0.51403,0.55801,-0.39696
0.67118,0.74111,0.01014,-0.01289
0.60117,0.74324,0.24147,-0.16697
0.51756,0.51232,0.55852,-0.39713
0.67108,0.74121,0.01044,-0.01223
0.6022,0.74226,0.2432,-0.16513
0.51836,0.51147,0.55826,-0.39756
0.67152,0.74081,0.01103,-0.0116
0.60218,0.74218,0.24385,-0.16456
0.51872,0.51083,0.55929,-0.39647
0.67165,0.74069,0.0124,-0.01041
0.60223,0.74215,0.24423,-0.16396
0.51848,0.51101,0.5606,-0.39468
0.67144,0.74089,0.01251,-0.00991
0.60283,0.74151,0.24545,-0.16282
0.51972,0.50995,0.5596,-0.39584
0.67152,0.74081,0.01361,-0.00878
0.60317,0.74121,0.24621,-0.16182
0.51952,0.50991,0.56144,-0.39355
0.67116,0.74114,0.0141,-0.00802
0.60331,0.7411,0.24688,-0.16073
0.52012,0.50925,0.56119,-0.39396
0.67134,0.74097,0.01439,-0.00779
0.60347,0.7409,0.2473,-0.16044
0.52029,0.50837,0.56243,-0.39311
0.67136,0.74095,0.01504,-0.00656
0.60322,0.741,0.24783,-0.16006
0.52074,0.50775,0.56314,-0.3923
0.67068,0.74155,0.01578,-0.00608
0.6035,0.7407,0.24892,-0.15872
0.52079,0.50793,0.56403,-0.39072
0.67066,0.74156,0.01662,-0.00516
0.60378,0.74037,0.24939,-0.15847
0.52109,0.50802,0.56415,-0.39002
0.67118,0.74108,0.01722,-0.00439
0.60404,0.74008,0.25015,-0.15758
0.52247,0.50595,0.56496,-0.38969
0.67106,0.74117,0.01831,-0.00306
0.60434,0.73983,0.25093,-0.15639
0.52231,0.50582,0.56634,-0.38807
0.67086,0.74133,0.01926,-0.00194
0.60476,0.73958,0.25055,-0.15656
0.52335,0.5046,0.56643,-0.38812
0.6714,0.74082,0.01997,-0.00145
0.60527,0.73898,0.25176,-0.15548
0.52354,0.50417,0.56785,-0.38636
0.67096,0.74118,0.02155,0.00056
0.60599,0.73833,0.25282,-0.154
0.52415,0.50318,0.56882,-0.38538
0.67049,0.74158,0.02224,0.00145
0.60601,0.73821,0.25364,-0.15316
0.52519,0.50233,0.56988,-0.3835
0.67045,0.74158,0.02338,0.00255
0.60616,0.73783,0.25495,-0.15225
0.52555,0.50129,0.57134,-0.3822
0.67079,0.74122,0.02467,0.00431
0.60653,0.73714,0.25662,-0.1513
0.52692,0.49952,0.57191,-0.38177
0.67054,0.74141,0.02584,0.00508
0.60701,0.73652,0.25783,-0.15034
0.52793,0.49795,0.57346,-0.38011
0.67035,0.74149,0.02776,0.00696
0.60706,0.73624,0.25926,-0.14904
0.52881,0.49607,0.57534,-0.37849
0.67015,0.74161,0.02901,0.00786
0.60786,0.73523,0.26077,-0.14815
0.52907,0.49582,0.57656,-0.3766
0.66995,0.74175,0.02975,0.00902
0.60823,0.73475,0.26167,-0.14742
0.52966,0.49539,0.57594,-0.37728
0.67026,0.74139,0.03133,0.01058
0.60831,0.73447,0.26298,-0.14611
0.53091,0.49369,0.57725,-0.37575
0.67058,0.741,0.03318,0.01212
0.60863,0.7341,0.26368,-0.14539
0.53165,0.49257,0.57879,-0.3738
0.67027,0.7412,0.03444,0.01312
0.60931,0.73329,0.26498,-0.1443
0.53184,0.49201,0.57977,-0.37274
0.67093,0.74052,0.0357,0.01425
0.60986,0.73243,0.26668,-0.14322
0.53311,0.48956,0.58181,-0.37097
0.66936,0.74182,0.03749,0.016
0.61001,0.73173,0.26924,-0.14135
0.5335,0.48994,0.58263,-0.36862
0.66918,0.74188,0.03884,0.01765
0.60972,0.732,0.26899,-0.14163
0.5346,0.48815,0.58315,-0.36858
0.67131,0.73992,0.03902,0.01836
0.61067,0.73087,0.27105,-0.13943
0.53549,0.48705,0.58434,-0.36685
0.67037,0.74061,0.04108,0.02037
0.61103,0.73026,0.27237,-0.13847
0.53651,0.48517,0.5851,-0.36664
0.66965,0.74116,0.04221,0.0216
0.61096,0.73025,0.27304,-0.13753
0.53713,0.48464,0.58655,-0.3641
0.67035,0.74039,0.04375,0.02319
0.61235,0.72862,0.27548,-0.13512
0.53736,0.48426,0.58654,-0.36428
0.6711,0.7396,0.04492,0.02452
0.61277,0.72796,0.27656,-0.13455
0.53932,0.48196,0.58675,-0.36411
0.67077,0.73978,0.0462,0.02564
0.61321,0.72726,0.2779,-0.13353
0.53995,0.48036,0.58874,-0.36207
0.67085,0.73954,0.04799,0.02711
0.61349,0.72678,0.27896,-0.13263
0.5407,0.47873,0.5905,-0.36023
0.67124,0.73903,0.04961,0.02859
0.61394,0.72587,0.28083,-0.13162
0.54172,0.47734,0.59099,-0.35974
0.67082,0.73929,0.05085,0.0295
0.61427,0.72528,0.28191,-0.13106
0.54194,0.47663,0.59178,-0.35907
0.6712,0.7388,0.0522,0.03057
0.61485,0.72419,0.28417,-0.12947
0.54312,0.47523,0.59245,-0.35802
0.67178,0.73812,0.05354,0.03199
0.6152,0.72357,0.28532,-0.12867
0.54323,0.47472,0.59284,-0.35789
0.67157,0.7382,0.05452,0.03284
0.61549,0.72319,0.28607,-0.1278
0.54412,0.4729,0.59424,-0.35663
0.67062,0.73883,0.05684,0.0343
0.61567,0.7224,0.28823,-0.12649
0.54495,0.47146,0.5956,-0.35499
0.67167,0.73777,0.05759,0.03514
0.61627,0.72164,0.28917,-0.1258
0.54516,0.47084,0.59613,-0.35461
0.67142,0.73777,0.05948,0.03668
0.6164,0.72117,0.29034,-0.12515
0.54634,0.46855,0.59765,-0.35325
0.67131,0.73766,0.06118,0.03831
0.61631,0.72089,0.29181,-0.12376
0.54671,0.46847,0.59815,-0.35194
0.67105,0.7378,0.06198,0.03881
0.61726,0.71956,0.29357,-0.12264
0.54739,0.46694,0.5994,-0.3508
0.67138,0.73727,0.06357,0.04058
0.61748,0.71911,0.29463,-0.12165
0.54816,0.46536,0.59997,-0.35071
0.67138,0.7371,0.06499,0.04139
0.61681,0.71924,0.29586,-0.12127
0.54914,0.46476,0.601,-0.3482
0.67037,0.73795,0.06525,0.04211
0.61716,0.71865,0.29721,-0.11965
0.5485,0.46399,0.60261,-0.34745
0.66974,0.73817,0.06778,0.04424
0.61731,0.71823,0.29819,-0.11897
0.54986,0.4627,0.60249,-0.34723
0.6704,0.73762,0.06739,0.04414
0.61803,0.71731,0.2994,-0.1178
0.55065,0.46123,0.60305,-0.34696
0.67166,0.73616,0.06947,0.04607
0.61839,0.71671,0.30046,-0.11678
0.55092,0.46118,0.60377,-0.34535
0.67094,0.73666,0.07055,0.04691
0.6186,0.71632,0.30111,-0.11641
0.55226,0.45834,0.60564,-0.34369
0.67101,0.73631,0.07226,0.04872
0.61877,0.71575,0.3028,-0.1146
0.55225,0.45818,0.60625,-0.34287
0.67047,0.73654,0.07381,0.05031
0.61899,0.71499,0.30466,-0.11322
0.55336,0.45613,0.60767,-0.3413
0.67,0.73688,0.07442,0.05082
0.61877,0.71485,0.30588,-0.11202
0.55369,0.45583,0.60838,-0.33989
0.66929,0.73733,0.07573,0.05163
0.61886,0.71414,0.30779,-0.11084
0.55446,0.45431,0.60936,-0.33891
0.66968,0.73657,0.07807,0.05375
0.61864,0.71432,0.30807,-0.11016
0.55502,0.45266,0.61058,-0.338
0.66925,0.73696,0.07846,0.05328
0.61943,0.71315,0.30925,-0.10999
0.55551,0.45212,0.60971,-0.33948
0.67202,0.73414,0.08,0.05514
0.61994,0.71192,0.31177,-0.10794
0.55686,0.44955,0.61148,-0.3375
0.66948,0.73615,0.08176,0.05652
0.62008,0.71136,0.31298,-0.10734
0.556,0.44961,0.61352,-0.33512
0.66872,0.73672,0.08241,0.05714
0.62,0.71122,0.31361,-0.10683
0.55746,0.44905,0.61216,-0.33594
0.66968,0.73575,0.08286,0.05785
0.61994,0.71096,0.31451,-0.10626
0.5575,0.44832,0.61272,-0.33583
0.66966,0.73562,0.08344,0.05877
0.62023,0.71064,0.31493,-0.10547
0.55841,0.44698,0.61384,-0.33405
0.66973,0.73543,0.08409,0.05944
0.62122,0.70949,0.31598,-0.10422
0.5588,0.44644,0.6145,-0.33291
0.67006,0.73493,0.08512,0.06049
0.62155,0.709,0.31666,-0.10354
0.55979,0.4456,0.6137,-0.33385
0.67041,0.73448,0.08572,0.06119
0.62244,0.70816,0.31686,-0.10332
0.56076,0.44522,0.61298,-0.33404
0.671,0.73387,0.08595,0.06169
0.6226,0.7079,0.31711,-0.10337
0.56442,0.44209,0.61135,-0.33502
0.67256,0.73229,0.08692,0.06213
0.62357,0.70628,0.31903,-0.10269
0.56051,0.44136,0.61839,-0.32958
0.66908,0.73537,0.08757,0.06245
0.62399,0.70649,0.31747,-0.10359
0.56138,0.44345,0.6164,-0.32903
0.67143,0.73319,0.08664,0.06404
0.62459,0.70656,0.31633,-0.10293
0.56416,0.44427,0.60843,-0.33788
0.67672,0.72839,0.0859,0.0641
0.62639,0.70478,0.31759,-0.10033
0.56432,0.4411,0.61374,-0.3321
0.67411,0.73053,0.08754,0.06512
0.62673,0.70394,0.31882,-0.10018
0.56452,0.43924,0.61663,-0.32886
0.67181,0.73247,0.08852,0.06575
0.62739,0.7032,0.31926,-0.09984
0.56473,0.44112,0.61316,-0.33245
0.67311,0.73128,0.08857,0.06571
0.6274,0.70298,0.31972,-0.0998
0.56526,0.44162,0.61087,-0.3351
0.67525,0.72935,0.08804,0.06581
0.62771,0.70281,0.31952,-0.09972
0.56494,0.44085,0.61338,-0.33207
0.67549,0.72913,0.08802,0.0659
0.62762,0.70295,0.3195,-0.09937
0.56517,0.4396,0.61494,-0.33042
0.67358,0.73062,0.08948,0.06684
0.62784,0.70241,0.3205,-0.09858
0.565,0.43956,0.61558,-0.32958
0.67361,0.7305,0.08998,0.06727
0.6277,0.70238,0.32102,-0.09803
0.56576,0.43891,0.61504,-0.33014
0.67391,0.73009,0.09058,0.06785
0.62716,0.70263,0.32159,-0.09782
0.56585,0.43782,0.61676,-0.32825
0.67272,0.73096,0.09185,0.06866
0.62701,0.70239,0.32256,-0.09724
0.56591,0.43718,0.61741,-0.32776
0.6729,0.73068,0.09253,0.06893
0.62726,0.70188,0.3234,-0.09653
0.56586,0.43656,0.61814,-0.3273
0.67263,0.73084,0.09307,0.06911
0.62645,0.70252,0.32339,-0.09718
0.56599,0.43641,0.6181,-0.32734
0.67208,0.7312,0.09375,0.06979
0.62623,0.70257,0.32381,-0.09683
0.56679,0.43483,0.61863,-0.32706
0.67225,0.7309,0.09457,0.07012
0.62665,0.70192,0.32479,-0.09552
0.56691,0.43397,0.61994,-0.3255
0.67198,0.73099,0.09532,0.07073
0.62638,0.70197,0.32514,-0.09575
0.56715,0.43307,0.62087,-0.32453
0.67174,0.73114,0.0957,0.07099
0.62649,0.70165,0.32567,-0.09558
0.56746,0.43277,0.62039,-0.3253
0.67227,0.7306,0.09593,0.07125
0.62653,0.70168,0.32551,-0.09564
0.56739,0.43307,0.62049,-0.32483
0.67247,0.73038,0.09611,0.07131
0.62688,0.70139,0.32557,-0.09528
0.56749,0.43276,0.62046,-0.32511
0.67252,0.73025,0.09649,0.07171
0.62724,0.70092,0.32601,-0.09487
0.56779,0.43271,0.62027,-0.32502
0.67243,0.73036,0.09633,0.07165
0.62792,0.70028,0.32598,-0.09516
0.56758,0.43344,0.61938,-0.32611
0.67373,0.7292,0.09624,0.07133
0.62822,0.69998,0.326,-0.09532
0.56802,0.43353,0.61837,-0.32715
0.67369,0.72923,0.09646,0.0711
0.62838,0.69981,0.326,-0.09553
0.56777,0.43335,0.61885,-0.3269
0.67397,0.72892,0.09686,0.07113
0.62878,0.69925,0.3264,-0.09567
0.56812,0.43355,0.61882,-0.32611
0.67362,0.72939,0.09585,0.07106
0.62879,0.69969,0.3254,-0.09575
0.56682,0.4351,0.61798,-0.32789
0.67413,0.72895,0.09604,0.07041
0.62926,0.69915,0.32563,-0.09583
0.56705,0.43556,0.61716,-0.32841
0.6749,0.7283,0.09556,0.07042
0.62931,0.69956,0.3242,-0.09739
0.56742,0.4355,0.61719,-0.3278
0.67572,0.72767,0.09489,0.06994
0.63075,0.69823,0.32435,-0.09708
0.56695,0.43712,0.61505,-0.33047
0.6763,0.7272,0.09456,0.0697
0.63108,0.698,0.32427,-0.09687
0.5668,0.43764,0.61438,-0.33127
0.67713,0.72663,0.09359,0.06887
0.6316,0.69771,0.32355,-0.09801
0.56673,0.4382,0.61358,-0.33215
0.67729,0.72654,0.09335,0.0686
0.63174,0.69793,0.32261,-0.09863
0.56659,0.43813,0.61408,-0.33153
0.67744,0.72654,0.09275,0.06789
0.63173,0.69811,0.32195,-0.09948
0.56611,0.43935,0.61286,-0.33302
0.6781,0.72606,0.09217,0.06726
0.63174,0.69793,0.32203,-0.1005
0.56579,0.44034,0.61141,-0.3349
0.67839,0.72596,0.0913,0.06659
0.6319,0.69814,0.32101,-0.10123
0.56554,0.44109,0.61068,-0.33566
0.67939,0.72521,0.09056,0.06552
0.63266,0.69751,0.32082,-0.10144
0.56437,0.44284,0.60932,-0.33779
0.67956,0.72524,0.08968,0.06469
0.63233,0.69831,0.31908,-0.10344
0.565,0.44336,0.60771,-0.33894
0.68046,0.72463,0.08826,0.06403
0.63216,0.69892,0.31809,-0.10352
0.56284,0.44525,0.60695,-0.34142
0.67851,0.72659,0.08789,0.06296
0.63225,0.69852,0.31855,-0.10417
0.56398,0.44346,0.6093,-0.33767
0.6799,0.72542,0.0874,0.06224
0.6319,0.6994,0.31692,-0.10539
0.56304,0.44581,0.60681,-0.34064
0.68001,0.72552,0.08625,0.06139
0.63203,0.69955,0.31616,-0.1059
0.56214,0.44761,0.60505,-0.34287
0.68035,0.72524,0.08599,0.06131
0.63276,0.69911,0.31555,-0.10621
0.56183,0.44879,0.60379,-0.34405
0.68108,0.72483,0.08443,0.06017
0.63278,0.69967,0.31367,-0.10797
0.56133,0.44989,0.60302,-0.34478
0.68178,0.72428,0.08391,0.05967
0.63225,0.70022,0.31403,-0.10647
0.56057,0.45179,0.60169,-0.34585
0.68046,0.72572,0.08277,0.05883
0.63191,0.70098,0.3126,-0.10775
0.55934,0.45258,0.60161,-0.34695
0.67914,0.72712,0.08183,0.05804
0.63009,0.7027,0.31146,-0.11043
0.56031,0.45131,0.60326,-0.34416
0.68109,0.72541,0.08103,0.05772
0.63102,0.70184,0.31178,-0.10967
0.55912,0.45339,0.60168,-0.34613
0.6807,0.72599,0.07999,0.05647
0.63094,0.70215,0.31118,-0.10985
0.55772,0.45561,0.60019,-0.34805
0.67932,0.72748,0.07894,0.05544
0.63022,0.70311,0.3101,-0.1109
0.55682,0.45652,0.60025,-0.34821
0.67918,0.72768,0.07871,0.05485
0.62901,0.70476,0.30817,-0.11266
0.55713,0.45615,0.60063,-0.34754
0.6794,0.7276,0.07788,0.05429
0.62923,0.70471,0.30792,-0.11239
0.55616,0.45771,0.59979,-0.34848
0.67894,0.7283,0.07629,0.05286
0.62955,0.70462,0.30741,-0.11257
0.5549,0.46014,0.59775,-0.35079
0.67906,0.72838,0.07507,0.052
0.62827,0.70635,0.30539,-0.11442
0.55586,0.45904,0.59812,-0.35007
0.67933,0.72816,0.0749,0.05186
0.62852,0.70643,0.30452,-0.11489
0.55475,0.46113,0.59642,-0.35199
0.67989,0.72792,0.07291,0.05064
0.62897,0.70642,0.30344,-0.11528
0.55412,0.46255,0.59527,-0.35307
0.68019,0.72768,0.07248,0.05076
0.62893,0.70682,0.30238,-0.11585
0.55478,0.46168,0.59594,-0.35203
0.6798,0.72834,0.07075,0.04884
0.62889,0.70712,0.30143,-0.11668
0.55368,0.46373,0.59372,-0.35481
0.68035,0.72799,0.06955,0.04817
0.62881,0.70755,0.30017,-0.11775
0.55307,0.46479,0.59279,-0.35591
0.68102,0.7274,0.06938,0.0479
0.62929,0.70743,0.29928,-0.11822
0.55297,0.46488,0.59289,-0.3558
0.68089,0.72774,0.06808,0.04648
0.62881,0.70814,0.2981,-0.11946
0.5521,0.46612,0.59191,-0.35716
0.68061,0.72823,0.06659,0.04496
0.62865,0.70836,0.29755,-0.12037
0.55126,0.46737,0.5911,-0.35817
0.68071,0.7283,0.06546,0.04389
0.62833,0.70919,0.29571,-0.12167
0.55016,0.4693,0.58974,-0.35957
0.68087,0.72834,0.06409,0.04274
0.62813,0.70952,0.29509,-0.12228
0.54992,0.46972,0.58959,-0.35963
0.68123,0.72821,0.0626,0.0415
0.62777,0.71043,0.29287,-0.1242
0.54914,0.4702,0.58956,-0.36024
0.68083,0.72864,0.06231,0.04085
0.62737,0.71097,0.29219,-0.12473
0.54833,0.4718,0.58832,-0.36141
0.68083,0.7288,0.06134,0.03949
0.62718,0.71136,0.29118,-0.12576
0.54752,0.47289,0.58756,-0.36244
0.68096,0.72886,0.05995,0.03837
0.62716,0.7115,0.29064,-0.12634
0.54739,0.47278,0.58818,-0.36178
0.68131,0.72863,0.05933,0.0374
0.62685,0.71201,0.28972,-0.12714
0.54701,0.47276,0.5886,-0.3617
0.68059,0.72938,0.05887,0.03657
0.62627,0.71268,0.28917,-0.12748
0.5456,0.47522,0.58613,-0.36462
0.67958,0.73043,0.0579,0.03585
0.62605,0.71306,0.28829,-0.12849
0.54535,0.47557,0.58607,-0.36463
0.68047,0.72976,0.05672,0.03454
0.62506,0.71439,0.28637,-0.13014
0.54508,0.47618,0.58543,-0.36524
0.68029,0.73005,0.05576,0.03346
0.62463,0.71482,0.28589,-0.13088
0.5443,0.47722,0.58453,-0.3665
0.68007,0.73031,0.05539,0.03295
0.62522,0.71457,0.28499,-0.13144
0.54421,0.4775,0.58428,-0.36667
0.68046,0.73006,0.05445,0.032
0.6253,0.71457,0.28469,-0.13164
0.54348,0.47852,0.58373,-0.3673
0.68048,0.73019,0.05301,0.03089
0.62501,0.71512,0.28376,-0.1321
0.54292,0.47965,0.58262,-0.36842
0.68011,0.7306,0.05241,0.03036
0.6248,0.71567,0.28231,-0.13324
0.5427,0.48003,0.58219,-0.36893
0.68029,0.73054,0.05161,0.02938
0.6245,0.71624,0.28097,-0.13437
0.54219,0.48057,0.58188,-0.36945
0.68043,0.73052,0.05054,0.02837
0.62443,0.71641,0.28068,-0.13441
0.54142,0.48132,0.58186,-0.36964
0.67981,0.73121,0.04942,0.02745
0.62396,0.71741,0.27854,-0.13572
0.54009,0.48348,0.57995,-0.37177
0.67983,0.73129,0.04849,0.02641
0.62316,0.71829,0.27755,-0.13675
0.54015,0.48359,0.57959,-0.3721
0.67976,0.73151,0.04682,0.02498
0.6229,0.71884,0.27616,-0.13783
0.53978,0.48454,0.57871,-0.37276
0.68081,0.73063,0.04578,0.02424
0.62336,0.71871,0.27575,-0.1373
0.53934,0.48538,0.57785,-0.37366
0.67945,0.73196,0.04494,0.02356
0.62375,0.71856,0.27516,-0.13748
0.53841,0.48732,0.57603,-0.37526
0.67882,0.73264,0.04362,0.02301
0.62354,0.71902,0.27416,-0.13801
0.53765,0.48863,0.57441,-0.37713
0.68012,0.73163,0.04149,0.02062
0.62269,0.72033,0.27156,-0.14012
0.53658,0.49021,0.57307,-0.37865
0.68043,0.73144,0.04013,0.01978
0.62131,0.72201,0.26904,-0.14245
0.53616,0.49106,0.5725,-0.37899
0.67926,0.73265,0.03863,0.01854
0.62122,0.72229,0.26838,-0.14268
0.53535,0.49238,0.57121,-0.38037
0.67938,0.73261,0.03768,0.01753
0.62164,0.72225,0.26745,-0.14277
0.53454,0.49328,0.57062,-0.38121
0.67939,0.7327,0.03619,0.01603
0.62093,0.72298,0.26638,-0.14414
0.53289,0.49522,0.56957,-0.38259
0.67887,0.73331,0.03449,0.01457
0.6202,0.72392,0.2651,-0.14494
0.53214,0.49637,0.56835,-0.38395
0.67881,0.73348,0.0327,0.01289
0.61942,0.72511,0.26259,-0.14693
0.53103,0.4981,0.56721,-0.38494
0.67947,0.73294,0.03145,0.01197
0.61871,0.72616,0.26015,-0.14904
0.5301,0.49903,0.56645,-0.38613
0.68001,0.73251,0.03013,0.01009
0.61803,0.7269,0.2591,-0.15009
0.52938,0.50003,0.56495,-0.38801
0.67923,0.73331,0.02883,0.00864
0.61806,0.72707,0.25807,-0.15092
0.52856,0.50073,0.56478,-0.38849
0.67894,0.73363,0.02794,0.00769
0.61796,0.72728,0.25755,-0.15121
0.528,0.50155,0.56367,-0.38978
0.679,0.73365,0.02607,0.00534
0.61739,0.7279,0.2562,-0.15283
0.52673,0.50333,0.56216,-0.39139
0.67912,0.7336,0.02462,0.0035
0.61698,0.72843,0.25479,-0.15427
0.52597,0.50423,0.56178,-0.39181
0.67931,0.73346,0.02375,0.00248
0.61658,0.72886,0.2542,-0.15482
0.52511,0.50442,0.55924,-0.39633
0.67752,0.73512,0.02366,0.00113
0.61522,0.72991,0.25312,-0.15705
0.52461,0.50321,0.56246,-0.39396
0.67528,0.73718,0.02396,-0.00029
0.61494,0.73011,0.25103,-0.16055
0.52324,0.50534,0.5588,-0.39824
0.68115,0.73182,0.02151,-0.00323
0.61616,0.72921,0.24906,-0.16299
0.52227,0.50851,0.55587,-0.39958
0.6885,0.72497,0.01868,-0.00642
0.61826,0.72743,0.24952,-0.16232
0.52169,0.50839,0.55708,-0.39879
0.68611,0.72724,0.01832,-0.00678
0.61997,0.7258,0.25062,-0.16139
0.5208,0.5093,0.55702,-0.39889
0.68085,0.73216,0.01829,-0.00706
0.61925,0.7263,0.25139,-0.16071
0.51947,0.51052,0.55713,-0.39891
0.67791,0.7349,0.01679,-0.00867
0.61726,0.728,0.25033,-0.16229
0.51781,0.51132,0.5567,-0.40063
0.6805,0.73251,0.01519,-0.01121
0.61439,0.73074,0.2472,-0.16564
0.51778,0.51122,0.55632,-0.40133
0.68053,0.73247,0.0149,-0.01183
0.6118,0.73315,0.24404,-0.1692
0.51703,0.51208,0.55522,-0.40272
0.67871,0.73416,0.01396,-0.0131
0.61184,0.73318,0.24363,-0.16954
0.51661,0.51256,0.55516,-0.40274
0.67901,0.73387,0.01334,-0.01421
0.61302,0.73207,0.24433,-0.16907
0.51602,0.51344,0.55477,-0.40291
0.67968,0.73325,0.0111,-0.01612
0.61425,0.73138,0.24181,-0.17119
0.51595,0.51389,0.55326,-0.40449
0.68229,0.7308,0.00876,-0.01827
0.61367,0.73197,0.24066,-0.17238
0.5143,0.51641,0.55064,-0.40695
0.68133,0.73169,0.00631,-0.01966
0.61252,0.73352,0.2393,-0.17176
0.51327,0.51758,0.55073,-0.40665
0.67867,0.73417,0.00564,-0.01934
0.61139,0.73491,0.23783,-0.1719
0.51372,0.5176,0.55046,-0.40641
0.67589,0.73672,0.00403,-0.01987
0.60919,0.73718,0.23495,-0.17394
0.51255,0.52067,0.54629,-0.4096
0.67876,0.73407,0.00283,-0.02058
0.60718,0.73922,0.23287,-0.17511
0.5126,0.52104,0.54666,-0.40857
0.67862,0.7342,0.00259,-0.02061
0.60643,0.73988,0.23234,-0.17563
0.51256,0.5217,0.54658,-0.40787
0.67551,0.73707,0.00205,-0.02046
0.6065,0.73991,0.23228,-0.17534
0.51219,0.5221,0.54636,-0.40814
0.67578,0.7368,0.00172,-0.02105
0.60788,0.73875,0.23307,-0.17437
0.51235,0.52145,0.54644,-0.40864
0.67695,0.73573,0.00127,-0.02099
0.60818,0.7385,0.23325,-0.17414
0.51245,0.5219,0.54543,-0.4093
0.67717,0.73551,0.00092,-0.02164
0.6088,0.73791,0.23325,-0.17449
0.51232,0.52187,0.54518,-0.40982
0.67788,0.73485,0.00091,-0.02152
0.6092,0.7375,0.23363,-0.17432
0.51236,0.52177,0.54482,-0.41038
0.678,0.73475,0.00101,-0.02135
0.60969,0.73703,0.23387,-0.17425
0.51249,0.5223,0.54446,-0.41002
0.67841,0.73437,0.00084,-0.02154
0.61044,0.73648,0.23458,-0.17302
0.51258,0.5219,0.54519,-0.40945
0.6777,0.73503,0.00098,-0.02128
0.61171,0.73527,0.23597,-0.17179
0.51204,0.52268,0.54479,-0.40967
0.67814,0.73462,0.00095,-0.02143
0.61203,0.73507,0.23619,-0.17118
0.51233,0.52237,0.54492,-0.40953
0.67782,0.7349,0.00054,-0.0218
0.61161,0.73536,0.23607,-0.1716
0.51235,0.52231,0.54499,-0.40949
0.67784,0.73488,0.00017,-0.02202
0.60959,0.73723,0.23384,-0.17382
0.51198,0.52326,0.54378,-0.41033
0.67768,0.73503,-0.00017,-0.02217
0.60853,0.73808,0.23284,-0.17526
0.5118,0.52398,0.54297,-0.41072
0.67767,0.73503,-0.00086,-0.02231
0.60759,0.73907,0.23153,-0.1761
0.5114,0.5244,0.54267,-0.41108
0.67761,0.73507,-0.00119,-0.02264
0.60795,0.73875,0.23194,-0.17566
0.51126,0.52453,0.54244,-0.41138
0.67712,0.73552,-0.00116,-0.02266
0.60856,0.73824,0.23255,-0.17487
0.51111,0.52455,0.54295,-0.41088
0.67676,0.73584,-0.00149,-0.02282
0.60859,0.73821,0.23275,-0.17458
0.51105,0.5244,0.54352,-0.41037
0.67701,0.73562,-0.00121,-0.02269
0.60817,0.73845,0.2327,-0.17514
0.51115,0.52397,0.54387,-0.41035
0.6771,0.73554,-0.00101,-0.02276
0.60752,0.73896,0.2325,-0.17551
0.51104,0.52391,0.54426,-0.41005
0.67642,0.73617,-0.00077,-0.02267
0.60746,0.7389,0.23308,-0.1752
0.51096,0.52385,0.5444,-0.41003
0.67623,0.73634,-0.00078,-0.02295
0.60738,0.73897,0.23325,-0.17498
0.51092,0.52368,0.54473,-0.40987
0.67637,0.73621,-0.00056,-0.02286
0.60746,0.73887,0.2334,-0.17491
0.5106,0.52412,0.54432,-0.41025
0.67653,0.73605,-0.00089,-0.02316
0.60723,0.73902,0.23344,-0.17501
0.51068,0.52384,0.5446,-0.41014
0.67631,0.73624,-0.00097,-0.02349
0.60712,0.739,0.23387,-0.17487
0.51046,0.52413,0.54435,-0.41037
0.67619,0.73635,-0.00107,-0.02347
0.60708,0.73893,0.23447,-0.17452
0.51016,0.52433,0.54387,-0.41111
0.67502,0.73742,-0.00107,-0.02359
0.60735,0.73856,0.23537,-0.17396
0.50971,0.52451,0.54443,-0.41072
0.67494,0.7375,-0.00101,-0.02356
0.6072,0.73878,0.23513,-0.17383
0.51007,0.52409,0.54504,-0.40999
0.6754,0.73707,-0.00088,-0.02357
0.60678,0.73904,0.23528,-0.17401
0.51024,0.52365,0.54565,-0.40952
0.67468,0.73774,-0.00045,-0.02321
0.60629,0.73941,0.23505,-0.17448
0.51036,0.52327,0.54599,-0.40941
0.67469,0.73774,-0.00029,-0.02306
0.60585,0.7398,0.23472,-0.17478
0.51032,0.52321,0.54649,-0.40886
0.67514,0.73733,0,-0.02293
0.60567,0.73992,0.2348,-0.17482
0.51057,0.52279,0.54675,-0.40875
0.67497,0.73749,0.00019,-0.02272
0.6054,0.74025,0.23445,-0.1748
0.51108,0.52234,0.54694,-0.40843
0.67477,0.73768,0.00033,-0.02255
0.60516,0.74044,0.2344,-0.17486
0.51169,0.52168,0.54733,-0.40799
0.67505,0.73744,0.00064,-0.02228
0.60492,0.74057,0.23412,-0.17554
0.51184,0.52152,0.5472,-0.40819
0.67583,0.73671,0.00031,-0.02273
0.60408,0.7413,0.23323,-0.17653
0.5116,0.52161,0.54692,-0.40875
0.67511,0.73738,0.00075,-0.02233
0.60305,0.74239,0.23169,-0.1775
0.51195,0.52122,0.54836,-0.40686
0.67486,0.73761,0.00076,-0.02227
0.60227,0.7431,0.23134,-0.17765
0.51178,0.5213,0.54785,-0.40766
0.67491,0.73755,0.00054,-0.02278
0.60228,0.74301,0.23191,-0.17723
0.51159,0.52164,0.54766,-0.40772
0.67468,0.73776,0.00087,-0.02246
0.60188,0.7434,0.23185,-0.17703
0.51167,0.5214,0.54826,-0.40712
0.67388,0.7385,0.00092,-0.02246
0.60192,0.74334,0.23218,-0.17674
0.51171,0.52142,0.54824,-0.40707
0.67364,0.73872,0.00109,-0.0224
0.60298,0.7423,0.23431,-0.17468
0.5117,0.52143,0.54835,-0.40692
0.67315,0.73918,0.0014,-0.02191
0.60365,0.74185,0.23509,-0.17319
0.512,0.52092,0.54896,-0.40637
0.67283,0.73948,0.00142,-0.02154
0.60226,0.74282,0.23496,-0.17408
0.51257,0.52015,0.55,-0.40524
0.67274,0.73956,0.0017,-0.02159
0.60026,0.74452,0.23326,-0.17595
0.5125,0.52049,0.5496,-0.40541
0.67241,0.73987,0.002,-0.02136
0.59824,0.74637,0.23118,-0.17773
0.51321,0.51985,0.55003,-0.40478
0.67241,0.73988,0.00217,-0.02095
0.59786,0.74653,0.23227,-0.17695
0.51306,0.51988,0.55117,-0.40338
0.67148,0.74075,0.00271,-0.02017
0.59908,0.74552,0.23347,-0.17551
0.51376,0.51934,0.55044,-0.40416
0.67204,0.74024,0.00273,-0.02
0.60195,0.7432,0.23669,-0.17112
0.51388,0.51919,0.55095,-0.40353
0.67211,0.74019,0.00313,-0.01935
0.60235,0.74274,0.23756,-0.17054
0.51451,0.51858,0.55143,-0.40284
0.6715,0.74076,0.00356,-0.01885
0.60159,0.74341,0.23712,-0.17089
0.51535,0.51789,0.55126,-0.40289
0.67194,0.74037,0.00406,-0.01811
0.6009,0.74406,0.23652,-0.17135
0.51563,0.51745,0.55234,-0.4016
0.67185,0.74047,0.00435,-0.01758
0.60047,0.74435,0.23676,-0.17125
0.51587,0.51737,0.55281,-0.40076
0.67129,0.74099,0.00492,-0.01669
0.60072,0.74414,0.23746,-0.17028
0.51627,0.51634,0.55341,-0.40075
0.67129,0.74099,0.00557,-0.01638
0.60188,0.74312,0.23904,-0.16848
0.51656,0.51636,0.55348,-0.40025
0.6714,0.7409,0.00648,-0.01539
0.60179,0.74309,0.23932,-0.16851
0.51697,0.51585,0.55371,-0.40005
0.67218,0.7402,0.00665,-0.01494
0.60143,0.74339,0.23923,-0.16859
0.51737,0.51577,0.55391,-0.39937
0.67218,0.74022,0.00685,-0.01425
0.60171,0.74327,0.23975,-0.16739
0.51783,0.5149,0.55578,-0.39729
0.67109,0.74122,0.00759,-0.01305
0.60211,0.74288,0.24096,-0.16591
0.51852,0.51393,0.5561,-0.3972
0.6705,0.74177,0.00829,-0.01195
0.6023,0.74264,0.24191,-0.1649
0.51837,0.51446,0.55627,-0.39647
0.67051,0.74176,0.00852,-0.0114
0.6019,0.74308,0.24201,-0.16425
0.51878,0.5142,0.55604,-0.39659
0.67079,0.74152,0.00881,-0.01105
0.60182,0.74309,0.24222,-0.16417
0.51932,0.51327,0.55728,-0.39534
0.67102,0.7413,0.0095,-0.01024
0.60231,0.74261,0.24318,-0.16317
0.52031,0.51231,0.55776,-0.39461
0.67052,0.74176,0.01047,-0.00903
0.60346,0.74159,0.24463,-0.16135
0.52093,0.51148,0.55863,-0.39364
0.67104,0.74129,0.01083,-0.00862
0.60379,0.74133,0.24509,-0.16062
0.52129,0.51058,0.56018,-0.39213
0.67142,0.74095,0.01178,-0.00736
0.60416,0.74079,0.24622,-0.15999
0.52155,0.51047,0.55992,-0.3923
0.67108,0.74125,0.0125,-0.00683
0.60476,0.74028,0.24686,-0.1591
0.52168,0.51092,0.55958,-0.39202
0.67191,0.74049,0.01354,-0.00562
0.6049,0.73999,0.24753,-0.15887
0.52315,0.50869,0.56097,-0.39096
0.67238,0.74006,0.01421,-0.00468
0.60505,0.73981,0.2482,-0.15807
0.52293,0.5087,0.56278,-0.38865
0.67139,0.74093,0.01547,-0.00393
0.60553,0.73932,0.24895,-0.15736
0.5235,0.50783,0.56258,-0.38931
0.67188,0.74047,0.01618,-0.00308
0.60592,0.73866,0.25051,-0.15647
0.52405,0.50674,0.56351,-0.38865
0.67205,0.7403,0.0171,-0.00251
0.60624,0.73834,0.25099,-0.15598
0.52408,0.50634,0.56416,-0.38818
0.67191,0.74041,0.01807,-0.00184
0.60646,0.73794,0.2519,-0.15559
0.5246,0.50545,0.56475,-0.38779
0.67227,0.74007,0.01855,-0.00131
0.6067,0.73755,0.2527,-0.15516
0.52481,0.50575,0.56445,-0.38754
0.67294,0.73943,0.01992,-0.00061
0.60757,0.73655,0.25405,-0.15432
0.52585,0.5039,0.56558,-0.3869
0.67301,0.73932,0.02148,0.00022
0.60747,0.73641,0.2553,-0.15327
0.52628,0.50149,0.56962,-0.38348
0.67154,0.74061,0.02281,0.00149
0.60804,0.73574,0.25579,-0.15343
0.52697,0.50066,0.56953,-0.38377
0.67269,0.73955,0.02365,0.00194
0.60877,0.73489,0.25693,-0.15274
0.52703,0.50115,0.56834,-0.38481
0.67426,0.73808,0.02444,0.00269
0.6089,0.73481,0.25706,-0.15236
0.52735,0.49989,0.57008,-0.38342
0.67354,0.7387,0.02563,0.00374
0.60944,0.73419,0.25764,-0.15222
0.52808,0.49866,0.57192,-0.38128
0.67303,0.73912,0.0268,0.00457
0.60954,0.73379,0.25935,-0.15083
0.5283,0.49783,0.57283,-0.3807
0.67285,0.73924,0.02773,0.00542
0.60998,0.73314,0.26055,-0.15018
0.52916,0.4968,0.57334,-0.38008
0.67304,0.73902,0.0288,0.00643
0.61022,0.73277,0.26135,-0.14955
0.53006,0.4957,0.57383,-0.37951
0.67325,0.73876,0.03022,0.00793
0.61053,0.73227,0.26263,-0.14852
0.53048,0.49492,0.57452,-0.3789
0.67296,0.73895,0.03145,0.00924
0.61097,0.73158,0.26392,-0.14782
0.53096,0.49457,0.57527,-0.37755
0.67309,0.73879,0.03236,0.01006
0.61083,0.73158,0.26451,-0.14733
0.5318,0.4931,0.57608,-0.37706
0.67283,0.73892,0.03406,0.01142
0.61096,0.73122,0.26608,-0.14576
0.53313,0.4913,0.57791,-0.37472
0.67274,0.73891,0.03551,0.01323
0.61151,0.73056,0.26746,-0.14422
0.53338,0.49059,0.57959,-0.37271
0.67174,0.7397,0.0373,0.01489
0.61163,0.73017,0.26861,-0.14352
0.53386,0.49001,0.58091,-0.37071
0.67189,0.73955,0.0374,0.01543
0.61171,0.72975,0.27051,-0.14176
0.53446,0.48916,0.58137,-0.37024
0.67133,0.73993,0.03906,0.01716
0.61227,0.72909,0.27167,-0.14049
0.53603,0.4876,0.58196,-0.3691
0.67183,0.73938,0.04015,0.01886
0.61246,0.72889,0.27204,-0.14
0.53694,0.4865,0.58292,-0.36772
0.6723,0.73886,0.04115,0.02033
0.61271,0.72841,0.2735,-0.13856
0.53802,0.48468,0.58395,-0.36691
0.67215,0.73889,0.0421,0.02197
0.61383,0.72727,0.27482,-0.137
0.53912,0.48378,0.58414,-0.36617
0.67229,0.73867,0.04311,0.02286
0.61435,0.72666,0.27591,-0.13569
0.53842,0.48467,0.58515,-0.36441
0.67224,0.73862,0.04406,0.02419
0.61444,0.72634,0.27692,-0.13493
0.54028,0.48275,0.58521,-0.36413
0.6724,0.73839,0.0449,0.02538
0.61491,0.72582,0.2777,-0.13398
0.54091,0.48151,0.58654,-0.36267
0.67257,0.73815,0.04577,0.0262
0.61539,0.72526,0.27838,-0.13345
0.54171,0.48019,0.58687,-0.36268
0.67308,0.73762,0.04651,0.02703
0.61618,0.7243,0.27969,-0.13221
0.54253,0.48042,0.58567,-0.36311
0.67321,0.73739,0.0476,0.02784
0.61619,0.72406,0.28033,-0.13212
0.54258,0.47847,0.5885,-0.36102
0.67267,0.73776,0.04883,0.02906
0.61644,0.72369,0.28126,-0.13106
0.54324,0.47787,0.5894,-0.35936
0.67231,0.73799,0.04972,0.03
0.61699,0.72299,0.28218,-0.13031
0.54363,0.47747,0.58972,-0.35877
0.67377,0.7366,0.05026,0.03061
0.61733,0.72239,0.28323,-0.12976
0.54425,0.47634,0.59,-0.35887
0.67336,0.73684,0.05154,0.03161
0.6177,0.72189,0.28371,-0.12974
0.545,0.47515,0.59068,-0.35819
0.67307,0.73703,0.05214,0.03222
0.61778,0.72158,0.28471,-0.12883
0.54603,0.47373,0.59112,-0.3578
0.67373,0.73632,0.05312,0.03315
0.61819,0.72115,0.28521,-0.1282
0.54673,0.47199,0.59215,-0.35732
0.67439,0.73565,0.05363,0.03371
0.6189,0.72036,0.28597,-0.12757
0.54619,0.47274,0.59295,-0.35582
0.67385,0.73603,0.05471,0.03464
0.61939,0.71961,0.28714,-0.12672
0.54721,0.47122,0.59269,-0.35671
0.6745,0.73534,0.05572,0.03506
0.61965,0.71918,0.28776,-0.12651
0.54756,0.47071,0.59315,-0.35606
0.67465,0.73505,0.05695,0.03603
0.61968,0.71889,0.28845,-0.12644
0.54877,0.4694,0.5939,-0.35469
0.67431,0.73517,0.05846,0.03754
0.61983,0.71858,0.28942,-0.12528
0.54902,0.46825,0.59509,-0.35381
0.6744,0.73502,0.05905,0.03812
0.62023,0.7178,0.29094,-0.12419
0.54987,0.46707,0.59553,-0.35331
0.6751,0.73421,0.0605,0.039
0.62078,0.71681,0.29266,-0.12314
0.55011,0.46666,0.59594,-0.35278
0.6746,0.73444,0.06204,0.04064
0.62046,0.71665,0.29426,-0.12187
0.55084,0.46473,0.59821,-0.35035
0.67344,0.73526,0.06374,0.04249
0.62103,0.71589,0.29509,-0.12141
0.55162,0.46358,0.59944,-0.34854
0.67461,0.73404,0.06486,0.04346
0.62193,0.71483,0.29628,-0.1202
0.55371,0.46108,0.59845,-0.35023
0.67543,0.73313,0.0659,0.04439
0.62231,0.7142,0.2975,-0.11888
0.55359,0.46144,0.59971,-0.34779
0.67487,0.73348,0.06696,0.04551
0.6232,0.71306,0.29883,-0.11775
0.55482,0.4602,0.59958,-0.3477
0.67437,0.7336,0.06872,0.04827
0.62329,0.71291,0.29935,-0.11685
0.55541,0.45883,0.60127,-0.34565
0.67608,0.73195,0.06905,0.04891
0.62376,0.71212,0.301,-0.11495
0.55673,0.45688,0.60134,-0.34598
0.67608,0.73177,0.07031,0.0498
0.62383,0.71161,0.30231,-0.11426
0.55636,0.4569,0.60233,-0.34483
0.67477,0.73288,0.07114,0.0502
0.62364,0.71151,0.30318,-0.11363
0.55658,0.45624,0.60345,-0.34338
0.67333,0.73388,0.0731,0.05188
0.62328,0.71134,0.30477,-0.11237
0.55656,0.45577,0.60479,-0.34167
0.67403,0.7332,0.07333,0.05223
0.62307,0.71129,0.30568,-0.11136
0.55761,0.45444,0.60439,-0.34245
0.67353,0.7335,0.07439,0.05291
0.62295,0.71122,0.30621,-0.1111
0.55735,0.45388,0.60636,-0.34011
0.67276,0.7341,0.07516,0.0534
0.62273,0.71098,0.3075,-0.11027
0.55753,0.45392,0.60641,-0.33969
0.67214,0.73445,0.07623,0.05481
0.62274,0.71073,0.30861,-0.10873
0.55765,0.45381,0.6069,-0.33875
0.6728,0.73365,0.07731,0.05592
0.62283,0.71048,0.30906,-0.10858
0.55769,0.45331,0.60761,-0.33808
0.67174,0.73448,0.07798,0.05673
0.62222,0.71058,0.31053,-0.1072
0.55881,0.45104,0.60859,-0.33752
0.67121,0.73471,0.07952,0.0579
0.62212,0.71041,0.31138,-0.10641
0.55926,0.44969,0.6109,-0.33438
0.67053,0.73526,0.08013,0.05797
0.62217,0.71006,0.31243,-0.10536
0.5598,0.44934,0.61066,-0.33438
0.67054,0.73491,0.08187,0.05987
0.62215,0.70957,0.31382,-0.10468
0.56045,0.44838,0.61119,-0.33361
0.67064,0.73474,0.08223,0.06032
0.62225,0.70909,0.315,-0.1038
0.56028,0.44696,0.6132,-0.3321
0.66995,0.73504,0.08424,0.06154
0.62167,0.70935,0.31572,-0.10332
0.56059,0.44592,0.6146,-0.33039
0.66916,0.73566,0.08483,0.06188
0.62123,0.70912,0.31765,-0.10164
0.56095,0.44524,0.61501,-0.32994
0.6683,0.73623,0.0861,0.06261
0.62042,0.70951,0.31846,-0.10126
0.56067,0.44501,0.61581,-0.32923
0.66812,0.73617,0.0874,0.06348
0.62022,0.70928,0.31961,-0.10048
0.5608,0.44435,0.6167,-0.32823
0.66732,0.73666,0.08866,0.06439
0.61973,0.70914,0.32123,-0.09935
0.56059,0.44358,0.61866,-0.32593
0.66628,0.73743,0.0895,0.06524
0.61932,0.70915,0.32225,-0.09852
0.56028,0.44384,0.61903,-0.32541
0.66558,0.73805,0.0897,0.06512
0.61814,0.70996,0.3229,-0.09797
0.56025,0.44412,0.61846,-0.32616
0.66429,0.73902,0.09057,0.06613
0.61766,0.71015,0.32357,-0.09742
0.56051,0.44258,0.62074,-0.32348
0.66392,0.73914,0.09161,0.06696
0.61716,0.71023,0.32464,-0.09642
0.56058,0.4425,0.62093,-0.3231
0.66375,0.73928,0.09163,0.06716
0.6167,0.71038,0.32532,-0.09592
0.56068,0.44246,0.62103,-0.3228
0.66315,0.73972,0.09213,0.06752
0.61656,0.7105,0.3253,-0.09598
0.56086,0.44208,0.62134,-0.32238
0.6629,0.73996,0.09191,0.06762
0.6166,0.71048,0.32556,-0.09508
0.56081,0.44189,0.6217,-0.32204
0.66299,0.7398,0.09237,0.06795
0.61686,0.71025,0.32551,-0.09523
0.56089,0.44171,0.62202,-0.32152
0.66315,0.73963,0.0924,0.06817
0.61667,0.7103,0.32584,-0.09499
0.56094,0.44171,0.62212,-0.32125
0.66285,0.73985,0.09258,0.06841
0.61676,0.71028,0.32577,-0.09473
0.56092,0.44179,0.6221,-0.32122
0.66278,0.73987,0.09275,0.06862
0.61697,0.71019,0.32568,-0.09446
0.5604,0.44256,0.62141,-0.3224
0.6628,0.73991,0.0924,0.06851
0.61671,0.71032,0.32582,-0.09462
0.56069,0.44288,0.62081,-0.32261
0.66282,0.74,0.09187,0.06796
0.61719,0.71014,0.32529,-0.09469
0.56087,0.44277,0.62085,-0.32238
0.66326,0.73961,0.09186,0.06802
0.61679,0.71081,0.32437,-0.09546
0.56086,0.44288,0.62041,-0.32308
0.66338,0.73961,0.09133,0.06752
0.61747,0.71014,0.32454,-0.09539
0.56075,0.44314,0.62024,-0.32325
0.66372,0.73933,0.09117,0.06747
0.61803,0.70991,0.32375,-0.09612
0.56153,0.44241,0.62007,-0.32322
0.6648,0.73841,0.09075,0.06751
0.61854,0.70949,0.32375,-0.09596
0.56155,0.44289,0.61946,-0.3237
0.66524,0.73812,0.09038,0.06688
0.61912,0.70912,0.32342,-0.09607
0.56154,0.44353,0.61836,-0.32493
0.66467,0.73861,0.09038,0.06709
0.61902,0.70936,0.32304,-0.09631
0.56126,0.44388,0.6181,-0.32544
0.66559,0.73793,0.08974,0.06625
0.61944,0.7093,0.32177,-0.09822
0.5614,0.4446,0.61657,-0.3271
0.66645,0.73735,0.08888,0.06531
0.62012,0.70878,0.32167,-0.09802
0.56114,0.4455,0.61562,-0.32813
0.66674,0.73729,0.08778,0.06441
0.61998,0.70907,0.32098,-0.09908
0.56134,0.44587,0.61407,-0.33017
0.66737,0.73677,0.08761,0.06413
0.62047,0.70899,0.3199,-0.10004
0.56135,0.44656,0.61268,-0.33181
0.66826,0.73599,0.0874,0.06412
0.6212,0.70844,0.31971,-0.09997
0.56065,0.44801,0.61183,-0.33261
0.66845,0.73587,0.08704,0.06402
0.62115,0.70881,0.31872,-0.10083
0.56234,0.44694,0.61073,-0.3332
0.66943,0.73526,0.08564,0.06271
0.62143,0.7087,0.31835,-0.10106
0.56056,0.45,0.60805,-0.33698
0.66877,0.73594,0.08518,0.06232
0.6211,0.70921,0.31769,-0.10161
0.56001,0.4507,0.60836,-0.33639
0.66826,0.73649,0.08475,0.0619
0.62136,0.70913,0.31731,-0.10178
0.56036,0.45018,0.609,-0.33533
0.66899,0.73592,0.08406,0.06165
0.62144,0.70936,0.3165,-0.10221
0.55907,0.45228,0.60732,-0.3377
0.66936,0.73576,0.08306,0.061
0.62127,0.70972,0.31578,-0.103
0.55892,0.45356,0.60541,-0.33965
0.66919,0.73596,0.08283,0.06064
0.62153,0.70955,0.31565,-0.103
0.55856,0.45327,0.6072,-0.33745
0.6697,0.73567,0.08178,0.06008
0.62155,0.70989,0.31457,-0.10376
0.55923,0.45319,0.60639,-0.33791
0.6705,0.73503,0.08124,0.05962
0.62195,0.70952,0.3147,-0.10351
0.55886,0.45476,0.604,-0.34067
0.66993,0.73564,0.08084,0.05905
0.62199,0.70997,0.31326,-0.1046
0.55632,0.45754,0.60373,-0.34158
0.67026,0.73549,0.0798,0.05871
0.62146,0.71057,0.3128,-0.10505
0.55805,0.45552,0.60459,-0.33994
0.67016,0.7356,0.0797,0.05849
0.62188,0.71036,0.31239,-0.10516
0.55873,0.45533,0.60354,-0.34095
0.67059,0.73531,0.07906,0.058
0.62256,0.70988,0.31198,-0.10564
0.55662,0.45797,0.60219,-0.34322
0.67162,0.73452,0.07833,0.05727
0.62199,0.71071,0.31089,-0.10664
0.55757,0.45746,0.60201,-0.34268
0.67136,0.7348,0.07805,0.05702
0.62245,0.71062,0.31008,-0.1069
0.55564,0.45955,0.60133,-0.34421
0.67102,0.73528,0.07699,0.05628
0.62244,0.71081,0.30954,-0.10722
0.55619,0.45952,0.60088,-0.34415
0.6712,0.73524,0.0762,0.0557
0.62118,0.71226,0.30816,-0.10888
0.55575,0.4601,0.60012,-0.34539
0.67126,0.73538,0.07516,0.05456
0.6222,0.71142,0.30815,-0.10858
0.55429,0.46217,0.59924,-0.34651
0.67119,0.73558,0.07448,0.05373
0.62147,0.71251,0.30663,-0.10992
0.55522,0.46169,0.59798,-0.34784
0.67145,0.73536,0.07443,0.05353
0.62097,0.71323,0.30551,-0.1112
0.55536,0.46149,0.59826,-0.3474
0.67137,0.73572,0.07265,0.05188
0.6217,0.71278,0.30499,-0.11138
0.5535,0.46379,0.59687,-0.3497
0.67224,0.73509,0.07166,0.05094
0.62151,0.71322,0.30388,-0.11271
0.55415,0.46328,0.59658,-0.34983
0.67226,0.73514,0.07146,0.05026
0.62199,0.7131,0.30295,-0.11337
0.55276,0.465,0.59616,-0.35046
0.67277,0.7349,0.0699,0.04905
0.62195,0.71322,0.3027,-0.11342
0.5517,0.46635,0.59517,-0.35203
0.6725,0.7353,0.06899,0.04828
0.6215,0.71391,0.30107,-0.11585
0.55164,0.46693,0.59425,-0.35289
0.67305,0.73498,0.06786,0.04701
0.62118,0.71465,0.29971,-0.11652
0.55046,0.4684,0.59394,-0.35331
0.67315,0.73496,0.06744,0.0463
0.62097,0.71496,0.29926,-0.11693
0.55071,0.46837,0.59361,-0.35351
0.67213,0.73612,0.06598,0.04489
0.62088,0.71523,0.29846,-0.11776
0.54952,0.46999,0.59219,-0.3556
0.67242,0.736,0.06499,0.04384
0.62034,0.71614,0.29667,-0.11962
0.54835,0.47143,0.59141,-0.35678
0.67315,0.73551,0.06381,0.04259
0.61991,0.71673,0.2957,-0.12066
0.54828,0.47157,0.59132,-0.35687
0.67343,0.73542,0.06263,0.04146
0.62016,0.71667,0.29507,-0.1213
0.54762,0.47257,0.59015,-0.35848
0.67314,0.73575,0.06226,0.04086
0.62036,0.71693,0.29366,-0.12223
0.54675,0.47345,0.58988,-0.35911
0.6738,0.73537,0.06073,0.03922
0.62053,0.71689,0.29319,-0.12272
0.54715,0.47348,0.58942,-0.3592
0.67433,0.73503,0.05963,0.03809
0.6207,0.71694,0.29213,-0.12406
0.54605,0.4752,0.58746,-0.36182
0.67424,0.73518,0.05922,0.03749
0.62097,0.71703,0.29092,-0.12505
0.54517,0.47624,0.58677,-0.36289
0.67542,0.7343,0.0576,0.03584
0.62075,0.71729,0.29064,-0.12528
0.54481,0.47665,0.58689,-0.36269
0.67487,0.7349,0.05687,0.03516
0.61995,0.71836,0.28849,-0.12802
0.54443,0.47736,0.58626,-0.36336
0.67472,0.73518,0.05578,0.03408
0.6197,0.71889,0.28734,-0.12885
0.54349,0.47876,0.585,-0.36494
0.67503,0.73501,0.05482,0.03305
0.61973,0.719,0.2868,-0.1293
0.54357,0.47901,0.58452,-0.36527
0.67515,0.73502,0.05373,0.03205
0.62054,0.71868,0.28569,-0.12962
0.54297,0.48012,0.58336,-0.36654
0.67539,0.73491,0.05287,0.03105
0.62076,0.71865,0.28518,-0.12991
0.54199,0.48144,0.58265,-0.3674
0.67544,0.73502,0.05141,0.0298
0.62052,0.71913,0.284,-0.13098
0.54087,0.4829,0.582,-0.36816
0.67551,0.73504,0.0506,0.02897
0.61983,0.72021,0.28208,-0.13242
0.54023,0.48412,0.58045,-0.36994
0.67537,0.73529,0.0495,0.02782
0.61902,0.72133,0.28002,-0.13452
0.5403,0.48419,0.58004,-0.37038
0.67582,0.73502,0.04799,0.02658
0.61897,0.72138,0.28023,-0.134
0.53934,0.48516,0.57975,-0.37098
0.67435,0.73644,0.04738,0.02585
0.61869,0.72203,0.27847,-0.13547
0.5387,0.48637,0.57899,-0.37151
0.6743,0.73659,0.04632,0.02451
0.6183,0.72255,0.2776,-0.13626
0.53772,0.48726,0.57839,-0.3727
0.6746,0.7364,0.04546,0.02371
0.61802,0.72297,0.27679,-0.1369
0.53798,0.48761,0.57793,-0.37257
0.67519,0.73597,0.04415,0.02283
0.6183,0.72314,0.27549,-0.13739
0.53728,0.4888,0.57634,-0.37449
0.67561,0.73567,0.04317,0.02168
0.61886,0.72299,0.27399,-0.13867
0.53678,0.48972,0.57537,-0.3755
0.67591,0.73548,0.04215,0.02095
0.61867,0.72329,0.27346,-0.13898
0.53668,0.49003,0.57492,-0.37591
0.67561,0.73582,0.04122,0.02028
0.6185,0.72381,0.27189,-0.1401
0.53572,0.49121,0.57408,-0.37703
0.67605,0.73549,0.04035,0.01942
0.61826,0.72425,0.27074,-0.1411
0.53606,0.49099,0.57436,-0.37641
0.6765,0.73513,0.03969,0.0189
0.61838,0.72424,0.27047,-0.14118
0.53567,0.49169,0.57335,-0.37759
0.67614,0.73556,0.03825,0.01774
0.61837,0.7245,0.26966,-0.14139
0.53501,0.49271,0.57249,-0.37848
0.67563,0.73611,0.03737,0.0167
0.61778,0.72524,0.26856,-0.14233
0.53377,0.49409,0.57122,-0.38036
0.6756,0.73619,0.03668,0.01597
0.61679,0.72619,0.26787,-0.14307
0.53333,0.49491,0.57126,-0.37985
0.67438,0.73738,0.03545,0.01505
0.6159,0.72721,0.26689,-0.14353
0.53225,0.49564,0.57069,-0.38126
0.67418,0.7376,0.03497,0.01406
0.61488,0.72819,0.26595,-0.14466
0.53155,0.49689,0.5694,-0.38254
0.67342,0.73839,0.03371,0.0126
0.61419,0.7289,0.2652,-0.14543
0.5312,0.49736,0.56847,-0.38379
0.67445,0.73751,0.03265,0.01181
0.61436,0.72895,0.26468,-0.1454
0.53118,0.49743,0.56869,-0.38342
0.67273,0.7391,0.03211,0.01136
0.61344,0.72987,0.26351,-0.14676
0.53135,0.49737,0.56905,-0.38271
0.67401,0.73801,0.03093,0.00986
0.61348,0.73003,0.26232,-0.14794
0.53078,0.49848,0.56671,-0.38553
0.6762,0.73605,0.02998,0.00921
0.61394,0.72994,0.26071,-0.14929
0.52985,0.49984,0.56459,-0.38816
0.67729,0.73512,0.02873,0.00778
0.61469,0.72938,0.26,-0.1502
0.5295,0.50011,0.56482,-0.38794
0.67604,0.73629,0.02825,0.00756
0.61512,0.72913,0.25987,-0.14986
0.52857,0.50103,0.56459,-0.38835
0.67547,0.73686,0.02712,0.00659
0.61569,0.72879,0.25956,-0.14973
0.52809,0.50178,0.56371,-0.3893
0.67704,0.73547,0.02592,0.00499
0.61555,0.72905,0.25866,-0.15062
0.52672,0.50366,0.56205,-0.39114
0.67685,0.73569,0.02477,0.00367
0.61529,0.7294,0.25744,-0.15205
0.5262,0.5041,0.56246,-0.39067
0.67668,0.7359,0.02351,0.00188
0.6147,0.72992,0.25668,-0.15321
0.52445,0.50601,0.56096,-0.39271
0.67582,0.73671,0.02281,0.00098
0.61364,0.73093,0.25553,-0.15457
0.52319,0.50723,0.56047,-0.39352
0.67523,0.73728,0.02199,-0.00072
0.61287,0.73156,0.25536,-0.15491
0.52272,0.507,0.56069,-0.39413
0.67405,0.73838,0.0212,-0.00222
0.61186,0.73243,0.25457,-0.15613
0.52256,0.50682,0.55963,-0.39608
0.67364,0.73877,0.01984,-0.00509
0.60954,0.73445,0.25192,-0.15993
0.52166,0.50748,0.55897,-0.39736
0.67397,0.73846,0.02073,-0.00351
0.6093,0.73441,0.25232,-0.16037
0.52156,0.50532,0.563,-0.39453
0.67145,0.74076,0.01959,-0.00607
0.60971,0.73463,0.24616,-0.16724
0.51814,0.51185,0.55436,-0.40277
0.6837,0.72954,0.01464,-0.01069
0.61382,0.73163,0.24526,-0.16672
0.51772,0.51429,0.5508,-0.40508
0.68979,0.72378,0.0123,-0.01379
0.61631,0.7293,0.24704,-0.16508
0.51857,0.51241,0.55411,-0.40186
0.68027,0.73273,0.01334,-0.01262
0.61565,0.72988,0.24687,-0.16522
0.51668,0.51456,0.55388,-0.40186
0.6738,0.73868,0.01305,-0.01317
0.61607,0.72943,0.24561,-0.16751
0.515,0.51605,0.55233,-0.40422
0.67702,0.7357,0.00919,-0.01728
0.61619,0.72943,0.24423,-0.16911
0.51268,0.51755,0.55112,-0.40691
0.68407,0.72904,0.00567,-0.0227
0.61338,0.73213,0.24291,-0.16954
0.51144,0.51731,0.55288,-0.40638
0.67814,0.73458,0.00658,-0.02192
0.60847,0.7365,0.23904,-0.17375
0.51164,0.5175,0.55162,-0.4076
0.67137,0.74078,0.00673,-0.0216
0.60609,0.73865,0.23584,-0.17729
0.51123,0.52005,0.54845,-0.40914
0.67503,0.73745,0.00602,-0.02168
0.60644,0.73842,0.23567,-0.17725
0.5112,0.52054,0.54789,-0.40932
0.68029,0.73254,0.00373,-0.02412
0.60619,0.73874,0.23494,-0.17778
0.51121,0.52074,0.54729,-0.40984
0.67833,0.73439,0.00401,-0.02314
0.60443,0.74044,0.2322,-0.18024
0.51168,0.52087,0.54744,-0.40889
0.67564,0.73688,0.00361,-0.02268
0.60504,0.74008,0.23185,-0.18014
0.51194,0.52145,0.54675,-0.40875
0.67758,0.73509,0.00368,-0.02255
0.60793,0.73767,0.2348,-0.17646
0.51205,0.52128,0.54639,-0.4093
0.67849,0.73424,0.00238,-0.02324
0.60972,0.73613,0.23613,-0.17494
0.51144,0.52201,0.54581,-0.40992
0.6774,0.73524,0.00226,-0.02332
0.6105,0.73547,0.23656,-0.17438
0.51185,0.52113,0.54594,-0.41034
0.67801,0.7347,0.00295,-0.02252
0.60968,0.73616,0.23571,-0.1755
0.51189,0.52142,0.54625,-0.40952
0.67845,0.73428,0.00242,-0.02319
0.60968,0.73615,0.23626,-0.17482
0.51203,0.52149,0.54626,-0.40923
0.67807,0.73463,0.00285,-0.02294
0.60966,0.73614,0.23634,-0.17481
0.51198,0.52138,0.54647,-0.40915
0.67645,0.73612,0.00307,-0.02305
0.6087,0.73689,0.2357,-0.17586
0.51182,0.52147,0.54657,-0.40911
0.67718,0.73544,0.00286,-0.0233
0.60769,0.73757,0.23548,-0.17678
0.51168,0.52343,0.5432,-0.41127
0.67865,0.73412,0.00394,-0.02191
0.60741,0.73755,0.23612,-0.17697
0.51214,0.52206,0.54545,-0.40946
0.67747,0.73517,0.00193,-0.02374
0.60941,0.73635,0.23564,-0.17572
0.5121,0.52234,0.5453,-0.40935
0.67812,0.73454,0.00102,-0.0245
0.61039,0.73553,0.23664,-0.17439
0.51145,0.52365,0.54341,-0.41101
0.67872,0.73398,0.00037,-0.0248
0.61171,0.73442,0.23751,-0.1733
0.51231,0.52341,0.54355,-0.41002
0.67671,0.73586,0.00063,-0.02403
0.61162,0.73472,0.23671,-0.17341
0.51163,0.52524,0.54172,-0.41097
0.67778,0.73482,-0.00067,-0.02534
0.60994,0.73618,0.23526,-0.17514
0.51146,0.52563,0.54126,-0.41128
0.67739,0.73518,-0.00105,-0.02553
0.60823,0.7377,0.23358,-0.17692
0.51143,0.52584,0.54131,-0.411
0.67618,0.73629,-0.00128,-0.02543
0.606,0.73971,0.2312,-0.17927
0.5107,0.52665,0.54062,-0.41178
0.67608,0.73637,-0.00188,-0.02587
0.60554,0.74011,0.23083,-0.17965
0.51027,0.52732,0.53977,-0.41256
0.67666,0.73582,-0.00224,-0.02634
0.60693,0.73896,0.23192,-0.17831
0.51054,0.52691,0.54041,-0.41192
0.67663,0.73586,-0.00238,-0.02626
0.6074,0.7386,0.23233,-0.17763
0.51055,0.5266,0.54088,-0.41168
0.6763,0.73616,-0.00233,-0.02613
0.60714,0.73887,0.2322,-0.17755
0.51046,0.52657,0.54118,-0.41144
0.67658,0.7359,-0.00196,-0.02613
0.60662,0.73917,0.23254,-0.17767
0.51051,0.52636,0.54175,-0.41089
0.67604,0.7364,-0.00183,-0.02595
0.60607,0.73955,0.2325,-0.178
0.51058,0.52608,0.54229,-0.41045
0.67526,0.73713,-0.00146,-0.02588
0.60537,0.74006,0.23278,-0.17788
0.51059,0.52591,0.54273,-0.41006
0.67499,0.73738,-0.00139,-0.0257
0.60545,0.73993,0.23316,-0.17769
0.5104,0.5258,0.54305,-0.41001
0.67503,0.73733,-0.00117,-0.02587
0.60538,0.73993,0.23364,-0.17728
0.51063,0.52561,0.54299,-0.41006
0.67491,0.73744,-0.0011,-0.02607
0.60499,0.74018,0.23357,-0.17766
0.51061,0.52574,0.54292,-0.41002
0.67504,0.73732,-0.00109,-0.02608
0.60461,0.74051,0.23322,-0.17804
0.51051,0.52579,0.54278,-0.41027
0.67518,0.73719,-0.00114,-0.02603
0.60465,0.74039,0.23363,-0.17788
0.51046,0.52587,0.54278,-0.41022
0.67452,0.73779,-0.00117,-0.02619
0.60473,0.74032,0.23382,-0.17765
0.51037,0.52596,0.54274,-0.41028
0.6744,0.7379,-0.0013,-0.02618
0.60474,0.74033,0.23395,-0.1774
0.5103,0.52556,0.5431,-0.4104
0.67522,0.73715,-0.00156,-0.02627
0.60457,0.7403,0.23422,-0.17775
0.51018,0.52573,0.5433,-0.41006
0.67508,0.73728,-0.00064,-0.02625
0.60457,0.74031,0.23444,-0.1774
0.50986,0.5262,0.5427,-0.41065
0.67453,0.73777,-0.00129,-0.02656
0.60484,0.7399,0.23544,-0.17688
0.50996,0.52623,0.54261,-0.4106
0.67355,0.73867,-0.00138,-0.02639
0.60506,0.7398,0.23578,-0.17607
0.51005,0.52622,0.543,-0.40998
0.67345,0.73876,-0.0014,-0.02634
0.60467,0.74013,0.23573,-0.17612
0.51011,0.52615,0.5432,-0.40974
0.67361,0.73862,-0.00121,-0.02614
0.60426,0.74055,0.23536,-0.17623
0.51005,0.52638,0.54317,-0.40957
0.67317,0.73903,-0.00127,-0.02619
0.60355,0.74093,0.23552,-0.17687
0.50997,0.52622,0.54342,-0.40954
0.67289,0.73928,-0.00123,-0.02618
0.60319,0.74121,0.23527,-0.17723
0.50988,0.52616,0.54383,-0.40917
0.673,0.73918,-0.00099,-0.02619
0.60261,0.74187,0.23464,-0.17729
0.50997,0.52615,0.54363,-0.40935
0.67272,0.73944,-0.00085,-0.0261
0.60216,0.74227,0.23421,-0.1777
0.50974,0.5259,0.54406,-0.40939
0.67274,0.73941,-0.00074,-0.0263
0.60153,0.74278,0.2336,-0.17853
0.50944,0.52614,0.54408,-0.40942
0.67294,0.73922,-0.00057,-0.02654
0.60042,0.74375,0.23241,-0.17978
0.50942,0.52603,0.54402,-0.40966
0.67321,0.73898,-0.00042,-0.02646
0.59933,0.74476,0.23115,-0.18084
0.50977,0.52548,0.54438,-0.40946
0.67314,0.73903,-0.00013,-0.02654
0.59874,0.74516,0.2309,-0.18147
0.51072,0.52426,0.54511,-0.40887
0.6728,0.73934,0.00011,-0.02663
0.59893,0.745,0.23088,-0.18156
0.51068,0.52427,0.54484,-0.40927
0.67341,0.73881,0.00037,-0.02626
0.59934,0.74463,0.23156,-0.18083
0.51122,0.52396,0.54516,-0.40856
0.67364,0.73856,-0.00042,-0.0271
0.60145,0.74285,0.23393,-0.17807
0.5111,0.52337,0.54575,-0.40868
0.67232,0.73978,0.00021,-0.02647
0.60359,0.74097,0.2368,-0.17486
0.51063,0.52377,0.54571,-0.40881
0.67152,0.74051,0.00039,-0.02641
0.60299,0.74121,0.23698,-0.17565
0.51115,0.52328,0.5458,-0.40866
0.67205,0.74003,0.00032,-0.02662
0.59961,0.74387,0.23415,-0.17972
0.51055,0.52365,0.54569,-0.40908
0.67302,0.73914,0.00036,-0.02676
0.59783,0.74555,0.23179,-0.18173
0.51089,0.52391,0.54536,-0.40877
0.67221,0.73989,0.0003,-0.0264
0.59674,0.74684,0.22984,-0.18252
0.51084,0.52404,0.5449,-0.40928
0.67181,0.74024,0,-0.02675
0.59701,0.74658,0.22994,-0.18256
0.51051,0.52428,0.54538,-0.40875
0.67272,0.73942,0.00014,-0.02667
0.5983,0.74552,0.2311,-0.1812
0.51071,0.52409,0.5453,-0.40884
0.67306,0.73911,0.00031,-0.0265
0.60103,0.74323,0.23368,-0.17822
0.51124,0.52379,0.54501,-0.40896
0.67324,0.73896,0.00047,-0.02603
0.60253,0.74192,0.23501,-0.17688
0.51149,0.52343,0.54539,-0.40859
0.67348,0.73876,0.00082,-0.02545
0.602,0.74238,0.23442,-0.17755
0.51215,0.52251,0.54589,-0.40829
0.6737,0.73858,0.00099,-0.02509
0.60101,0.74326,0.23338,-0.17857
0.51228,0.52279,0.54609,-0.40748
0.67331,0.73895,0.0014,-0.02459
0.60121,0.74309,0.23401,-0.17778
0.51272,0.52205,0.54645,-0.4074
0.67338,0.7389,0.00181,-0.02417
0.60143,0.74295,0.23438,-0.17713
0.51334,0.52164,0.54738,-0.40589
0.67384,0.73851,0.00246,-0.02329
0.60145,0.74281,0.23525,-0.1765
0.51358,0.52095,0.5483,-0.40524
0.67338,0.73895,0.0033,-0.02251
0.60167,0.74254,0.23619,-0.17562
0.5143,0.5203,0.54876,-0.40453
0.67323,0.73911,0.00432,-0.02125
0.60259,0.74169,0.23801,-0.17359
0.51468,0.51938,0.54995,-0.40361
0.67333,0.73905,0.00522,-0.02007
0.60293,0.74134,0.23962,-0.17165
0.51561,0.51875,0.55048,-0.40252
0.67336,0.73905,0.00602,-0.01893
0.60293,0.74132,0.23992,-0.17135
0.51655,0.51829,0.55217,-0.39958
0.6722,0.74016,0.00827,-0.01553
0.60181,0.74228,0.24102,-0.16955
0.51764,0.51658,0.55473,-0.39682
0.67169,0.74065,0.0092,-0.01388
0.60222,0.74192,0.24297,-0.16687
0.5196,0.514,0.55756,-0.39363
0.66968,0.74248,0.01138,-0.011
0.60284,0.74123,0.24518,-0.16445
0.52055,0.51295,0.55827,-0.39274
0.66996,0.74223,0.01205,-0.00995
0.60284,0.74128,0.24554,-0.16368
0.52154,0.51193,0.55841,-0.39256
0.67129,0.74103,0.01342,-0.00828
0.60314,0.74092,0.2467,-0.16249
0.52284,0.51077,0.55859,-0.39209
0.67217,0.7402,0.01586,-0.00581
0.60481,0.73903,0.24921,-0.16104
0.52338,0.50938,0.56107,-0.38962
0.67201,0.74032,0.01752,-0.00397
0.60579,0.73819,0.25044,-0.15929
0.5254,0.50689,0.56184,-0.38905
0.67317,0.73924,0.0189,-0.00228
0.60714,0.73686,0.25203,-0.15779
0.52675,0.50518,0.56258,-0.38837
0.67431,0.73819,0.01965,-0.00159
0.60914,0.73496,0.25388,-0.15597
0.52714,0.50501,0.56264,-0.38798
0.67508,0.73745,0.02075,-0.00054
0.61032,0.73385,0.2549,-0.15493
0.52785,0.50431,0.56263,-0.38792
0.67568,0.73686,0.0221,0.00043
0.61104,0.73296,0.2559,-0.15462
0.52856,0.50324,0.56313,-0.38764
0.67625,0.73633,0.02251,0.00071
0.61159,0.73234,0.2565,-0.15442
0.52936,0.50205,0.56371,-0.38724
0.67709,0.73552,0.02377,0.00137
0.61249,0.73133,0.25783,-0.15342
0.52931,0.50114,0.56533,-0.38613
0.67679,0.73574,0.02538,0.00253
0.61261,0.73088,0.25871,-0.15358
0.52955,0.50058,0.56654,-0.38475
0.67635,0.73612,0.02611,0.00264
0.61315,0.73009,0.26012,-0.15282
0.53003,0.50015,0.5665,-0.3847
0.67669,0.73574,0.02769,0.00354
0.61314,0.73002,0.26062,-0.15236
0.53013,0.49955,0.56715,-0.3844
0.67712,0.73533,0.02819,0.00351
0.61319,0.72992,0.26056,-0.15273
0.531,0.49837,0.56791,-0.3836
0.67675,0.73562,0.02921,0.00473
0.61394,0.72905,0.26142,-0.15238
0.53203,0.49685,0.56828,-0.3836
0.67808,0.73436,0.03003,0.00544
0.61499,0.72807,0.26222,-0.15149
0.53319,0.49484,0.56881,-0.3838
0.67863,0.7338,0.0311,0.0061
0.61577,0.7271,0.26288,-0.15182
0.53342,0.49402,0.56969,-0.38323
0.67814,0.73422,0.03183,0.00607
0.61585,0.72692,0.26301,-0.15211
0.53428,0.49449,0.56926,-0.38207
0.6799,0.73253,0.03279,0.00743
0.61762,0.72517,0.26453,-0.15064
0.53618,0.48961,0.57252,-0.3808
0.68164,0.73083,0.03435,0.00895
0.61893,0.72356,0.26701,-0.14863
0.53621,0.48873,0.57596,-0.37668
0.67779,0.7343,0.0359,0.01073
0.61899,0.72334,0.26801,-0.14764
0.53647,0.48894,0.57492,-0.37764
0.67866,0.73348,0.03619,0.01086
0.61844,0.72392,0.26754,-0.14796
0.53634,0.48996,0.57301,-0.37939
0.68001,0.7322,0.03677,0.011
0.61776,0.72439,0.26725,-0.14902
0.53681,0.48884,0.57385,-0.37891
0.67934,0.73276,0.0378,0.01204
0.61836,0.72352,0.26918,-0.14727
0.53828,0.48605,0.57638,-0.37657
0.67877,0.73315,0.03967,0.0138
0.61907,0.72265,0.27063,-0.14593
0.53877,0.48497,0.57802,-0.37473
0.67987,0.73202,0.0413,0.01455
0.61947,0.72198,0.27188,-0.14521
0.5391,0.48409,0.5793,-0.37341
0.67933,0.73244,0.04244,0.01563
0.61937,0.72174,0.27294,-0.14482
0.53984,0.48352,0.57907,-0.37344
0.67935,0.73231,0.04359,0.01717
0.61998,0.72112,0.27365,-0.144
0.54057,0.48335,0.57867,-0.37323
0.68041,0.73125,0.04449,0.01831
0.62079,0.72039,0.27436,-0.14276
0.54242,0.48097,0.57926,-0.3727
0.68211,0.72957,0.04544,0.01961
0.62215,0.71883,0.27644,-0.1407
0.5426,0.48022,0.58128,-0.37024
0.68095,0.7305,0.04723,0.02115
0.62301,0.71748,0.27848,-0.13975
0.5427,0.4805,0.58144,-0.36949
0.68118,0.73017,0.04824,0.02272
0.62309,0.71731,0.27907,-0.13906
0.54348,0.47966,0.5815,-0.36933
0.68131,0.7299,0.0498,0.024
0.62334,0.71667,0.28073,-0.13795
0.54565,0.47638,0.58238,-0.369
0.68163,0.72943,0.05151,0.02576
0.62395,0.71559,0.28269,-0.13675
0.54587,0.4755,0.58501,-0.36563
0.68154,0.72941,0.05233,0.02697
0.62453,0.71485,0.28384,-0.13557
0.54722,0.47323,0.58643,-0.36428
0.68123,0.72955,0.05361,0.02837
0.62504,0.71404,0.28551,-0.13402
0.54733,0.47293,0.58732,-0.36306
0.68143,0.7292,0.05501,0.02985
0.62556,0.71332,0.28651,-0.13323
0.54909,0.47056,0.58855,-0.3615
0.68158,0.72892,0.05624,0.03088
0.62603,0.71254,0.28805,-0.13193
0.54962,0.47042,0.58862,-0.36076
0.68146,0.72893,0.05698,0.03218
0.62622,0.71229,0.28872,-0.13093
0.54999,0.47004,0.58858,-0.36076
0.68084,0.72929,0.05861,0.03408
0.62618,0.71214,0.28953,-0.13009
0.55168,0.46805,0.58946,-0.35932
0.68183,0.72825,0.05933,0.03531
0.62692,0.71131,0.29072,-0.12838
0.55184,0.46727,0.59132,-0.35703
0.6814,0.7285,0.06032,0.03662
0.62733,0.71052,0.29246,-0.12682
0.55313,0.4659,0.59181,-0.35602
0.67997,0.72959,0.06202,0.03867
0.62728,0.7105,0.29303,-0.12588
0.55303,0.46539,0.59265,-0.35544
0.6808,0.72873,0.06257,0.0394
0.62734,0.71016,0.29418,-0.12479
0.55338,0.46549,0.59301,-0.35416
0.68135,0.72805,0.06356,0.04082
0.62744,0.70974,0.29574,-0.12296
0.55445,0.46356,0.59421,-0.35301
0.6799,0.72918,0.06531,0.04205
0.62775,0.70919,0.29682,-0.12201
0.5558,0.46256,0.59471,-0.35135
0.68088,0.72802,0.06669,0.04414
0.62795,0.70869,0.29827,-0.12029
0.55634,0.46156,0.59529,-0.35082
0.68069,0.72814,0.06686,0.04475
0.62782,0.70854,0.29956,-0.11865
0.55666,0.4604,0.59786,-0.34745
0.67859,0.72968,0.06954,0.04744
0.62781,0.70809,0.30107,-0.11751
0.55738,0.45902,0.59884,-0.34644
0.6783,0.7295,0.0726,0.04964
0.62764,0.70776,0.30264,-0.11643
0.56029,0.45526,0.60006,-0.34459
0.67872,0.72897,0.07323,0.05073
0.62802,0.7073,0.30317,-0.11581
0.56008,0.45551,0.60076,-0.34337
0.68102,0.7266,0.07405,0.05272
0.62816,0.70631,0.30608,-0.11339
0.56042,0.45479,0.60216,-0.34132
0.67908,0.72822,0.07522,0.05369
0.62862,0.70516,0.30836,-0.11177
0.56118,0.45368,0.60286,-0.3403
0.67733,0.72944,0.07742,0.05606
0.62873,0.70467,0.30993,-0.10989
0.56259,0.45163,0.60419,-0.33835
0.67852,0.7281,0.07828,0.05783
0.62893,0.70369,0.31223,-0.10859
0.56411,0.44898,0.60547,-0.33705
0.67782,0.72846,0.07976,0.05958
0.62867,0.7036,0.31344,-0.10712
0.56389,0.44875,0.60737,-0.33429
0.67691,0.72901,0.08131,0.061
0.62869,0.7029,0.31575,-0.10478
0.56467,0.44878,0.60745,-0.3328
0.67556,0.72997,0.08236,0.0631
0.62811,0.70305,0.31678,-0.10409
0.56503,0.44947,0.60673,-0.33256
0.67637,0.72913,0.0825,0.06395
0.62766,0.70336,0.31766,-0.10207
0.56577,0.44765,0.60878,-0.33001
0.67467,0.73034,0.08418,0.06579
0.62805,0.70258,0.31887,-0.10128
0.5664,0.44607,0.61048,-0.32792
0.67547,0.72936,0.08545,0.06686
0.62809,0.70207,0.32014,-0.10057
0.56711,0.44555,0.61005,-0.32818
0.67541,0.72913,0.08677,0.06834
0.62853,0.70134,0.32107,-0.09993
0.56833,0.44418,0.61003,-0.32798
0.67535,0.72895,0.08765,0.06959
0.62894,0.70053,0.32261,-0.09802
0.56897,0.44266,0.61169,-0.32582
0.67526,0.72874,0.08883,0.07123
0.62942,0.69954,0.32423,-0.09672
0.56928,0.44251,0.61219,-0.32454
0.67497,0.72884,0.08952,0.0721
0.62928,0.69944,0.32498,-0.09583
0.5705,0.44081,0.61289,-0.32338
0.67468,0.72879,0.09091,0.07353
0.62934,0.69889,0.32646,-0.0944
0.57091,0.43972,0.61392,-0.32219
0.6741,0.72909,0.09192,0.07462
0.62882,0.69861,0.32815,-0.09406
0.57119,0.43851,0.61537,-0.32057
0.67383,0.72911,0.09297,0.07555
0.62863,0.69861,0.32865,-0.0936
0.57158,0.43819,0.61547,-0.32011
0.67358,0.72922,0.09351,0.07606
0.62834,0.69854,0.32955,-0.09281
0.57167,0.43781,0.61569,-0.32005
0.67304,0.72961,0.09409,0.07638
0.62823,0.6981,0.3307,-0.09285
0.57162,0.43719,0.61642,-0.3196
0.67345,0.72914,0.09451,0.07668
0.62812,0.69792,0.33138,-0.09251
0.57183,0.43626,0.61733,-0.31874
0.67321,0.72925,0.09511,0.07702
0.62786,0.6979,0.33198,-0.09222
0.57205,0.43564,0.61771,-0.31845
0.67285,0.72943,0.09608,0.07727
0.62742,0.69782,0.33286,-0.09274
0.57283,0.43424,0.61759,-0.3192
0.67309,0.72918,0.09633,0.07728
0.62754,0.6975,0.33335,-0.09256
0.57292,0.4341,0.61795,-0.31851
0.67281,0.7294,0.09668,0.07718
0.62746,0.69745,0.33358,-0.09263
0.57309,0.43327,0.61796,-0.31934
0.67283,0.72941,0.09674,0.07679
0.62714,0.69726,0.33438,-0.09333
0.57312,0.43372,0.61778,-0.319
0.67237,0.7298,0.09716,0.07667
0.62678,0.69771,0.33382,-0.09438
0.57305,0.43444,0.61653,-0.32056
0.67345,0.72888,0.09678,0.07638
0.62725,0.69729,0.33383,-0.0943
0.57333,0.43489,0.61549,-0.32146
0.67359,0.7288,0.09659,0.07618
0.6275,0.69682,0.3344,-0.09413
0.5732,0.4347,0.61573,-0.32149
0.67312,0.72922,0.09661,0.07619
0.62804,0.6967,0.33305,-0.09621
0.57297,0.43512,0.61564,-0.32151
0.67528,0.72723,0.09681,0.07598
0.62894,0.69602,0.33273,-0.09638
0.57314,0.43577,0.6141,-0.32327
0.6784,0.72451,0.09572,0.07545
0.63108,0.69411,0.33251,-0.09688
0.57377,0.43584,0.61292,-0.32428
0.67899,0.72402,0.0953,0.07533
0.63243,0.69307,0.33191,-0.09765
0.57336,0.4361,0.61394,-0.32273
0.67972,0.72353,0.09441,0.07463
0.63381,0.69207,0.33139,-0.09748
0.57323,0.43671,0.61325,-0.32345
0.68056,0.72294,0.09343,0.07391
0.63417,0.69161,0.33148,-0.09814
0.57293,0.43847,0.6109,-0.32603
0.68075,0.7229,0.09284,0.07331
0.63343,0.69291,0.32964,-0.09986
0.5721,0.43973,0.61031,-0.3269
0.6803,0.72347,0.09213,0.07274
0.63337,0.69349,0.32841,-0.10032
0.57187,0.4412,0.60842,-0.32884
0.68079,0.72321,0.09108,0.07204
0.63373,0.69312,0.32837,-0.10072
0.57119,0.44281,0.60716,-0.33018
0.68158,0.72266,0.09019,0.07131
0.63393,0.69359,0.32674,-0.10148
0.57163,0.44292,0.60629,-0.33088
0.68211,0.72232,0.0893,0.07077
0.63411,0.69335,0.32688,-0.10159
0.57071,0.44494,0.60434,-0.3333
0.68213,0.72243,0.08873,0.07012
0.63401,0.6936,0.32631,-0.10233
0.5701,0.44604,0.60369,-0.33406
0.68189,0.72277,0.08811,0.06972
0.6337,0.69417,0.32537,-0.10338
0.57004,0.4455,0.6051,-0.33232
0.682,0.72285,0.08728,0.06895
0.6335,0.69497,0.32389,-0.10389
0.56976,0.4466,0.60388,-0.33353
0.68201,0.72297,0.08646,0.06855
0.63362,0.69473,0.324,-0.10443
0.56932,0.44829,0.60179,-0.3358
0.68243,0.72275,0.08541,0.06806
0.63386,0.69491,0.32308,-0.10459
0.56916,0.44892,0.60096,-0.33671
0.6833,0.72217,0.0838,0.06745
0.63329,0.69589,0.32227,-0.10405
0.56701,0.4507,0.60256,-0.3351
0.68287,0.72262,0.08401,0.06679
0.63313,0.69591,0.3225,-0.10414
0.5673,0.45137,0.6012,-0.33615
0.6783,0.72696,0.08383,0.06642
0.63102,0.6987,0.31967,-0.10698
0.56664,0.45239,0.60043,-0.33726
0.6802,0.72536,0.08276,0.06578
0.63111,0.69861,0.31986,-0.10647
0.56661,0.45293,0.6003,-0.33683
0.68162,0.72436,0.08086,0.06453
0.6316,0.69841,0.31913,-0.10702
0.56494,0.45581,0.59835,-0.3392
0.6809,0.72501,0.08097,0.06465
0.63119,0.69944,0.3175,-0.10762
0.56477,0.45615,0.59822,-0.33926
0.6806,0.72557,0.07944,0.06335
0.63073,0.70019,0.31649,-0.10843
0.56466,0.45634,0.59844,-0.3388
0.68081,0.72568,0.07757,0.06222
0.63016,0.70097,0.31551,-0.10947
0.56326,0.45851,0.59654,-0.34155
0.68052,0.72622,0.0763,0.0607
0.63028,0.70141,0.31408,-0.11012
0.56247,0.46038,0.59489,-0.34319
0.68035,0.72649,0.07554,0.06028
