0.027590642,0.858815742,1.532005025,-0.584992372,-1.817432159,0.961585699,2.107460341
0.027521695,0.80802824,1.531984887,-0.635088136,-1.815165254,0.961820671,2.117567256
0.030727392,0.742485799,1.531291201,-0.699023229,-1.794957659,0.961984247,2.124202992
0.031662783,0.68760957,1.530258811,-0.751659443,-1.765771439,0.963413609,2.138374691
0.031098132,0.673355491,1.529758867,-0.76611473,-1.782680195,0.962795166,2.128585911
0.030237771,0.663125904,1.529441814,-0.776821292,-1.775296329,0.96068391,2.118501897
0.030612708,0.66139651,1.528495845,-0.777781548,-1.752439388,0.961932159,2.124523663
0.030067725,0.641919675,1.526320535,-0.797172737,-1.790402309,0.963190415,2.126789311
0.030208134,0.641177177,1.525776177,-0.797986759,-1.783153811,0.961639237,2.119259127
0.031277583,0.597777484,1.524579756,-0.839251812,-1.766322887,0.961386865,2.131748348
0.03820946,0.523878378,1.523653145,-0.908395805,-1.719463312,0.962252783,2.15476035
0.039367258,0.437565538,1.519244872,-0.991678652,-1.681212638,0.963566261,2.191399144
0.035488522,0.432108938,1.519930076,-0.997665274,-1.68908686,0.964018893,2.175615324
0.036092033,0.465948346,1.517111836,-0.964576756,-1.709368983,0.965823375,2.12615339
0.035477625,0.487406012,1.512312476,-0.941689515,-1.759664447,0.966267112,2.098349087
0.034073613,0.525837506,1.514087039,-0.903119178,-1.739392255,0.964149506,2.099857302
0.039194942,0.556925958,1.516631814,-0.875049955,-1.736352845,0.965288912,2.123679296
0.039424437,0.465841032,1.509966715,-0.961706861,-1.744567441,0.968778684,2.135286455
0.038879989,0.433894308,1.506413829,-0.990059489,-1.73319424,0.967918866,2.126011617
0.040151061,0.443430967,1.508121958,-0.982590687,-1.692499149,0.968383381,2.112696092
0.038257621,0.445706048,1.508136821,-0.981067122,-1.688386472,0.968470127,2.125117947
0.040071504,0.41519468,1.504247802,-1.010159833,-1.694722371,0.972834421,2.160425075
0.039112892,0.392742379,1.500685517,-1.031490722,-1.694125596,0.974481133,2.176371432
0.042789416,0.419048135,1.504568767,-1.005515435,-1.680747434,0.971682944,2.15278587
0.043364848,0.382749293,1.499503351,-1.04053017,-1.680382271,0.971579787,2.152174384
0.040813594,0.350618359,1.49923384,-1.069510533,-1.671321865,0.970940698,2.158602697
0.047450615,0.345273113,1.496728334,-1.077241535,-1.641896191,0.973062912,2.190270217
0.048698031,0.293878453,1.489655773,-1.123098005,-1.624186955,0.970640881,2.184720159
0.043926201,0.296364554,1.488601412,-1.121750153,-1.6375484,0.972227239,2.196396564
0.041373142,0.303025345,1.489040325,-1.117061275,-1.634686092,0.974079776,2.203937578
0.042136093,0.32857785,1.489124573,-1.09031713,-1.626918069,0.971730431,2.171327529
0.048075256,0.3249057,1.485791916,-1.096721273,-1.640703146,0.974478486,2.176926655
0.045862267,0.319086177,1.480476286,-1.099004315,-1.659270775,0.975103838,2.182084374
0.042998765,0.324721572,1.479559932,-1.09341073,-1.640217836,0.975536192,2.204939941
0.045730926,0.323122385,1.483934748,-1.093544384,-1.624218399,0.97447967,2.198597375
0.049789163,0.289865202,1.478610494,-1.12801559,-1.629602686,0.978130929,2.232972474
0.046707852,0.271289397,1.477205636,-1.137650047,-1.605407034,0.971322489,2.200503827
0.051267314,0.26336617,1.477492667,-1.150325079,-1.575805855,0.972173542,2.206742928
0.051115802,0.237267566,1.47428035,-1.178387059,-1.585513105,0.977415595,2.259858248
0.049628673,0.231111101,1.472838962,-1.181888329,-1.569664234,0.976332945,2.233044693
0.051910619,0.236014455,1.46986279,-1.17613039,-1.577080923,0.975618365,2.226834552
0.046410173,0.276962873,1.475271638,-1.135211246,-1.608189056,0.973116279,2.178411774
0.051604559,0.270551395,1.471414666,-1.146666329,-1.595357327,0.97692371,2.213688753
0.047535551,0.301848341,1.478528866,-1.108197556,-1.594297487,0.973750949,2.187066829
0.04958873,0.274078932,1.466897484,-1.146386211,-1.601887587,0.980878212,2.234874873
0.048495355,0.284013452,1.470674321,-1.126449346,-1.610625391,0.975347957,2.189404996
0.049493951,0.270249658,1.46344941,-1.145287342,-1.596572732,0.978463555,2.224968431
0.058022785,0.305695136,1.473550384,-1.111667773,-1.578953384,0.975591656,2.201324908
0.056781952,0.235884842,1.454980639,-1.167360474,-1.563214827,0.978360033,2.22327252
0.052987713,0.2419661,1.455011847,-1.162294599,-1.539789955,0.978383051,2.229966523
0.056958125,0.225179727,1.450931834,-1.180161458,-1.521854146,0.980493181,2.24860979
0.056504355,0.221731548,1.447054224,-1.1819668,-1.516354165,0.981435538,2.261964473
0.051396349,0.216673915,1.450723646,-1.184127962,-1.49887228,0.979829779,2.263005078
0.057424679,0.220563703,1.439610487,-1.188250014,-1.463820564,0.982664009,2.321837667
0.06400245,0.185944369,1.438440716,-1.215235086,-1.443295406,0.980783952,2.306261694
0.077781487,0.131655965,1.425627901,-1.266427955,-1.418726862,0.985858144,2.365540969
0.079805869,0.091394543,1.395076723,-1.280378563,-1.369641748,0.982100018,2.363858116
0.070710783,0.098913527,1.407246793,-1.277097419,-1.278801096,0.97459875,2.357238812
0.067183854,0.096837396,1.398198953,-1.282872109,-1.234759517,0.977086957,2.439099383
0.068980546,0.071487403,1.390579707,-1.298458769,-1.173009623,0.973758839,2.50765963
0.071335239,0.058903157,1.381853041,-1.317355506,-1.14893365,0.978095968,2.702577777
0.075216521,0.057208039,1.370685308,-1.325354759,-1.12226573,0.978932631,2.795138431
0.079154425,0.032736261,1.359886256,-1.336517919,-1.094437747,0.974341198,2.811150436
0.076161874,0.027221232,1.351001278,-1.343138714,-1.068683646,0.974445777,2.981852483
0.072408373,0.016935163,1.345386389,-1.353126058,-1.027600275,0.975960157,-3.09723075
0.072726152,0.004745116,1.339992637,-1.359483362,-0.987983527,0.96960876,-2.947186379
0.076757637,0.001346295,1.330760855,-1.361889658,-0.961615588,0.967678651,-2.897318496
0.077914949,-0.001072324,1.329886154,-1.364053493,-0.95366054,0.967154872,-2.85408786
0.082614569,-0.007548742,1.322052316,-1.366992825,-0.948771363,0.969066991,-2.752518022
0.080410244,-0.005443414,1.321780514,-1.364727091,-0.93241717,0.967633546,-2.683103125
0.079023088,-0.008526562,1.317939511,-1.366549534,-0.921140956,0.9670846,-2.654563752
0.084104206,-0.006310074,1.317469652,-1.363657522,-0.927409825,0.969035488,-2.696698029
0.082306378,0.00024993,1.320071336,-1.353669861,-0.923984414,0.967736131,-2.716855189
0.083050253,0.002743117,1.319112238,-1.352666192,-0.933995991,0.969272552,-2.717604886
0.084998214,0.003828617,1.322591521,-1.350828167,-0.940397641,0.969608114,-2.731326508
0.082420254,0.010038304,1.323957217,-1.347736121,-0.941639283,0.970526855,-2.744634479
0.080640545,0.007968127,1.322501544,-1.349513302,-0.939650085,0.971085924,-2.73875407
0.083829961,0.001699267,1.318418397,-1.352287444,-0.936093521,0.970739693,-2.732771514
0.085564305,-0.000279379,1.319303794,-1.354537321,-0.929088917,0.969867158,-2.685889426
0.083946211,-0.001737603,1.317741881,-1.355574358,-0.916569577,0.969535429,-2.632183872
0.084117909,-0.003992559,1.316515022,-1.357782102,-0.914531034,0.969015165,-2.619310735
0.086066744,-0.004523794,1.316193953,-1.36055986,-0.932953898,0.970233212,-2.68552362
0.087389448,-0.003009927,1.315285427,-1.359757498,-0.950112178,0.972000455,-2.742374892
0.088145065,-0.0071684,1.316358951,-1.363101367,-0.942789103,0.970606982,-2.720980547
0.087100683,-0.00553446,1.31777109,-1.361201675,-0.935146625,0.96993135,-2.710121988
0.085940743,-0.006157508,1.317361455,-1.360617731,-0.932513342,0.969736253,-2.706546203
0.085437667,-0.005070054,1.317423055,-1.358919707,-0.926243881,0.970415128,-2.681891679
0.08366342,-0.007168643,1.317345517,-1.35998542,-0.917796927,0.969100933,-2.657423223
0.083243449,-0.007118312,1.319481926,-1.360895161,-0.915393175,0.967677641,-2.65684139
0.087279055,-0.00106337,1.322252516,-1.356669264,-0.92008274,0.968596348,-2.667496006
0.082353917,0.001989076,1.31778765,-1.351975542,-0.921860357,0.970516857,-2.690320927
0.085526289,0.00490974,1.321335599,-1.349602246,-0.941062232,0.970358637,-2.731922968
0.089833213,0.003991027,1.322903177,-1.349182666,-0.929042287,0.970228893,-2.722480248
0.090279305,0.006722322,1.317743324,-1.342415637,-0.929118167,0.973427712,-2.679285814
0.076695094,0.019948285,1.324703671,-1.334993047,-0.92875866,0.973175463,-2.693279011
0.075124707,0.042769011,1.337133134,-1.322636661,-0.946327002,0.973487652,-2.876779356
0.077799427,0.050307084,1.337881046,-1.311806965,-0.984796578,0.976213901,-3.080293821
0.082122835,0.062929503,1.342727702,-1.299731363,-0.985091221,0.977310462,-3.106083461
0.081094785,0.075073984,1.347356583,-1.293793591,-1.004210949,0.98192899,3.097016283
0.072157747,0.090418343,1.353096496,-1.272755324,-1.017896334,0.978495529,2.890934101
0.077948353,0.116490569,1.359817627,-1.254646656,-1.040023079,0.982115598,2.797569889
0.073983428,0.12369309,1.360455959,-1.245469254,-1.065742852,0.985661624,2.719111627
0.0660039,0.148621686,1.366285661,-1.226621245,-1.106763824,0.988998288,2.615907007
0.063610346,0.186873934,1.380588766,-1.196646541,-1.128627844,0.987425233,2.499292944
0.072222505,0.19603061,1.37892769,-1.181956678,-1.136964618,0.987256498,2.404992946
0.076338196,0.214859671,1.390025123,-1.161084081,-1.165156853,0.988304796,2.313095233
0.062360813,0.262590986,1.398833586,-1.120797238,-1.186241543,0.988140777,2.217463898
0.059384521,0.277837974,1.40239087,-1.107380047,-1.276589078,0.992823652,2.243072917
0.063530014,0.286159521,1.402970849,-1.101139948,-1.285934019,0.992054953,2.146232613
0.062830454,0.303392031,1.411285355,-1.088727038,-1.284061381,0.990014587,2.131610299
0.056927518,0.311501489,1.414257155,-1.084531175,-1.333811046,0.993079805,2.154275674
0.054462275,0.342840673,1.42119576,-1.057508987,-1.368626162,0.992473297,2.140323292
0.050823126,0.389543919,1.425713754,-1.021877848,-1.426020604,0.994813722,2.107870133
0.032507924,0.437843167,1.440526101,-0.966278124,-1.545798651,0.988184732,2.009729737
0.028859207,0.543331134,1.452049434,-0.89012585,-1.643151236,0.988838469,1.998924247
0.043339232,0.544805928,1.460759102,-0.884536492,-1.630902937,0.989683743,2.047697487
0.057019842,0.415580029,1.447968518,-0.993297795,-1.51676186,0.989302073,2.085491777
0.051447958,0.407105096,1.449808215,-0.99839878,-1.469570915,0.984270898,2.037792771
0.043334498,0.456002884,1.458293192,-0.953383538,-1.521035315,0.982760836,2.037778571
0.049126882,0.479761985,1.460065552,-0.933559246,-1.583518209,0.986067655,2.046753452
0.04991913,0.458480245,1.45529709,-0.953291595,-1.56322448,0.988071836,2.098296435
0.047381388,0.459592853,1.455848901,-0.950581175,-1.542892493,0.985863891,2.066017734
0.043930654,0.468877932,1.457794555,-0.946066722,-1.559913337,0.98681849,2.06961093
0.044247086,0.47094215,1.457674388,-0.94388518,-1.562050494,0.984730938,2.045895557
0.044880155,0.483369244,1.458007781,-0.930525361,-1.59216491,0.987143254,2.051621927
0.044469344,0.510268147,1.461728108,-0.903672846,-1.565515496,0.983120271,2.003643311
0.043989818,0.516693676,1.462804962,-0.896535029,-1.59078391,0.984923673,2.011024554
0.044895352,0.512495393,1.461646492,-0.90137412,-1.609438387,0.986559371,2.034508978
0.044241566,0.508245568,1.461171179,-0.906140645,-1.573633596,0.98547067,2.043821889
0.0434825,0.50660002,1.461024409,-0.907447881,-1.572293139,0.986217884,2.045342271
0.045588712,0.494939433,1.461052027,-0.918355065,-1.574480733,0.984781126,2.033310944
0.046407706,0.487480948,1.459230585,-0.925112135,-1.563044368,0.985434625,2.042203322
0.046373816,0.49140502,1.459556545,-0.920123131,-1.567297205,0.985380752,2.037323078
0.04498949,0.496154389,1.460084134,-0.916661859,-1.568761275,0.984442231,2.026298855
0.044812826,0.488694884,1.457685774,-0.924065736,-1.567390218,0.985877139,2.034836063
0.045092882,0.482602868,1.456990394,-0.929342294,-1.56251026,0.986444236,2.042329546
0.04581643,0.478000878,1.456846048,-0.93452949,-1.559281114,0.985696486,2.032256338
0.046494319,0.466447964,1.455680767,-0.946106137,-1.549696589,0.986027992,2.040883824
0.045113541,0.465779676,1.456087437,-0.945320363,-1.550656269,0.985462185,2.038882518
0.046197274,0.483797625,1.457444219,-0.92922439,-1.567689549,0.985659239,2.040406506
0.046545934,0.473785599,1.455893633,-0.938618176,-1.559999886,0.9865784,2.041419687
0.045248673,0.481126002,1.456346122,-0.930287021,-1.563941705,0.986611162,2.043681027
0.046053355,0.481999064,1.4569724,-0.930276253,-1.566523613,0.986203226,2.034003603
0.046120142,0.482504305,1.4563786,-0.929295774,-1.565269305,0.986459496,2.032296857
0.04673327,0.488364779,1.457910743,-0.923279074,-1.563319595,0.986227263,2.035959923
0.045501104,0.487913339,1.457206574,-0.923896614,-1.562715817,0.985879882,2.033606359
0.045832252,0.490198203,1.457641119,-0.92310105,-1.570315801,0.986959129,2.039353131
0.045425366,0.483508254,1.45580399,-0.929665442,-1.578684333,0.987178189,2.041069086
0.045468119,0.492364586,1.457655423,-0.921151128,-1.582055031,0.986233674,2.032906948
0.045784824,0.494400737,1.457970729,-0.92102521,-1.580271115,0.986967658,2.037990667
0.045140813,0.494237493,1.457662686,-0.919299603,-1.580609914,0.986217024,2.031683729
0.046135107,0.503551955,1.459124083,-0.911530447,-1.584782258,0.985429268,2.017234305
0.045451446,0.511770925,1.459556228,-0.904063229,-1.601334229,0.987892395,2.042126269
0.044407461,0.489595679,1.45578843,-0.925265287,-1.587442131,0.986690738,2.034975312
0.048219998,0.483499542,1.457263889,-0.928791565,-1.582781829,0.985686553,2.025788698
0.048244273,0.472931946,1.455707063,-0.939312181,-1.57336304,0.988499764,2.061537124
0.046637228,0.468971379,1.455579632,-0.940998526,-1.557911399,0.986440158,2.037594117
0.04790802,0.460361067,1.454236471,-0.950299975,-1.55354852,0.985838828,2.025713989
0.049223474,0.44987915,1.451493657,-0.961698818,-1.560130532,0.988215604,2.048435934
0.053374642,0.479060394,1.455593404,-0.932883311,-1.5483913,0.986444491,2.030966315
0.051337928,0.399186951,1.43778372,-1.005050076,-1.534081894,0.990851262,2.053000848
0.052259706,0.437513659,1.445770961,-0.9690927,-1.517098812,0.989182889,2.040977263
0.054247052,0.43833891,1.44443449,-0.970295761,-1.511172523,0.989268296,2.047409125
0.054011897,0.397418241,1.436478115,-1.002481026,-1.50127289,0.988109435,2.021113393
0.05469679,0.388200082,1.43496449,-1.013827909,-1.467187286,0.991013622,2.073469263
0.055014627,0.382432321,1.434489611,-1.019037314,-1.4462378,0.990714859,2.081020236
0.059188805,0.342546958,1.424639402,-1.055093139,-1.42074132,0.990080649,2.082855382
0.061430413,0.327746918,1.420672904,-1.066936339,-1.410501899,0.990144289,2.087728269
0.060886949,0.315546519,1.417560866,-1.077794289,-1.37301951,0.991287924,2.12586964
0.055363107,0.300914439,1.411470526,-1.092701908,-1.336257474,0.991899041,2.158612514
0.05763083,0.286586869,1.407112183,-1.105224607,-1.296919823,0.989820412,2.140321778
0.061625885,0.280064851,1.404676331,-1.109968765,-1.281366913,0.989970536,2.147503925
0.071236799,0.246273598,1.398808651,-1.140583739,-1.245656542,0.991586143,2.211851524
0.072422811,0.21572643,1.382547808,-1.160696708,-1.21017332,0.991118472,2.258444831
0.07249685,0.222336447,1.391649494,-1.149765436,-1.171727948,0.985782147,2.18957735
0.075542776,0.19815144,1.374909139,-1.177318608,-1.142150846,0.991406798,2.345788918
0.069530326,0.201773482,1.378948457,-1.167728601,-1.124181696,0.986650511,2.269981448
0.067084974,0.181407398,1.364044468,-1.189443503,-1.081426634,0.98918135,2.442188297
0.073160119,0.180280989,1.363095782,-1.189842175,-1.038483319,0.987105124,2.495610951
0.074376937,0.169801739,1.361334237,-1.194606996,-1.011736384,0.985174466,2.555086441
0.076325505,0.157277308,1.350150415,-1.20677688,-0.99195486,0.986712834,2.726914115
0.073644059,0.156483862,1.351226061,-1.209061895,-0.981609865,0.985992403,2.762238771
0.068483323,0.143368097,1.342150207,-1.221779957,-0.973220866,0.987397057,2.903696785
0.069002529,0.13579004,1.338461904,-1.229376809,-0.955150778,0.985604111,3.052501407
0.071303682,0.134953509,1.334393432,-1.230148516,-0.946990268,0.984973873,3.122770673
0.07806732,0.124001166,1.328871148,-1.240368733,-0.944914383,0.986824832,-3.032214659
0.077835061,0.114575316,1.325089228,-1.247434315,-0.9143385,0.985316067,-2.807263948
0.07418265,0.114360913,1.327511224,-1.244442958,-0.88583129,0.980469424,-2.700371918
0.075023297,0.106262571,1.318178107,-1.248650531,-0.884759879,0.981701252,-2.716993137
0.078889328,0.102445442,1.318888325,-1.254455933,-0.893841603,0.984435481,-2.705445736
0.076113343,0.108175804,1.320414413,-1.248254001,-0.893796089,0.983140294,-2.670419208
0.076841332,0.10763434,1.324626819,-1.248239153,-0.867822954,0.978622323,-2.53942688
0.077133923,0.10673564,1.321468195,-1.250627026,-0.887858444,0.982735531,-2.629181698
0.077967797,0.111120263,1.324271393,-1.248004353,-0.907187896,0.98427746,-2.757392009
0.077648801,0.120204598,1.323619638,-1.240449862,-0.90036799,0.982060886,-2.798060424
0.078016248,0.102827465,1.31089874,-1.256483954,-0.899205039,0.985556739,-2.705948095
0.077405467,0.121187504,1.325645279,-1.24307617,-0.908763926,0.986366458,-2.782421791
0.077718721,0.115061832,1.320194692,-1.241623598,-0.904962529,0.983318238,-2.893008549
0.078486971,0.12194225,1.324004342,-1.235311506,-0.897576659,0.981739953,-2.931112749
0.079382545,0.120116069,1.319338854,-1.240729401,-0.916395776,0.989095874,-2.855038724
0.079756024,0.121071645,1.327686335,-1.234421707,-0.899858951,0.983083676,-2.790076704
0.081681196,0.119969267,1.323066574,-1.238754832,-0.90136319,0.984736463,-2.817957046
0.077351259,0.11735463,1.323629552,-1.240236365,-0.9095102,0.98522031,-2.900366376
0.078379701,0.117274383,1.323911894,-1.242081855,-0.933816865,0.989484099,-2.878416073
0.080581046,0.110319919,1.325454306,-1.245459482,-0.906053581,0.982760533,-2.829941346
0.079969493,0.101171552,1.318193099,-1.25645363,-0.887389645,0.983583548,-2.680907948
0.07924249,0.100847726,1.318619023,-1.25798339,-0.886566745,0.983583224,-2.607394153
0.079313076,0.106980058,1.323292924,-1.251950166,-0.898771941,0.983639352,-2.755666827
0.08101977,0.110839243,1.324099335,-1.249541891,-0.908916094,0.983919202,-2.887531784
0.080604207,0.11208279,1.324657649,-1.246498269,-0.919330578,0.984558876,-2.958556272
0.078789287,0.116819298,1.326258941,-1.243624004,-0.922936085,0.986696111,-2.916860545
0.078931215,0.122614501,1.329410105,-1.236975497,-0.920706748,0.985096475,-2.967000205
0.078936838,0.127689873,1.331124229,-1.23185699,-0.932110741,0.984665923,3.137986862
0.077033252,0.130411881,1.332128503,-1.230098324,-0.939402182,0.98581997,3.132743732
0.075973403,0.135472077,1.334575993,-1.226496338,-0.938958803,0.986012452,3.140411173
0.076209403,0.137160221,1.335482348,-1.225722744,-0.942053421,0.985342161,3.058141841
0.076062055,0.1405452,1.337656552,-1.223574987,-0.960530454,0.986161276,2.963168221
0.075229661,0.14444681,1.34090506,-1.22081763,-0.964829023,0.985880525,2.925494574
0.072337715,0.156537536,1.345823236,-1.211539362,-0.969551111,0.986661873,2.895184127
0.069991655,0.169607123,1.349337857,-1.199472444,-1.004862056,0.988013604,2.733911348
0.069512808,0.174376371,1.351445355,-1.194797231,-1.024456755,0.988018749,2.621753225
0.071441929,0.182658064,1.358728902,-1.192188858,-1.04872983,0.98938285,2.582775825
0.068551058,0.186328321,1.360506522,-1.187224739,-1.068518283,0.988910692,2.496633528
0.070035839,0.197257228,1.364173301,-1.17876385,-1.070462233,0.989691714,2.465230407
0.06721175,0.214788385,1.376829959,-1.16010512,-1.101100698,0.98800697,2.292878135
0.065110229,0.229472639,1.378913348,-1.148959111,-1.143415198,0.991585305,2.282442032
0.072856621,0.235013329,1.381950602,-1.140630815,-1.150654901,0.990916733,2.24082104
0.069851076,0.24279512,1.387494121,-1.130776399,-1.172414489,0.990181343,2.195712133
0.060772759,0.268755079,1.390641917,-1.113309742,-1.213101741,0.993549513,2.227218169
0.062641111,0.277314134,1.398490689,-1.104982206,-1.237210291,0.992501279,2.180940734
0.065202851,0.286180805,1.400033941,-1.098691179,-1.253438145,0.991369498,2.15196348
0.062635209,0.304631983,1.405276492,-1.08762549,-1.287592262,0.993663914,2.179521047
0.060644417,0.314217364,1.409104256,-1.078248394,-1.276545543,0.995297513,2.241855945
0.043663716,0.373481304,1.414406913,-1.033684333,-1.429437813,1.001767795,2.177277171
0.034410285,0.490525587,1.442292873,-0.925491263,-1.603293514,0.994380545,2.089723004
0.026018307,0.576969726,1.454490466,-0.85239139,-1.666341211,0.989510555,1.947808178
0.046347872,0.617645859,1.463198714,-0.815751363,-1.648696035,0.982649931,1.934041323
0.049241051,0.538393027,1.457713516,-0.88716642,-1.662927606,0.989382321,2.002763209
0.047117088,0.498618665,1.458149615,-0.911635122,-1.592954077,0.98785198,1.994278558
0.046533531,0.528833386,1.468363113,-0.880250995,-1.567637356,0.981884355,1.967124912
0.048925887,0.55644497,1.465351949,-0.858535708,-1.584307727,0.984914196,1.979926535
0.044969583,0.55247174,1.466852128,-0.857130527,-1.597278316,0.982166706,2.000140222
0.046924892,0.537306351,1.460888621,-0.878647293,-1.626024274,0.993752419,2.108887816
0.048603224,0.514665711,1.459534975,-0.894893564,-1.558056398,0.985658801,1.99128511
0.044437273,0.512480959,1.457590809,-0.900695984,-1.559752992,0.983925188,1.973764772
0.043345336,0.531430778,1.459882343,-0.883206645,-1.598634042,0.984405005,1.979486487
0.045563518,0.514113618,1.456083854,-0.899287035,-1.591374181,0.987611582,2.015576144
0.045990006,0.523877723,1.457403482,-0.887287217,-1.567682066,0.987707018,2.011965931
0.046202434,0.563194964,1.462706587,-0.849523779,-1.61167324,0.985122821,1.973219376
0.044248528,0.55969375,1.461909165,-0.854510063,-1.633727442,0.985764211,1.963939801
0.045808036,0.537276106,1.460128328,-0.874325991,-1.596920855,0.986072103,1.987751692
0.049477179,0.539036683,1.46043663,-0.872546002,-1.573521958,0.987834645,2.015477321
0.049972612,0.5279048,1.459180148,-0.882296991,-1.57294519,0.987607737,2.0069234
0.046323197,0.519185534,1.458122928,-0.890486462,-1.568309764,0.98610992,1.990520164
0.045809128,0.515701641,1.456323608,-0.894088693,-1.57744333,0.987603629,2.00488968
0.045091124,0.521048017,1.456823836,-0.889110943,-1.579023419,0.987208473,1.998770409
0.046100344,0.52442736,1.457204696,-0.887246587,-1.573627754,0.986737179,1.993376147
0.045908828,0.523940606,1.457547822,-0.887761705,-1.583639403,0.987183156,1.997186583
0.045697161,0.529535555,1.4586505,-0.882029728,-1.583785316,0.986630683,1.9945168
0.04552436,0.533385116,1.459479239,-0.878731371,-1.585357503,0.986586304,1.996767734
0.045848895,0.536372775,1.460493684,-0.875587848,-1.59199888,0.986625812,1.999329523
0.045596354,0.54600559,1.461514494,-0.866651094,-1.596381775,0.986617792,1.998373974
0.045695312,0.547284254,1.46108795,-0.865046481,-1.596508873,0.986357597,1.986927731
0.045453929,0.551072657,1.461211431,-0.861308105,-1.59943452,0.986440998,1.986736808
0.045449511,0.553019873,1.461615305,-0.859504021,-1.594964086,0.986516279,1.981607763
0.045483169,0.5482374,1.461143418,-0.864001556,-1.592297213,0.986430583,1.981779401
0.045435341,0.543855373,1.460667708,-0.868089941,-1.59844063,0.986813191,1.986601177
0.044676143,0.551465542,1.461080901,-0.860611046,-1.596742642,0.986239511,1.983213117
0.044871513,0.552259105,1.46141714,-0.860275425,-1.597209474,0.986099013,1.982973172
0.044949125,0.548670706,1.461230519,-0.863843058,-1.600940705,0.986987864,1.992574333
0.045432533,0.547286967,1.461363139,-0.865354867,-1.594987814,0.98684806,1.994335864
0.046051526,0.545207202,1.4613187,-0.866875717,-1.592383496,0.986436391,1.991040789
0.045745428,0.545357836,1.461053068,-0.866421186,-1.596239295,0.986645674,1.991063473
0.045324818,0.539024713,1.460241233,-0.872951165,-1.589696354,0.986739427,1.995061516
0.045119894,0.537193879,1.459790223,-0.874201992,-1.586437939,0.986913362,1.994491535
0.045248986,0.539508663,1.459677616,-0.87238058,-1.589372803,0.98677031,1.992709087
0.045647318,0.542581037,1.460392998,-0.869373661,-1.588603247,0.986461759,1.989479865
0.04570544,0.546518579,1.460756337,-0.865558468,-1.591576863,0.986285195,1.988169058
0.044958626,0.550254121,1.461370706,-0.861551637,-1.598200891,0.986340989,1.985063635
0.044793861,0.552955176,1.461966211,-0.859695824,-1.600790225,0.986161259,1.985454879
0.044135716,0.554676653,1.462680044,-0.858535769,-1.602126255,0.986253513,1.986920728
0.044633114,0.556519484,1.462492368,-0.856794645,-1.601525702,0.986406951,1.985552095
0.042884591,0.566747986,1.463937046,-0.847193815,-1.617417809,0.985815791,1.983670551
0.04444482,0.568796124,1.464091427,-0.84546616,-1.61905916,0.986284742,1.989969846
0.04566952,0.552561151,1.46226123,-0.860396707,-1.594222146,0.986966027,1.993759871
0.046608968,0.539116424,1.461861136,-0.872756981,-1.594132011,0.986221128,1.986884661
0.046661453,0.522063875,1.458267598,-0.890734187,-1.591948424,0.987073467,2.005203984
0.043944643,0.529465718,1.459424279,-0.882026307,-1.59130703,0.986553844,1.996659774
0.047165547,0.524708005,1.458231058,-0.887825189,-1.588377135,0.988005689,2.007270406
0.046495384,0.520486883,1.457208633,-0.891581677,-1.591122614,0.987740878,2.005658966
0.045637862,0.536014658,1.459344011,-0.876529708,-1.601404379,0.98699254,1.99006015
0.046552539,0.552647862,1.460964213,-0.860601311,-1.614181777,0.987745951,1.992411455
0.045709213,0.540852535,1.458250959,-0.873374554,-1.618853559,0.988978301,1.993839104
0.046899442,0.533832174,1.457701822,-0.878845297,-1.609599201,0.98861778,2.015588578
0.047702022,0.529381501,1.457424553,-0.882660226,-1.595702376,0.987453683,2.010460838
0.049442271,0.492850381,1.453389171,-0.917943322,-1.561802318,0.987959661,2.007365663
0.050200934,0.483636328,1.452016271,-0.925673899,-1.553421747,0.989518572,2.033811495
0.050253578,0.481740149,1.452799139,-0.922115097,-1.552674179,0.986517082,1.998168112
0.048612283,0.462743788,1.446092881,-0.946809402,-1.551779244,0.988176072,2.008954185
0.048296656,0.476944617,1.4519904,-0.925934558,-1.556877969,0.984399758,1.961866138
0.057977893,0.465920053,1.446614257,-0.941502437,-1.545794683,0.990040929,2.011622076
0.056685633,0.432592903,1.44256303,-0.960779095,-1.532762334,0.986881909,1.974719932
0.054120367,0.463822405,1.445549372,-0.939913881,-1.517320477,0.988690041,1.995978823
0.053021229,0.436575361,1.441529006,-0.964239126,-1.52190411,0.989471275,2.002371838
0.052565112,0.423433084,1.438136549,-0.975291072,-1.508661947,0.989873951,2.014016199
0.057387594,0.422700713,1.438641373,-0.978691772,-1.486461635,0.990621197,2.02503437
0.05664257,0.392657414,1.431340901,-1.005980961,-1.461511364,0.991509011,2.046107995
0.057292789,0.385692725,1.430667615,-1.009066733,-1.438015292,0.988591312,2.020451512
0.059962462,0.36571474,1.427501054,-1.026169357,-1.406707319,0.988641063,2.030417778
0.059220477,0.350887269,1.423317133,-1.039563529,-1.372104785,0.989173126,2.045397556
0.06031837,0.339018572,1.420655945,-1.051288625,-1.362341229,0.990209677,2.058434139
0.056919349,0.332417578,1.418145292,-1.056233613,-1.34715584,0.98933991,2.054456704
0.060832526,0.318503837,1.413820534,-1.069352747,-1.31920552,0.989797203,2.077310804
0.063640296,0.306748708,1.410509287,-1.080162376,-1.298529709,0.990594613,2.095364683
0.060766272,0.294131982,1.404480567,-1.092784281,-1.292336626,0.992335248,2.126624978
0.064515815,0.282068537,1.401307598,-1.102085536,-1.265089452,0.990809291,2.113024567
0.065374667,0.27499394,1.397721871,-1.107485917,-1.239247698,0.990996491,2.135041902
0.074476768,0.264144175,1.395290748,-1.116848674,-1.225361843,0.991606464,2.149462782
0.078561984,0.225919532,1.383395768,-1.143287746,-1.188654596,0.98947785,2.150137226
0.070802161,0.228091618,1.385308841,-1.143656651,-1.150371523,0.988538529,2.197280298
0.067896698,0.196830792,1.370355349,-1.174645818,-1.129242014,0.991462825,2.32602327
0.076079303,0.186508042,1.37188486,-1.184145168,-1.099702094,0.988475814,2.353074193
0.077317759,0.1749228,1.367293387,-1.194212529,-1.061711315,0.987014162,2.419981708
0.072710932,0.168149032,1.357745991,-1.201261986,-1.049666643,0.988839972,2.549006389
0.072134415,0.167314454,1.352080356,-1.201469425,-1.040827867,0.990877558,2.6427245
0.070166789,0.154854073,1.35114567,-1.207851377,-0.996277299,0.984610346,2.644020027
0.072219935,0.142122734,1.34423325,-1.219957083,-0.971930261,0.986077811,2.833819998
0.076568401,0.140387632,1.341109136,-1.223865843,-0.954551824,0.986315787,3.025624355
0.075588032,0.132192157,1.339141725,-1.228624609,-0.939755581,0.983814958,3.081314559
0.075167367,0.128428164,1.336433706,-1.230788231,-0.935054165,0.9833341,3.101957542
0.075653493,0.127874788,1.333912082,-1.230248916,-0.927519171,0.983963744,-3.076585217
0.077330837,0.124072377,1.33270837,-1.230488471,-0.919128307,0.983802344,-3.009368437
0.078899359,0.124678888,1.333196054,-1.231029881,-0.918757581,0.983908543,-3.019155307
0.076952045,0.123313097,1.332248244,-1.232318347,-0.91304549,0.98342536,-2.981459374
0.075818398,0.124863615,1.333812245,-1.230820917,-0.908931704,0.982931543,-2.952076307
0.07713741,0.126119665,1.333183861,-1.231014835,-0.916339282,0.983950178,-3.000782792
0.077972115,0.126107196,1.333614941,-1.230735932,-0.925851834,0.984647941,-3.099219046
0.078533394,0.12912581,1.334939085,-1.228706071,-0.92352367,0.984297905,-3.070792484
0.0766676,0.127707931,1.332953691,-1.228739281,-0.924383872,0.984997515,-3.076191406
0.077318178,0.132134469,1.334725815,-1.226599598,-0.933886374,0.985863309,3.137600521
0.07755506,0.134574251,1.335344357,-1.225475226,-0.940847344,0.985665555,3.048006545
0.078423087,0.132100936,1.335751784,-1.226538431,-0.933380283,0.985202332,3.091316874
0.078396229,0.132895068,1.335410373,-1.226220678,-0.938152748,0.98632662,3.103548355
0.079058375,0.135036315,1.336550049,-1.223957077,-0.948730552,0.986420864,3.030402792
0.078276387,0.135140224,1.336435221,-1.222840157,-0.943840911,0.986410664,3.004822892
0.079392085,0.136504303,1.337469,-1.222618651,-0.93504653,0.985098091,3.112796587
0.076319887,0.134694927,1.337131508,-1.223848014,-0.944259482,0.987294528,3.045310404
0.074317969,0.13675827,1.335633692,-1.223539998,-0.967793692,0.989189502,3.015206476
0.084301847,0.121295193,1.332932581,-1.234515688,-0.943648058,0.986083893,-3.094623215
0.084115519,0.112560451,1.330099813,-1.24227839,-0.899684168,0.982004724,-2.824172905
0.079779345,0.11449512,1.331558566,-1.243793873,-0.913103501,0.984296449,-2.858688264
0.081704627,0.114641274,1.330803372,-1.242509052,-0.93337794,0.984461499,-3.090714399
0.080134459,0.118562146,1.331756392,-1.240458663,-0.936671412,0.985469263,3.131816114
0.079998046,0.125316747,1.333727979,-1.234056808,-0.930135876,0.985291856,-3.141293293
0.079263993,0.131676594,1.33411699,-1.22726429,-0.941534184,0.986423896,3.042679829
0.076951105,0.140032597,1.338488878,-1.218634469,-0.94163562,0.985090167,2.946871682
0.080021462,0.146886701,1.338385203,-1.212465107,-0.940468182,0.98584352,2.94625059
0.078326586,0.151808614,1.340453722,-1.206805984,-0.945181513,0.986529198,2.922517761
0.076927217,0.157034997,1.341372198,-1.205370062,-0.962626213,0.987948719,2.841998995
0.077788371,0.157950598,1.343601997,-1.20327198,-0.95564305,0.98662604,2.708806792
0.077789613,0.161507301,1.34407132,-1.201135918,-0.959771066,0.987375391,2.747969863
0.076059522,0.173873734,1.349681831,-1.189706824,-0.980874166,0.988377889,2.651602416
0.067276421,0.181536523,1.35157826,-1.183437814,-0.999500106,0.988900421,2.554836739
0.065642329,0.205476908,1.360600311,-1.164834548,-1.021299386,0.988360547,2.415931873
0.073857551,0.209080076,1.363482571,-1.162450854,-1.038157271,0.989947466,2.422885912
0.07321251,0.206531557,1.364827281,-1.161019964,-1.064192467,0.989867896,2.338483185
0.072572241,0.219588225,1.372616425,-1.152962834,-1.088570698,0.990873387,2.294024563
0.06735862,0.230241224,1.377062808,-1.141364261,-1.11305946,0.98953266,2.201017259
0.068921271,0.24635628,1.385256934,-1.127072897,-1.153847083,0.990851304,2.184518618
0.069061423,0.248834551,1.386250835,-1.124768798,-1.170516073,0.991378405,2.180704409
0.067100214,0.27185376,1.39460048,-1.106514815,-1.189041671,0.990428692,2.150780324
0.059722231,0.285748755,1.39968458,-1.096863403,-1.229377155,0.991255508,2.139844764
0.055375054,0.291678544,1.400022073,-1.092660386,-1.263198159,0.993139713,2.143693963
0.05675337,0.303037726,1.401989453,-1.088145759,-1.258301499,0.991515817,2.094043651
0.05963122,0.322907049,1.408064898,-1.071551645,-1.29059423,0.990808914,2.132025376
0.062357506,0.333057877,1.416773092,-1.056740997,-1.351052905,0.991013898,2.075046708
0.063304456,0.341796893,1.418629344,-1.047728208,-1.33024081,0.987714273,2.001861676
0.056118872,0.369691157,1.422487018,-1.025279871,-1.328243419,0.988939144,2.0352798
0.042004708,0.417681473,1.428068569,-0.986739364,-1.43549748,0.996035346,2.081435833
0.058140396,0.478689558,1.441636852,-0.93214923,-1.57320153,0.997539102,2.048131554
0.034104151,0.518901313,1.444166124,-0.898843327,-1.653776263,0.992685545,1.971777166
0.027955629,0.614885835,1.463137059,-0.811245703,-1.619493198,0.985661003,1.982870235
0.056827664,0.550561611,1.457671179,-0.874416137,-1.549839557,0.990213519,1.982257839
0.058533792,0.467234609,1.450854164,-0.934053347,-1.523983328,0.9856844,1.960180913
0.05168356,0.47479923,1.448003228,-0.93740991,-1.568860118,0.989480774,1.999296647
0.043418188,0.521698665,1.463520626,-0.884218005,-1.590137186,0.984437212,1.958515735
0.0473254,0.517893544,1.458240456,-0.89258309,-1.551537256,0.987889977,2.015550389
0.050842497,0.530167801,1.460725017,-0.877709621,-1.589599701,0.986906331,2.027800765
0.047535677,0.540493327,1.461712131,-0.872576636,-1.592363894,0.988432829,2.018511741
0.04552679,0.534561135,1.462271042,-0.876841894,-1.583249247,0.983685726,1.975814914
0.04737276,0.535814859,1.461288455,-0.875418014,-1.602700952,0.985538056,1.991739669
0.045360918,0.551629607,1.461295594,-0.860203455,-1.614609602,0.986893382,1.995438348
0.042139234,0.570956678,1.463818761,-0.841223244,-1.593951806,0.983937077,1.964283624
0.044441973,0.573543603,1.464475016,-0.840045885,-1.604825187,0.984706419,1.963833151
0.045878133,0.566563172,1.462831064,-0.845766946,-1.627111422,0.985761407,1.964101578
0.046519821,0.569769185,1.463244123,-0.842139822,-1.594131408,0.984980714,1.97468343
0.045216475,0.566733575,1.462686338,-0.845412806,-1.601977937,0.986787534,1.98584132
0.047525217,0.560693637,1.461505445,-0.850590774,-1.602949545,0.986424208,1.973347108
0.048327442,0.553431192,1.460915555,-0.85667484,-1.580487,0.985303837,1.963651007
0.047229776,0.553010047,1.459611646,-0.857356782,-1.589465645,0.986334024,1.97788536
0.046070619,0.551449461,1.459137599,-0.859221376,-1.595675837,0.986797403,1.977027374
0.045702643,0.548162956,1.459434614,-0.863332369,-1.581445883,0.98561838,1.967846718
0.046072078,0.546686062,1.459371532,-0.864024075,-1.589999495,0.986382385,1.974817801
0.046525922,0.54609825,1.45960151,-0.864332354,-1.588551447,0.986534307,1.981660663
0.046620581,0.545301661,1.459399586,-0.865268858,-1.581540046,0.985735681,1.971246988
0.046384523,0.545064079,1.45983524,-0.865066772,-1.585052095,0.985780793,1.973955258
0.04683676,0.541636931,1.45891481,-0.868910937,-1.590644449,0.987050833,1.986898571
0.046524,0.550609577,1.459980258,-0.860731917,-1.589172432,0.986404822,1.976650882
0.046929322,0.550089259,1.459973643,-0.860896314,-1.597251479,0.986770436,1.975964282
0.047035139,0.551664004,1.460086428,-0.85852218,-1.588154529,0.986126892,1.97111787
0.046296466,0.55036258,1.460115946,-0.859974427,-1.587611645,0.986242526,1.968353254
0.046356045,0.553606975,1.460690727,-0.857578151,-1.592992812,0.986207127,1.973352318
0.045647584,0.553231492,1.460370479,-0.857864436,-1.595939805,0.986362205,1.972970702
0.046317358,0.556825116,1.461153127,-0.85433842,-1.59570926,0.986630139,1.9724347
0.04650938,0.559946808,1.461522141,-0.851403541,-1.59342977,0.985408707,1.963306283
0.044773227,0.565859893,1.461907459,-0.845936804,-1.610374342,0.986181737,1.973555625
0.045568687,0.56725845,1.461849159,-0.844420838,-1.601064732,0.98595293,1.971977101
0.045632091,0.564325294,1.461908383,-0.846879261,-1.598365233,0.985758961,1.972145881
0.046168785,0.561943666,1.46218222,-0.848533325,-1.596433684,0.985495045,1.967981044
0.046322516,0.556279154,1.461460623,-0.854716524,-1.591989382,0.985846672,1.98110129
0.046241239,0.549023815,1.460731228,-0.861540344,-1.592101275,0.985859164,1.980648656
0.0466727,0.549435531,1.460293385,-0.861951208,-1.59216411,0.986201583,1.978264316
0.04736955,0.545233658,1.460006986,-0.865622101,-1.58847175,0.9861379,1.977816013
0.046972771,0.530303145,1.457308428,-0.879830972,-1.582341748,0.986906643,1.984881738
0.046532862,0.530179704,1.457563309,-0.879622915,-1.581778208,0.986287338,1.977059227
0.047420861,0.534936997,1.4573958,-0.875736499,-1.590317214,0.986891439,1.976479695
0.047153559,0.537327881,1.45677549,-0.873423372,-1.593294324,0.987548567,1.977625515
0.048435129,0.539220451,1.457137094,-0.872083297,-1.598170343,0.987386419,1.977548494
0.0475465,0.539886453,1.45690736,-0.871595212,-1.601592427,0.988257481,1.976357481
0.047706919,0.537935641,1.455914691,-0.872396092,-1.597944483,0.986535582,1.97029297
0.047720935,0.547737111,1.457013304,-0.864209538,-1.609431112,0.98884125,1.993454041
0.049774184,0.537485567,1.456786554,-0.872584484,-1.598059777,0.988233554,1.997943302
0.050174498,0.515570135,1.453283041,-0.892076882,-1.570870598,0.986721179,1.967380783
0.049890027,0.502093204,1.451652746,-0.905799386,-1.558453171,0.988360908,1.992303931
0.051319247,0.486501765,1.449771786,-0.920507004,-1.560757228,0.989124665,2.0017618
0.051190208,0.472654276,1.446987564,-0.933367525,-1.539704681,0.987401396,1.979772942
0.050863801,0.475151222,1.4474192,-0.931048107,-1.539068756,0.987666719,1.980967878
0.049977522,0.487149466,1.447885966,-0.920146383,-1.544908654,0.989090067,1.99269853
0.056564724,0.460962761,1.445114278,-0.942612453,-1.537710399,0.989133747,1.984884658
0.058170244,0.44702682,1.443214311,-0.947919385,-1.529971135,0.987868146,1.962312534
0.055315146,0.489600393,1.448150959,-0.91317647,-1.528724218,0.989726735,1.984321746
0.053269661,0.464479813,1.444135112,-0.930774589,-1.539893526,0.987797851,1.957744659
0.056669663,0.452138747,1.439473108,-0.949700902,-1.523138261,0.991105178,2.001664178
0.055992413,0.456676301,1.441775705,-0.944178751,-1.502913413,0.989657517,1.998908335
0.053545771,0.429004957,1.435876121,-0.970309315,-1.485390278,0.990254464,2.013652299
0.056404113,0.4194206,1.436307531,-0.979532976,-1.473433294,0.989656605,1.997216032
0.059354307,0.389012946,1.427741372,-1.005474622,-1.45158026,0.99031567,2.002892202
0.06091121,0.383595193,1.425850597,-1.008215392,-1.414127783,0.989903211,1.997382958
0.057194602,0.369107041,1.421215346,-1.023752511,-1.389339194,0.991032821,2.022692076
0.055567981,0.358780613,1.417650725,-1.034726985,-1.369940577,0.99142741,2.035276321
0.062670142,0.344187401,1.414079274,-1.048028706,-1.357373734,0.991761543,2.038828997
0.060869687,0.324818811,1.408812536,-1.065700317,-1.323423969,0.991972643,2.04629238
0.062374739,0.316256186,1.407233575,-1.073204761,-1.305245304,0.991810609,2.056227401
0.067910073,0.290692609,1.401387227,-1.092835673,-1.258890537,0.990960405,2.071766766
0.074674619,0.268353096,1.398257479,-1.11427176,-1.229196171,0.991111369,2.116821216
0.07544633,0.227491272,1.381122707,-1.14184622,-1.198971416,0.991328877,2.143930129
0.074666318,0.235804183,1.388710488,-1.135946669,-1.16664658,0.988227266,2.123533425
0.074094287,0.213024563,1.374353844,-1.155800866,-1.127664695,0.989622153,2.205412143
0.070858379,0.213229781,1.377846122,-1.149616256,-1.085940836,0.985424126,2.160439174
0.075361041,0.190105094,1.368932145,-1.175026071,-1.069464705,0.988997883,2.329863086
0.079707388,0.176048563,1.36010899,-1.185720029,-1.032697852,0.98681109,2.369709972
0.077443855,0.167528645,1.358371741,-1.191863273,-0.999311608,0.984279932,2.394935135
0.074845097,0.14608838,1.345908161,-1.217177356,-0.989818162,0.988718841,2.753639188
0.072767596,0.139454482,1.344656944,-1.225665389,-0.972649424,0.987346984,2.90580516
0.070573269,0.128655262,1.335872422,-1.234658368,-0.959068505,0.986663208,3.007652848
0.075744725,0.121423755,1.336675771,-1.238480642,-0.940160401,0.983866225,-3.129483932
0.07840109,0.114249017,1.333203924,-1.244569889,-0.939340844,0.984998192,-3.056843628
0.078008132,0.103409059,1.331606921,-1.253219282,-0.918515876,0.981705018,-2.925858948
0.076911747,0.100215447,1.330982314,-1.255511368,-0.91189077,0.98041339,-2.902225226
0.078005794,0.096244982,1.333106677,-1.258252327,-0.920525427,0.98092672,-2.911654628
0.080250665,0.096185586,1.333289478,-1.257459029,-0.915054597,0.979986409,-2.879811636
0.077983464,0.099080991,1.333276546,-1.257006135,-0.921197858,0.980643299,-2.924186042
0.077725391,0.104261558,1.334626233,-1.252971538,-0.933368634,0.981537253,-3.033752379
0.077906881,0.107158858,1.334451018,-1.249985557,-0.94168442,0.983521117,-3.067030326
0.078180017,0.108845765,1.333510116,-1.248775164,-0.946035507,0.984490828,-3.064972645
0.079246418,0.111287388,1.33521141,-1.246527179,-0.933257366,0.982504704,-3.082528843
0.078522342,0.110197413,1.335375988,-1.246773808,-0.934504135,0.982598132,-3.102675801
0.07908445,0.111535774,1.336605374,-1.246161538,-0.950406805,0.984604931,3.114333469
0.079411129,0.11412511,1.337543861,-1.245104135,-0.948605805,0.983983533,3.08315488
0.079982624,0.113840681,1.337763158,-1.244956095,-0.950444006,0.98372211,3.06256255
0.07952114,0.113764864,1.338922175,-1.245571279,-0.960265165,0.985314536,3.071663095
0.078901555,0.114497998,1.337449727,-1.245505068,-0.960222623,0.985312009,3.047913626
0.07771977,0.116205942,1.336529838,-1.243095058,-0.956091904,0.984630021,3.066441584
0.076804775,0.116405827,1.334273281,-1.245811049,-0.949472998,0.983820994,3.012328616
0.075890128,0.112321331,1.331810591,-1.249513173,-0.986545802,0.986969974,-3.101409379
0.079792537,0.099563891,1.330978632,-1.254485302,-0.90315295,0.979925429,-2.907953982
0.080627502,0.093675687,1.324372353,-1.262965359,-0.897550154,0.981353232,-2.698754698
0.080115292,0.091606295,1.327193872,-1.265475438,-0.915220916,0.983033087,-2.791416404
0.081484028,0.089487061,1.327515134,-1.266103272,-0.91431382,0.982448865,-2.891042645
0.085029761,0.092193371,1.327969725,-1.265332036,-0.921814796,0.982385229,-2.942242276
0.084810089,0.091757773,1.33040907,-1.263298987,-0.932221165,0.982781258,-3.032533536
0.081914102,0.099226862,1.32976664,-1.257774199,-0.950120143,0.985541909,3.140358204
0.080332467,0.114325779,1.337830624,-1.2458272,-0.950169304,0.983774023,3.043676568
0.079058969,0.115441085,1.335417869,-1.242147133,-0.961278477,0.985721476,2.986059751
0.079687379,0.122330452,1.33687632,-1.238024213,-0.957266913,0.98576984,3.033695299
0.080835204,0.121247498,1.336766113,-1.237887914,-0.949004576,0.984581212,3.044664201
0.080457148,0.121176012,1.335851398,-1.23735234,-0.94476022,0.984817724,3.050952728
0.077942913,0.122292481,1.336890956,-1.235659058,-0.939075511,0.984095971,3.060189189
0.077274747,0.123015609,1.335509602,-1.238483045,-0.944301942,0.985594238,3.077186707
0.080341327,0.1193986,1.336466743,-1.241504446,-0.948201036,0.985404096,3.030385347
0.083324326,0.118725527,1.332840966,-1.243863716,-0.945549536,0.98681608,3.079004017
0.083741649,0.108410721,1.330070803,-1.251184572,-0.944806145,0.985966294,3.12891134
