-0.37647,-0.33496,0.8739,0.06003,-0.11934,0.88273,-0.11581
-0.37731,-0.33591,0.87379,0.06054,-0.12066,0.88237,-0.11508
-0.3787,-0.33664,0.8738,0.06145,-0.1216,0.88236,-0.1146
-0.38027,-0.33799,0.8736,0.06294,-0.12331,0.88259,-0.11393
-0.38201,-0.33896,0.87366,0.06328,-0.12419,0.88287,-0.11375
-0.38288,-0.34007,0.87373,0.06399,-0.12598,0.88293,-0.1132
-0.38453,-0.34141,0.87366,0.06505,-0.12711,0.88283,-0.11272
-0.38625,-0.34281,0.87376,0.06594,-0.12908,0.88276,-0.11189
-0.38768,-0.34365,0.87353,0.06664,-0.13006,0.88264,-0.11143
-0.3896,-0.34472,0.87334,0.06797,-0.13184,0.88246,-0.11055
-0.39122,-0.34644,0.87308,0.06876,-0.13379,0.88279,-0.10989
-0.39364,-0.34836,0.87343,0.06956,-0.13503,0.88278,-0.10959
-0.39464,-0.34988,0.87321,0.07088,-0.13725,0.88211,-0.10841
-0.3967,-0.35085,0.87294,0.0713,-0.13848,0.88198,-0.10777
-0.39822,-0.35272,0.87343,0.07206,-0.14048,0.88231,-0.10724
-0.40071,-0.35398,0.87337,0.07269,-0.14197,0.88271,-0.10692
-0.40306,-0.35706,0.87362,0.07395,-0.14497,0.88276,-0.10572
-0.40501,-0.35858,0.87374,0.07433,-0.14633,0.88265,-0.10521
-0.40753,-0.36039,0.87376,0.07535,-0.14856,0.88259,-0.10456
-0.40924,-0.36286,0.87371,0.0763,-0.15125,0.88243,-0.10379
-0.4121,-0.36448,0.87339,0.07708,-0.15287,0.88224,-0.10323
-0.41542,-0.36724,0.87336,0.07802,-0.15549,0.88235,-0.10244
-0.41765,-0.37039,0.87354,0.07862,-0.15736,0.88262,-0.10203
-0.42113,-0.37378,0.87355,0.07951,-0.16052,0.88322,-0.10097
-0.42457,-0.37596,0.87365,0.08018,-0.16378,0.88304,-0.10003
-0.42819,-0.37945,0.87315,0.0805,-0.16844,0.8825,-0.09916
-0.43078,-0.38305,0.87282,0.08071,-0.17098,0.88237,-0.09876
-0.43619,-0.38695,0.87273,0.08149,-0.17446,0.88202,-0.09779
-0.43907,-0.39137,0.87236,0.08226,-0.17862,0.88219,-0.09704
-0.44355,-0.39593,0.87253,0.08281,-0.18272,0.88288,-0.09633
-0.44747,-0.39893,0.87227,0.08345,-0.18555,0.88299,-0.09604
-0.45003,-0.40271,0.87185,0.08383,-0.18936,0.88231,-0.09453
-0.45557,-0.40727,0.87176,0.08434,-0.19224,0.88162,-0.09362
-0.45856,-0.41127,0.87167,0.08563,-0.19793,0.88202,-0.09272
-0.46246,-0.41578,0.87228,0.08633,-0.20157,0.88281,-0.09116
-0.46444,-0.41819,0.87238,0.087,-0.2039,0.88258,-0.09081
-0.46864,-0.42126,0.87251,0.08842,-0.20722,0.88262,-0.08962
-0.47081,-0.42442,0.87246,0.08958,-0.21041,0.88255,-0.08832
-0.47444,-0.42799,0.87327,0.09025,-0.21344,0.88241,-0.08704
-0.47761,-0.43107,0.87312,0.09177,-0.21766,0.88273,-0.08638
-0.48028,-0.43412,0.87306,0.09236,-0.21959,0.88306,-0.08633
-0.48327,-0.43655,0.87302,0.09314,-0.2223,0.88317,-0.08547
-0.48616,-0.43918,0.87384,0.0943,-0.22565,0.88271,-0.08425
-0.48979,-0.44246,0.87331,0.09499,-0.22921,0.88304,-0.08376
-0.49393,-0.44465,0.87434,0.09643,-0.23185,0.88402,-0.0837
-0.49712,-0.44832,0.87419,0.09708,-0.23491,0.88394,-0.08276
-0.49946,-0.4513,0.87363,0.09743,-0.23838,0.88275,-0.08181
-0.50277,-0.4549,0.87409,0.09757,-0.24156,0.88262,-0.08203
-0.50684,-0.45698,0.87387,0.09821,-0.24525,0.88396,-0.08191
-0.51039,-0.46086,0.87471,0.09873,-0.24757,0.88393,-0.08211
-0.51276,-0.46434,0.87411,0.09938,-0.25083,0.88359,-0.08057
-0.51635,-0.4678,0.87417,0.10017,-0.25461,0.88263,-0.08069
-0.52054,-0.47161,0.8738,0.10075,-0.25826,0.88313,-0.07976
-0.52493,-0.47415,0.8739,0.10138,-0.26114,0.88348,-0.07905
-0.52898,-0.47863,0.87442,0.10233,-0.26459,0.88332,-0.07816
-0.5321,-0.48282,0.87416,0.10262,-0.26893,0.88363,-0.07755
-0.53654,-0.48749,0.87483,0.10305,-0.27331,0.88388,-0.0772
-0.54184,-0.4918,0.87445,0.10369,-0.27793,0.88422,-0.0761
-0.54632,-0.49718,0.8748,0.10392,-0.28058,0.88389,-0.07582
-0.54942,-0.50017,0.8746,0.10491,-0.2856,0.88421,-0.07467
-0.55452,-0.50333,0.87484,0.10557,-0.29033,0.88399,-0.07355
-0.5598,-0.51013,0.87486,0.10641,-0.29477,0.88457,-0.07258
-0.56241,-0.5136,0.8752,0.10663,-0.29809,0.88396,-0.07247
-0.56851,-0.51799,0.87532,0.10749,-0.30255,0.88385,-0.07132
-0.57005,-0.52291,0.87475,0.10798,-0.30775,0.88355,-0.07071
-0.57564,-0.52621,0.87498,0.10808,-0.31197,0.8841,-0.07009
-0.58205,-0.53168,0.87552,0.10826,-0.31529,0.88414,-0.06971
-0.58497,-0.53651,0.87551,0.10895,-0.31996,0.88407,-0.06849
-0.58995,-0.54165,0.87517,0.1095,-0.32441,0.88392,-0.06769
-0.59486,-0.54656,0.87521,0.11017,-0.32798,0.88424,-0.06719
-0.60005,-0.55201,0.87515,0.1105,-0.33225,0.88435,-0.0662
-0.60326,-0.55544,0.87538,0.11077,-0.33766,0.88418,-0.06524
-0.60851,-0.56044,0.87533,0.11171,-0.34219,0.88415,-0.06427
-0.61335,-0.5658,0.87531,0.1126,-0.34723,0.88437,-0.06292
-0.61762,-0.56908,0.87555,0.11306,-0.34995,0.88422,-0.06231
-0.62041,-0.5736,0.87596,0.11433,-0.35471,0.88413,-0.06092
-0.62536,-0.57971,0.87594,0.11517,-0.35909,0.8841,-0.05965
-0.6305,-0.58307,0.87621,0.11582,-0.36238,0.88417,-0.0592
-0.63523,-0.58823,0.87628,0.11666,-0.36655,0.88472,-0.05802
-0.63829,-0.59139,0.87597,0.1175,-0.37144,0.88438,-0.05672
-0.64291,-0.59747,0.87497,0.11854,-0.37618,0.88391,-0.05558
-0.64945,-0.6006,0.87551,0.11926,-0.37913,0.88399,-0.05476
-0.65239,-0.60547,0.8759,0.11963,-0.38368,0.88422,-0.05429
-0.6563,-0.60854,0.87622,0.12044,-0.38818,0.88452,-0.05337
-0.66008,-0.61263,0.87712,0.12133,-0.39218,0.88417,-0.05213
-0.6645,-0.61625,0.87569,0.12233,-0.3965,0.88378,-0.05115
-0.66692,-0.6207,0.87569,0.12246,-0.39991,0.88319,-0.05094
-0.67109,-0.62455,0.8751,0.12343,-0.40432,0.88402,-0.04961
-0.67395,-0.62904,0.8759,0.12349,-0.40666,0.8839,-0.04919
-0.67765,-0.63218,0.87669,0.12403,-0.41054,0.88399,-0.04884
-0.68312,-0.63578,0.87619,0.12567,-0.41475,0.88452,-0.04729
-0.68553,-0.63984,0.87614,0.12624,-0.41811,0.88419,-0.0467
-0.68769,-0.64353,0.87546,0.12708,-0.42143,0.88409,-0.04529
-0.69251,-0.64595,0.87603,0.12787,-0.42435,0.88389,-0.04501
-0.69512,-0.65106,0.87644,0.12849,-0.42747,0.88418,-0.04412
-0.69855,-0.65333,0.87589,0.12858,-0.43075,0.88455,-0.04342
-0.70142,-0.65664,0.8764,0.12963,-0.4331,0.88453,-0.04265
-0.70436,-0.65998,0.87667,0.13043,-0.43724,0.88431,-0.04207
-0.70706,-0.66204,0.87684,0.13059,-0.43926,0.88431,-0.04144
-0.71029,-0.66475,0.87625,0.13161,-0.44237,0.88432,-0.04006
-0.71222,-0.66791,0.87551,0.13212,-0.44547,0.88423,-0.03968
-0.71426,-0.67107,0.87642,0.13242,-0.44768,0.88447,-0.03948
-0.71696,-0.67383,0.87657,0.13226,-0.45024,0.88437,-0.03857
-0.71864,-0.67597,0.87632,0.13314,-0.45226,0.88394,-0.03804
-0.72139,-0.67767,0.87642,0.13373,-0.45416,0.88407,-0.03767
-0.7241,-0.68054,0.87679,0.13389,-0.45668,0.88481,-0.03735
-0.72535,-0.68222,0.87696,0.13403,-0.45916,0.88455,-0.03641
-0.72728,-0.68436,0.87635,0.1351,-0.46089,0.88416,-0.03586
-0.73007,-0.68772,0.87609,0.13536,-0.46311,0.88428,-0.0356
-0.73261,-0.68948,0.87647,0.13495,-0.46533,0.88501,-0.03514
-0.73414,-0.69185,0.87695,0.13518,-0.46748,0.88445,-0.03508
-0.73626,-0.6931,0.87657,0.13583,-0.46904,0.88434,-0.03465
-0.73801,-0.69618,0.87604,0.13594,-0.47121,0.8845,-0.03405
-0.74048,-0.69709,0.87633,0.13599,-0.47333,0.88477,-0.03387
-0.74211,-0.7002,0.87671,0.13615,-0.47516,0.88473,-0.03347
-0.74315,-0.70231,0.87659,0.13648,-0.47727,0.88474,-0.03278
-0.74529,-0.70332,0.87618,0.13682,-0.47878,0.88459,-0.03249
-0.74746,-0.70554,0.8765,0.13699,-0.48126,0.88462,-0.03226
-0.74921,-0.70772,0.87692,0.13697,-0.48239,0.88463,-0.03204
-0.75018,-0.70945,0.87663,0.13776,-0.48446,0.88469,-0.03117
-0.75231,-0.71071,0.8766,0.13811,-0.48557,0.8846,-0.03087
-0.75388,-0.71282,0.87687,0.13842,-0.4872,0.88475,-0.0302
-0.75489,-0.71448,0.87677,0.13904,-0.48899,0.88484,-0.02954
-0.75729,-0.71571,0.87667,0.13931,-0.49018,0.88491,-0.02928
-0.75821,-0.71824,0.87688,0.13961,-0.49153,0.88498,-0.02862
-0.75921,-0.71919,0.87684,0.13986,-0.49298,0.88466,-0.02799
-0.76071,-0.72046,0.87672,0.14041,-0.49448,0.88465,-0.02752
-0.76226,-0.72207,0.87685,0.14061,-0.49588,0.88492,-0.02715
-0.76299,-0.7232,0.87704,0.14074,-0.49671,0.88499,-0.02678
-0.76432,-0.72493,0.87689,0.14128,-0.49792,0.88488,-0.02622
-0.76501,-0.72623,0.87679,0.14126,-0.49909,0.88491,-0.02567
-0.76593,-0.72703,0.87677,0.14131,-0.50022,0.88473,-0.02527
-0.76679,-0.72812,0.87666,0.14122,-0.50125,0.88469,-0.02517
-0.76734,-0.72879,0.87653,0.14117,-0.50222,0.88493,-0.02529
-0.76807,-0.72968,0.87659,0.14093,-0.50261,0.88526,-0.02552
-0.76816,-0.7303,0.8767,0.14081,-0.503,0.88538,-0.02584
-0.7674,-0.73019,0.87638,0.14038,-0.50293,0.88467,-0.02612
-0.76669,-0.7296,0.87639,0.13982,-0.50264,0.88403,-0.02636
-0.7662,-0.72906,0.87637,0.13949,-0.5023,0.88385,-0.02665
-0.76614,-0.7285,0.87695,0.13939,-0.50186,0.88416,-0.02684
-0.76579,-0.72823,0.87701,0.13935,-0.50157,0.88428,-0.02691
-0.76539,-0.72801,0.87712,0.13963,-0.50125,0.88436,-0.02655
-0.76526,-0.72779,0.87694,0.13989,-0.50119,0.88429,-0.02668
-0.76521,-0.72747,0.87688,0.13992,-0.50102,0.88453,-0.02681
-0.76477,-0.7275,0.87752,0.13985,-0.50073,0.88447,-0.02661
-0.76466,-0.72719,0.87672,0.13992,-0.50043,0.88534,-0.02529
-0.7649,-0.72763,0.8764,0.14049,-0.50058,0.88474,-0.02557
-0.76441,-0.72777,0.87669,0.14012,-0.50018,0.88472,-0.0254
-0.7639,-0.72724,0.87719,0.13973,-0.50003,0.88432,-0.02536
-0.76313,-0.72682,0.87762,0.13959,-0.49949,0.88406,-0.02577
-0.76275,-0.72593,0.87761,0.14006,-0.49929,0.8843,-0.02587
-0.76261,-0.72565,0.87745,0.14049,-0.49895,0.88459,-0.02622
-0.76212,-0.72532,0.87716,0.14007,-0.49842,0.88479,-0.02633
-0.76152,-0.72484,0.87704,0.1397,-0.49791,0.88442,-0.02667
-0.76104,-0.72418,0.87724,0.13927,-0.49731,0.88397,-0.0271
-0.7605,-0.72323,0.87731,0.13891,-0.49723,0.88406,-0.02733
-0.75991,-0.72276,0.87732,0.13889,-0.49671,0.88408,-0.0279
-0.75913,-0.72212,0.87747,0.13889,-0.4959,0.88413,-0.02827
-0.75841,-0.72105,0.87744,0.13839,-0.49482,0.88428,-0.02841
-0.75688,-0.72036,0.87788,0.13831,-0.49432,0.88413,-0.0288
-0.75601,-0.71919,0.87785,0.1377,-0.49314,0.88433,-0.02923
-0.7549,-0.71777,0.87735,0.13789,-0.49259,0.88437,-0.02953
-0.75434,-0.71664,0.87728,0.13756,-0.49123,0.88404,-0.03021
-0.75313,-0.71531,0.87769,0.13675,-0.48994,0.88434,-0.03063
-0.75071,-0.71444,0.8782,0.13673,-0.48925,0.88454,-0.03076
-0.74949,-0.71267,0.87735,0.13695,-0.48779,0.88451,-0.03092
-0.74788,-0.71078,0.87699,0.13687,-0.48598,0.884,-0.03138
-0.7467,-0.70887,0.87744,0.13578,-0.48403,0.88408,-0.0319
-0.74368,-0.70755,0.87796,0.13562,-0.48298,0.88432,-0.03246
-0.74265,-0.70537,0.87726,0.13587,-0.48127,0.8846,-0.03299
-0.7404,-0.70316,0.87714,0.13505,-0.47918,0.88447,-0.03421
-0.73736,-0.70147,0.87835,0.13432,-0.47622,0.88417,-0.03465
-0.7356,-0.69797,0.87738,0.13407,-0.47449,0.88378,-0.03486
-0.7329,-0.69649,0.87702,0.13428,-0.47326,0.88426,-0.03547
-0.73107,-0.69409,0.87735,0.13349,-0.46945,0.8843,-0.03704
-0.7275,-0.69097,0.87785,0.13175,-0.4675,0.88427,-0.03684
-0.72549,-0.68795,0.87738,0.13128,-0.46586,0.88372,-0.03702
-0.72233,-0.68547,0.87756,0.13086,-0.46269,0.88397,-0.03885
-0.72053,-0.68284,0.87751,0.13062,-0.46066,0.88461,-0.03933
-0.71766,-0.68115,0.87757,0.12979,-0.4588,0.88479,-0.03949
-0.71467,-0.67813,0.8771,0.12859,-0.4558,0.88389,-0.04048
-0.71264,-0.67535,0.87719,0.12884,-0.45185,0.884,-0.04143
-0.70956,-0.67335,0.87728,0.12803,-0.44992,0.88405,-0.04149
-0.70592,-0.66925,0.87661,0.12647,-0.44764,0.88385,-0.04216
-0.70368,-0.66599,0.87696,0.12688,-0.44441,0.8849,-0.04383
-0.70018,-0.66364,0.87645,0.12528,-0.44165,0.88483,-0.04471
-0.69642,-0.66051,0.87719,0.12353,-0.43857,0.88351,-0.04501
-0.69406,-0.65717,0.87742,0.12371,-0.43563,0.88329,-0.04537
-0.69132,-0.65526,0.87721,0.12342,-0.43335,0.88346,-0.04651
-0.68862,-0.65219,0.87676,0.12268,-0.43058,0.88439,-0.04668
-0.68672,-0.64992,0.8772,0.12241,-0.42689,0.88387,-0.04684
-0.68362,-0.64806,0.8767,0.12189,-0.4247,0.88403,-0.0469
-0.68023,-0.64514,0.87674,0.12165,-0.42078,0.88415,-0.04707
-0.67736,-0.64145,0.87708,0.12054,-0.41785,0.88344,-0.04726
-0.6742,-0.63917,0.87671,0.12073,-0.41634,0.88357,-0.04751
-0.67201,-0.6371,0.87698,0.12075,-0.41319,0.88437,-0.04788
-0.67025,-0.63432,0.87712,0.11949,-0.41105,0.88447,-0.04782
-0.66683,-0.63255,0.87713,0.11943,-0.4086,0.88395,-0.04798
-0.66418,-0.63014,0.87653,0.11953,-0.40589,0.88422,-0.04843
-0.66245,-0.62723,0.876,0.11887,-0.40285,0.88383,-0.04805
-0.65893,-0.62566,0.87695,0.1186,-0.40074,0.88295,-0.04784
-0.65535,-0.6215,0.87774,0.11764,-0.39671,0.88313,-0.04811
-0.65244,-0.61911,0.87704,0.11773,-0.39416,0.88404,-0.0488
-0.65026,-0.6168,0.87685,0.1176,-0.39247,0.88444,-0.04893
-0.647,-0.61456,0.87692,0.11583,-0.38938,0.8835,-0.04938
-0.64435,-0.61159,0.87663,0.11467,-0.386,0.88321,-0.05011
-0.64076,-0.60812,0.8761,0.11441,-0.38396,0.88355,-0.05011
-0.6374,-0.60595,0.8759,0.11402,-0.38106,0.88269,-0.05098
-0.63523,-0.60256,0.87594,0.1128,-0.37769,0.883,-0.05134
-0.63032,-0.6006,0.87628,0.11277,-0.37534,0.88288,-0.05234
-0.62809,-0.59576,0.87499,0.11082,-0.37052,0.88346,-0.05247
-0.62481,-0.59258,0.87528,0.11037,-0.36721,0.88243,-0.05429
-0.62219,-0.59083,0.8764,0.1092,-0.36483,0.88313,-0.05461
-0.61811,-0.58691,0.87591,0.10808,-0.36163,0.88378,-0.05538
-0.61386,-0.58439,0.87543,0.10833,-0.35767,0.88229,-0.05636
-0.61109,-0.58002,0.87464,0.10662,-0.3548,0.88182,-0.05658
-0.60568,-0.57578,0.87536,0.106,-0.35076,0.88227,-0.05793
-0.60287,-0.57199,0.87588,0.1052,-0.34677,0.88323,-0.05868
-0.59827,-0.56895,0.87581,0.1049,-0.3426,0.88282,-0.05982
-0.59277,-0.56459,0.87532,0.10384,-0.33827,0.8829,-0.06052
-0.58992,-0.55868,0.87547,0.10283,-0.33434,0.88297,-0.06128
-0.58713,-0.55615,0.87598,0.10257,-0.33179,0.88271,-0.06229
-0.58164,-0.55314,0.87562,0.10183,-0.3289,0.88278,-0.0629
-0.57881,-0.54903,0.87593,0.10069,-0.32357,0.88321,-0.06445
-0.57588,-0.54451,0.87552,0.10047,-0.32093,0.88308,-0.06544
-0.57176,-0.54027,0.87513,0.09891,-0.31666,0.8827,-0.06682
-0.56752,-0.53694,0.87472,0.09786,-0.31367,0.88255,-0.0679
-0.56312,-0.53275,0.87528,0.09706,-0.30959,0.88272,-0.06933
-0.55849,-0.52807,0.87485,0.09524,-0.30521,0.88258,-0.07101
-0.55454,-0.52355,0.87493,0.09412,-0.30257,0.88258,-0.07234
-0.5518,-0.51929,0.87487,0.09258,-0.29847,0.88273,-0.07377
-0.54798,-0.51532,0.87525,0.09153,-0.29583,0.88283,-0.07481
-0.54358,-0.51109,0.87494,0.09017,-0.29187,0.88307,-0.07651
-0.53919,-0.50789,0.87454,0.08945,-0.28781,0.88263,-0.07784
-0.53678,-0.50389,0.87476,0.08734,-0.28224,0.88254,-0.07979
-0.53303,-0.50105,0.87513,0.08609,-0.27843,0.88312,-0.08137
-0.52869,-0.49713,0.87591,0.08605,-0.27619,0.88372,-0.08218
-0.5245,-0.49122,0.87419,0.08432,-0.27035,0.88243,-0.08389
-0.52094,-0.48834,0.87428,0.08301,-0.26754,0.88223,-0.08465
-0.51848,-0.48449,0.87455,0.08162,-0.26397,0.88243,-0.08651
-0.51358,-0.48226,0.87503,0.08079,-0.26043,0.8828,-0.08812
-0.51087,-0.47842,0.87531,0.07946,-0.25697,0.88317,-0.08928
-0.50721,-0.47452,0.87452,0.07919,-0.25431,0.88284,-0.08998
-0.50484,-0.47068,0.87396,0.07762,-0.24909,0.88186,-0.09158
-0.50113,-0.46686,0.87442,0.07609,-0.24682,0.88205,-0.09256
-0.49748,-0.46464,0.8747,0.07544,-0.24342,0.88271,-0.09363
-0.49505,-0.45968,0.87453,0.07431,-0.23984,0.88224,-0.09487
-0.49011,-0.45719,0.87457,0.07366,-0.23734,0.88206,-0.09554
-0.48764,-0.4531,0.87446,0.07267,-0.23396,0.8822,-0.09681
-0.48369,-0.45073,0.87439,0.07188,-0.23059,0.88271,-0.09788
-0.48153,-0.44757,0.8744,0.07078,-0.2276,0.88253,-0.09884
-0.47867,-0.44437,0.8743,0.0699,-0.22441,0.8825,-0.10035
-0.47549,-0.44178,0.87452,0.06813,-0.22238,0.88281,-0.10096
-0.4732,-0.4381,0.87444,0.06734,-0.21966,0.88233,-0.10228
-0.47038,-0.43641,0.87424,0.06671,-0.21649,0.88205,-0.1034
-0.46744,-0.43323,0.87433,0.06527,-0.21368,0.88242,-0.10445
-0.4646,-0.43025,0.87415,0.06498,-0.21189,0.88226,-0.10536
-0.46263,-0.42782,0.87395,0.06327,-0.2086,0.88166,-0.10637
-0.45988,-0.4244,0.87417,0.06197,-0.20619,0.88189,-0.10757
-0.45701,-0.42187,0.87446,0.0616,-0.20364,0.88264,-0.10852
-0.4551,-0.4188,0.87382,0.06064,-0.20048,0.88213,-0.10945
-0.45094,-0.41693,0.87406,0.05986,-0.19788,0.88173,-0.11024
-0.44911,-0.41378,0.87381,0.0589,-0.19604,0.88186,-0.1112
-0.44656,-0.41132,0.87414,0.0579,-0.19341,0.88209,-0.11206
-0.44329,-0.40851,0.87404,0.05708,-0.19162,0.88215,-0.11261
-0.44075,-0.40673,0.87427,0.05684,-0.18805,0.88215,-0.11378
-0.43805,-0.40407,0.87394,0.05568,-0.18628,0.88212,-0.1145
-0.4362,-0.40123,0.87408,0.05479,-0.18391,0.88201,-0.1154
-0.43378,-0.39965,0.87422,0.05442,-0.18136,0.88206,-0.11627
-0.43128,-0.39703,0.87403,0.05344,-0.17899,0.88221,-0.11709
-0.42911,-0.39486,0.87444,0.05308,-0.17821,0.88218,-0.11738
-0.42752,-0.39223,0.8739,0.052,-0.17598,0.88207,-0.11819
-0.4251,-0.39073,0.8742,0.05172,-0.1738,0.88228,-0.11919
-0.4227,-0.3885,0.87406,0.05118,-0.1715,0.88224,-0.1199
-0.42033,-0.3852,0.87378,0.05003,-0.16919,0.88184,-0.12071
-0.4181,-0.38363,0.87382,0.04948,-0.16774,0.88179,-0.12146
-0.41647,-0.38122,0.87386,0.0487,-0.16546,0.88178,-0.12248
-0.41438,-0.37952,0.87399,0.04831,-0.16406,0.88168,-0.12306
-0.41255,-0.37738,0.87394,0.0478,-0.1613,0.88211,-0.12428
-0.41028,-0.37531,0.87384,0.04704,-0.15935,0.88204,-0.1251
-0.40898,-0.37305,0.8737,0.04629,-0.15727,0.88187,-0.12606
-0.40695,-0.37174,0.8737,0.04569,-0.15601,0.88184,-0.12662
-0.40499,-0.36888,0.87386,0.04498,-0.15478,0.8818,-0.12712
-0.40319,-0.36682,0.8739,0.04441,-0.15219,0.88184,-0.12829
-0.4015,-0.36546,0.87391,0.04409,-0.15101,0.88197,-0.12864
-0.4005,-0.36368,0.8739,0.04359,-0.14875,0.8821,-0.12928
-0.3992,-0.36256,0.87406,0.04325,-0.14703,0.88223,-0.13011
-0.39804,-0.36081,0.87341,0.04298,-0.146,0.88199,-0.13056
-0.39672,-0.35964,0.87358,0.04253,-0.14507,0.88199,-0.13113
-0.39624,-0.35844,0.87383,0.04157,-0.1443,0.8822,-0.13157
-0.39511,-0.35752,0.8741,0.04112,-0.14323,0.88222,-0.13178
-0.394,-0.35646,0.87384,0.04095,-0.14245,0.88168,-0.13191
-0.39312,-0.35548,0.87379,0.04089,-0.14118,0.88091,-0.13244
-0.39247,-0.3549,0.87388,0.04097,-0.14071,0.88103,-0.13259
-0.39213,-0.35431,0.87415,0.04109,-0.14007,0.8811,-0.13267
-0.39236,-0.35396,0.87414,0.04102,-0.13976,0.88148,-0.13275
-0.39305,-0.35385,0.8738,0.04077,-0.13983,0.88166,-0.13317
-0.39341,-0.3543,0.87392,0.04078,-0.13989,0.88166,-0.13325
-0.39338,-0.35458,0.87391,0.04107,-0.14012,0.88183,-0.1332
-0.39357,-0.35463,0.87384,0.04131,-0.14049,0.88221,-0.13268
-0.39375,-0.35489,0.87383,0.0419,-0.14076,0.88197,-0.13232
-0.39404,-0.35506,0.87357,0.04251,-0.14085,0.88177,-0.13175
-0.39428,-0.35546,0.87329,0.04319,-0.14093,0.88166,-0.13077
-0.3946,-0.3559,0.87329,0.04354,-0.14125,0.88157,-0.13019
-0.3953,-0.35642,0.87348,0.0439,-0.1416,0.88173,-0.12973
-0.39563,-0.35689,0.87357,0.04424,-0.14227,0.88191,-0.12904
-0.39618,-0.35748,0.8735,0.04447,-0.14266,0.88198,-0.12908
-0.39648,-0.35782,0.87341,0.04438,-0.1431,0.88202,-0.12908
-0.39686,-0.35809,0.87346,0.04419,-0.14352,0.88195,-0.12929
-0.39698,-0.35856,0.87341,0.04392,-0.14384,0.88198,-0.12956
-0.3972,-0.3588,0.87345,0.04369,-0.144,0.88188,-0.12962
-0.39754,-0.35907,0.87335,0.0435,-0.14434,0.88161,-0.12983
-0.39789,-0.35931,0.87338,0.04312,-0.14461,0.88155,-0.13028
-0.39822,-0.35955,0.87355,0.0429,-0.14479,0.88159,-0.13037
-0.39839,-0.35989,0.87346,0.04304,-0.14511,0.88178,-0.13026
-0.39896,-0.36043,0.87335,0.04312,-0.14563,0.88221,-0.13043
-0.39942,-0.36088,0.87324,0.0431,-0.14584,0.88243,-0.13024
-0.39931,-0.36113,0.87315,0.04305,-0.14604,0.88224,-0.13015
-0.39932,-0.36128,0.87319,0.04292,-0.14617,0.88222,-0.13019
-0.39936,-0.3612,0.8732,0.04297,-0.14631,0.88223,-0.13022
-0.39935,-0.36123,0.87323,0.04327,-0.14635,0.882,-0.12985
-0.39942,-0.36119,0.87316,0.04349,-0.14626,0.88211,-0.12963
-0.39965,-0.36116,0.87307,0.04398,-0.14629,0.88225,-0.12933
-0.39983,-0.36131,0.87289,0.04442,-0.14639,0.88209,-0.12909
-0.40015,-0.36152,0.87283,0.04467,-0.14683,0.88205,-0.12884
-0.40063,-0.3617,0.87281,0.04476,-0.14706,0.88208,-0.12872
-0.40087,-0.36217,0.87295,0.045,-0.14742,0.88201,-0.12851
-0.40151,-0.36247,0.87288,0.04518,-0.14765,0.8819,-0.12837
-0.40218,-0.36293,0.8728,0.04553,-0.14824,0.88221,-0.12807
-0.40298,-0.36382,0.87272,0.04587,-0.14885,0.88218,-0.12767
-0.40389,-0.36471,0.87274,0.04617,-0.14952,0.88232,-0.12723
-0.40449,-0.36557,0.87263,0.04653,-0.15034,0.88247,-0.12693
-0.40559,-0.36602,0.87249,0.04703,-0.15107,0.88249,-0.12652
-0.40629,-0.36693,0.87254,0.04736,-0.15197,0.8821,-0.12593
-0.40744,-0.3675,0.87253,0.04752,-0.15266,0.88198,-0.12571
-0.40831,-0.36908,0.87284,0.04813,-0.15419,0.88224,-0.1247
-0.41098,-0.37024,0.87296,0.04877,-0.15553,0.88217,-0.12445
-0.41212,-0.37213,0.87297,0.04854,-0.15728,0.88259,-0.12399
-0.41394,-0.37389,0.87247,0.0497,-0.15855,0.88254,-0.12378
-0.41627,-0.37519,0.87257,0.04969,-0.15987,0.88267,-0.12267
-0.41709,-0.37795,0.87284,0.05059,-0.16198,0.88208,-0.12172
-0.4187,-0.37902,0.87253,0.05131,-0.16333,0.8817,-0.12142
-0.4211,-0.38089,0.87235,0.05213,-0.16567,0.88265,-0.12036
-0.42307,-0.38286,0.87304,0.05267,-0.16635,0.88258,-0.11996
-0.4238,-0.38468,0.87351,0.05316,-0.16799,0.88249,-0.11874
-0.42568,-0.38557,0.87377,0.0535,-0.16908,0.88261,-0.11846
-0.42693,-0.38708,0.87419,0.05423,-0.17059,0.88305,-0.11816
-0.42896,-0.38863,0.8735,0.05484,-0.17258,0.88294,-0.11733
-0.43053,-0.39002,0.87283,0.05574,-0.17522,0.88211,-0.11695
-0.43387,-0.39234,0.87262,0.05599,-0.17661,0.88231,-0.1159
-0.43556,-0.39541,0.87351,0.05564,-0.17796,0.882,-0.11558
-0.43709,-0.39696,0.87362,0.05672,-0.18074,0.88273,-0.11509
-0.43992,-0.39869,0.87412,0.05726,-0.18254,0.88342,-0.1154
-0.441,-0.40127,0.8738,0.05776,-0.18488,0.88317,-0.11434
-0.44469,-0.40265,0.87363,0.05814,-0.1862,0.88254,-0.11401
-0.44661,-0.40516,0.87395,0.0576,-0.18918,0.88272,-0.11431
-0.44887,-0.40791,0.87351,0.05841,-0.19114,0.88279,-0.11389
-0.45089,-0.41062,0.87356,0.05844,-0.19358,0.88245,-0.11279
-0.45327,-0.41237,0.8742,0.05869,-0.1959,0.88205,-0.11264
-0.45633,-0.41469,0.87351,0.05958,-0.19799,0.88232,-0.1125
-0.45964,-0.41758,0.87376,0.05923,-0.20099,0.8821,-0.1123
-0.46313,-0.41982,0.87376,0.05952,-0.20392,0.8823,-0.11203
-0.46558,-0.42437,0.87466,0.05972,-0.2067,0.88265,-0.1124
-0.46947,-0.42684,0.8745,0.05981,-0.20898,0.8833,-0.11179
-0.47191,-0.42965,0.87385,0.06096,-0.21294,0.88257,-0.11089
-0.47594,-0.43372,0.8742,0.061,-0.21574,0.88258,-0.11043
-0.47806,-0.43593,0.87428,0.06145,-0.21963,0.88291,-0.11015
-0.48196,-0.44086,0.87492,0.06177,-0.22297,0.88339,-0.10952
-0.48516,-0.44335,0.87483,0.06164,-0.22489,0.88344,-0.10937
-0.48822,-0.44668,0.87441,0.06311,-0.22881,0.88334,-0.10835
-0.49256,-0.45059,0.87473,0.06303,-0.2316,0.88318,-0.10757
-0.49445,-0.454,0.87486,0.06383,-0.23549,0.88364,-0.1068
-0.49908,-0.45604,0.87406,0.0646,-0.23787,0.8835,-0.10663
-0.50127,-0.4597,0.87483,0.06481,-0.24058,0.88345,-0.10563
-0.50367,-0.46299,0.87454,0.06575,-0.24365,0.88294,-0.10426
-0.50712,-0.46548,0.87406,0.06672,-0.24699,0.88345,-0.10336
-0.50924,-0.46936,0.87513,0.06712,-0.24947,0.88352,-0.10322
-0.51221,-0.47101,0.87474,0.06771,-0.25202,0.88347,-0.10254
-0.51606,-0.47422,0.87512,0.06826,-0.25525,0.88352,-0.10188
-0.51885,-0.4777,0.87552,0.06863,-0.25924,0.88398,-0.10094
-0.52075,-0.48085,0.87555,0.07045,-0.26142,0.88376,-0.10015
-0.52421,-0.48282,0.87504,0.0709,-0.26468,0.88302,-0.09896
-0.52826,-0.4861,0.87539,0.0715,-0.26708,0.8832,-0.09892
-0.53166,-0.48999,0.87593,0.07205,-0.27016,0.88413,-0.09814
-0.53492,-0.49212,0.87574,0.07316,-0.27399,0.88424,-0.09682
-0.53757,-0.49661,0.87531,0.07481,-0.27676,0.88352,-0.09587
-0.54116,-0.49895,0.87509,0.07545,-0.28074,0.88391,-0.09469
-0.54619,-0.50252,0.87527,0.07622,-0.28329,0.88395,-0.09431
-0.54856,-0.5062,0.87526,0.07704,-0.28757,0.88379,-0.09342
-0.55214,-0.50977,0.87553,0.0778,-0.29031,0.88407,-0.09253
-0.55487,-0.5131,0.87556,0.07891,-0.29387,0.88392,-0.09213
-0.55836,-0.51598,0.87569,0.07941,-0.29591,0.88382,-0.09146
-0.56203,-0.51922,0.8754,0.08019,-0.29955,0.88356,-0.09013
-0.56631,-0.5218,0.87563,0.08062,-0.30331,0.88387,-0.08948
-0.57088,-0.52563,0.87588,0.08205,-0.30791,0.8847,-0.08924
-0.57297,-0.53138,0.87656,0.08225,-0.31109,0.88476,-0.08852
-0.5777,-0.53308,0.87574,0.08338,-0.31363,0.88438,-0.0876
-0.58032,-0.538,0.87515,0.08384,-0.31873,0.88315,-0.08658
-0.58521,-0.54075,0.87544,0.08486,-0.32157,0.88377,-0.08594
-0.58844,-0.54547,0.87619,0.08576,-0.32548,0.88458,-0.08502
-0.59191,-0.54834,0.87607,0.0863,-0.32825,0.88458,-0.08438
-0.59547,-0.55189,0.87582,0.08769,-0.3319,0.88413,-0.08309
-0.59953,-0.5553,0.87522,0.08837,-0.33586,0.88363,-0.08203
-0.60391,-0.55959,0.8761,0.08938,-0.33962,0.88357,-0.08077
-0.60681,-0.56386,0.87581,0.09034,-0.34384,0.88389,-0.07962
-0.61255,-0.56694,0.87577,0.09075,-0.34621,0.88394,-0.07906
-0.61555,-0.57109,0.87569,0.09227,-0.35053,0.88416,-0.07798
-0.61988,-0.57568,0.87593,0.09284,-0.35448,0.8842,-0.07645
-0.62266,-0.57835,0.87542,0.09378,-0.35929,0.88373,-0.07538
-0.62755,-0.5845,0.87603,0.0946,-0.36316,0.88359,-0.0742
-0.6319,-0.58734,0.87561,0.09555,-0.36649,0.88381,-0.07358
-0.63524,-0.59209,0.87641,0.09687,-0.37062,0.88439,-0.07191
-0.6392,-0.59517,0.87595,0.0974,-0.375,0.88422,-0.07076
-0.64348,-0.59922,0.87638,0.09898,-0.37767,0.88423,-0.07
-0.64734,-0.60337,0.87634,0.09965,-0.38171,0.88441,-0.06835
-0.65182,-0.60733,0.8764,0.10145,-0.3868,0.88381,-0.06651
-0.65448,-0.61188,0.87633,0.10213,-0.38951,0.88373,-0.06554
-0.65824,-0.61432,0.87639,0.10352,-0.39229,0.88395,-0.06441
-0.66289,-0.61887,0.87638,0.10455,-0.39763,0.88434,-0.06259
-0.66651,-0.623,0.87657,0.10602,-0.40024,0.88432,-0.06146
-0.66934,-0.62567,0.8762,0.10707,-0.40402,0.88409,-0.05988
-0.67324,-0.63101,0.87594,0.10863,-0.40816,0.88427,-0.05837
-0.67744,-0.63405,0.87621,0.10955,-0.41073,0.88444,-0.05734
-0.68152,-0.63787,0.87638,0.11036,-0.41478,0.88446,-0.05656
-0.68536,-0.64245,0.87663,0.11177,-0.4186,0.88434,-0.05498
-0.68814,-0.64611,0.87645,0.11337,-0.42286,0.88414,-0.05347
-0.69401,-0.64907,0.87645,0.11365,-0.42546,0.88415,-0.05279
-0.69587,-0.65338,0.87667,0.11451,-0.42882,0.88407,-0.0519
-0.69834,-0.65675,0.8764,0.11614,-0.43305,0.88417,-0.05025
-0.70365,-0.66069,0.87662,0.11726,-0.43676,0.88393,-0.04932
-0.70587,-0.66433,0.8768,0.11852,-0.4401,0.88404,-0.04785
-0.70927,-0.66664,0.877,0.11913,-0.44254,0.88413,-0.04718
-0.71327,-0.6703,0.87669,0.12057,-0.4463,0.88468,-0.04556
-0.71698,-0.67417,0.87701,0.12226,-0.4498,0.88451,-0.04438
-0.71887,-0.67756,0.87716,0.12315,-0.45294,0.88431,-0.04316
-0.72174,-0.67952,0.87683,0.12433,-0.45672,0.88423,-0.04159
-0.72587,-0.68267,0.87657,0.12577,-0.46011,0.88412,-0.04043
-0.72937,-0.68631,0.87706,0.12671,-0.46308,0.88438,-0.03918
-0.73234,-0.68963,0.87717,0.12825,-0.46546,0.88469,-0.03826
-0.73488,-0.6928,0.87657,0.13002,-0.46894,0.88457,-0.03689
-0.73846,-0.69535,0.87668,0.13094,-0.47125,0.8845,-0.03589
-0.7417,-0.69853,0.87686,0.13181,-0.47526,0.88405,-0.03471
-0.74495,-0.70158,0.87673,0.13281,-0.47768,0.88423,-0.03374
-0.74738,-0.70492,0.87662,0.13445,-0.48135,0.88419,-0.03234
-0.75102,-0.7075,0.87715,0.13527,-0.48408,0.88397,-0.03146
-0.75394,-0.71076,0.87678,0.13605,-0.48762,0.88432,-0.02995
-0.75639,-0.71418,0.87643,0.13773,-0.49025,0.88436,-0.02899
-0.7613,-0.71824,0.87706,0.13821,-0.4933,0.88403,-0.02841
-0.76305,-0.72118,0.87639,0.13964,-0.49699,0.88451,-0.02684
-0.76663,-0.7235,0.87659,0.14052,-0.50037,0.88411,-0.02593
-0.76976,-0.727,0.87674,0.1414,-0.50318,0.88397,-0.02475
-0.77274,-0.72999,0.87654,0.14244,-0.50633,0.88397,-0.02342
-0.77636,-0.73319,0.87658,0.14384,-0.50875,0.88392,-0.02253
-0.7788,-0.73678,0.87694,0.14444,-0.51192,0.88403,-0.02178
-0.78141,-0.74002,0.87712,0.14549,-0.51369,0.88431,-0.02093
-0.78393,-0.74183,0.87673,0.14664,-0.51691,0.88459,-0.01929
-0.78728,-0.74458,0.87642,0.14762,-0.52002,0.88411,-0.01833
-0.78904,-0.74789,0.87748,0.14823,-0.52245,0.88434,-0.01729
-0.79137,-0.74935,0.87694,0.14875,-0.52503,0.88442,-0.01619
-0.79528,-0.75191,0.87695,0.15045,-0.52713,0.88407,-0.01551
-0.79726,-0.75576,0.87721,0.15195,-0.5307,0.88388,-0.01402
-0.79925,-0.75739,0.87721,0.15276,-0.53254,0.8844,-0.01327
-0.8021,-0.76042,0.87738,0.154,-0.53552,0.88462,-0.01231
-0.80443,-0.76239,0.87724,0.15466,-0.53799,0.88448,-0.0106
-0.80672,-0.76507,0.87671,0.15576,-0.5397,0.88411,-0.00976
-0.80905,-0.76782,0.87678,0.15599,-0.54202,0.88436,-0.00842
-0.81013,-0.77051,0.877,0.1568,-0.54406,0.88468,-0.0071
-0.81195,-0.77301,0.87695,0.15726,-0.5458,0.8851,-0.00584
-0.8134,-0.77454,0.87717,0.15764,-0.5474,0.88481,-0.00479
-0.81447,-0.77621,0.87701,0.15834,-0.54886,0.88422,-0.00338
-0.81539,-0.77781,0.87702,0.15914,-0.54983,0.88398,-0.00284
-0.81705,-0.77945,0.87726,0.15983,-0.5514,0.88441,-0.00202
-0.81841,-0.78064,0.8774,0.16037,-0.55235,0.88453,-0.00135
-0.81908,-0.7823,0.87714,0.16127,-0.55371,0.88439,-0.00035
-0.82027,-0.78362,0.87699,0.16194,-0.55501,0.8843,0.00073
-0.82078,-0.7848,0.87696,0.16264,-0.55603,0.88419,0.00178
-0.82148,-0.78554,0.877,0.16301,-0.55682,0.88415,0.00275
-0.82199,-0.78637,0.87704,0.16389,-0.5573,0.88423,0.0034
-0.82238,-0.78693,0.8769,0.1646,-0.55777,0.88457,0.00409
-0.82242,-0.78736,0.87697,0.16491,-0.55787,0.88492,0.00448
-0.82204,-0.7874,0.87709,0.16496,-0.55759,0.88466,0.00452
-0.82135,-0.78718,0.87717,0.16478,-0.55745,0.88442,0.00456
-0.82108,-0.7867,0.87707,0.1646,-0.55748,0.88418,0.00439
-0.82119,-0.78647,0.87713,0.16431,-0.55737,0.88413,0.00398
-0.8212,-0.78654,0.87735,0.16385,-0.5572,0.88424,0.0036
-0.82106,-0.78664,0.87744,0.16362,-0.55723,0.8844,0.0033
-0.82084,-0.78636,0.87724,0.16365,-0.55712,0.88453,0.00323
-0.8206,-0.78642,0.87747,0.16314,-0.55693,0.88443,0.00286
-0.82027,-0.78602,0.87741,0.16331,-0.55699,0.88419,0.00283
-0.82035,-0.7859,0.87727,0.16334,-0.55695,0.88416,0.00269
-0.8203,-0.78579,0.87693,0.16335,-0.55672,0.88451,0.00241
-0.81995,-0.78586,0.87709,0.16297,-0.55638,0.88447,0.00229
-0.81952,-0.78552,0.87703,0.16301,-0.55627,0.88422,0.00215
-0.8193,-0.78497,0.8766,0.16279,-0.55615,0.88434,0.00197
-0.81926,-0.7849,0.87678,0.16271,-0.55584,0.88421,0.00165
-0.81835,-0.78455,0.87691,0.16246,-0.55554,0.88409,0.00148
-0.81782,-0.78402,0.87719,0.16243,-0.55487,0.8839,0.00156
-0.81715,-0.78329,0.87716,0.16246,-0.55444,0.88384,0.00161
-0.81676,-0.78294,0.87727,0.16239,-0.5542,0.88387,0.00134
-0.81613,-0.78248,0.87773,0.16213,-0.55354,0.88419,0.00079
-0.81507,-0.78168,0.878,0.16157,-0.55289,0.88441,0.00041
-0.81461,-0.78063,0.87795,0.16162,-0.5522,0.8843,-9.00E-05
-0.81399,-0.78004,0.87792,0.16135,-0.5515,0.88436,-0.0005
-0.81367,-0.77907,0.8779,0.16091,-0.55094,0.88429,-0.00098
-0.8127,-0.77869,0.87796,0.16071,-0.55057,0.88436,-0.00109
-0.81205,-0.77779,0.87767,0.16078,-0.54987,0.88439,-0.00131
-0.81111,-0.77735,0.87795,0.1606,-0.5488,0.88416,-0.00199
-0.81004,-0.77621,0.87806,0.1601,-0.54822,0.88431,-0.00206
-0.80949,-0.77513,0.87778,0.16022,-0.54774,0.88435,-0.00233
-0.80889,-0.77451,0.87782,0.15958,-0.54657,0.88416,-0.00294
-0.8074,-0.77323,0.87795,0.1591,-0.54547,0.8842,-0.0035
-0.806,-0.77246,0.87809,0.15893,-0.54482,0.88437,-0.00377
-0.80447,-0.7704,0.87768,0.15845,-0.54318,0.88411,-0.0049
-0.80299,-0.76941,0.87765,0.15778,-0.54229,0.88406,-0.00543
-0.80112,-0.76771,0.87791,0.15671,-0.54061,0.88397,-0.00641
-0.79998,-0.76594,0.87811,0.1559,-0.53901,0.8842,-0.00742
-0.79831,-0.76477,0.87788,0.15541,-0.53791,0.88437,-0.00791
-0.79659,-0.763,0.87797,0.15474,-0.53574,0.88407,-0.00953
-0.79539,-0.76111,0.87769,0.15343,-0.53452,0.88437,-0.01007
-0.7937,-0.75956,0.87812,0.15276,-0.53285,0.88449,-0.01099
-0.79166,-0.75817,0.8776,0.15187,-0.53141,0.88446,-0.01144
-0.7901,-0.75556,0.87677,0.15145,-0.52957,0.88423,-0.01286
-0.78749,-0.75374,0.87697,0.15088,-0.52674,0.88459,-0.01401
-0.78423,-0.75165,0.87765,0.14809,-0.52477,0.884,-0.0152
-0.78211,-0.7485,0.87858,0.14719,-0.52274,0.88385,-0.01605
-0.78012,-0.74681,0.87842,0.14656,-0.52138,0.88403,-0.0169
-0.77826,-0.74464,0.87803,0.14585,-0.51912,0.88457,-0.01802
-0.77665,-0.74286,0.87828,0.14469,-0.51675,0.88415,-0.01916
-0.77394,-0.74042,0.87783,0.14366,-0.51449,0.88422,-0.01985
-0.77161,-0.73838,0.87808,0.14317,-0.51244,0.88424,-0.02045
-0.76891,-0.73589,0.87795,0.14276,-0.51021,0.88398,-0.02076
-0.76732,-0.73414,0.87776,0.14254,-0.50745,0.88382,-0.02101
-0.76473,-0.7319,0.87832,0.14172,-0.50568,0.88372,-0.02145
-0.7621,-0.72913,0.8781,0.14165,-0.50345,0.8844,-0.02179
-0.75954,-0.72774,0.87808,0.14146,-0.5008,0.88447,-0.02245
-0.75659,-0.72499,0.87788,0.14065,-0.49904,0.8842,-0.02252
-0.75481,-0.72225,0.87796,0.14051,-0.49635,0.88369,-0.0228
-0.75179,-0.71931,0.87795,0.13974,-0.49383,0.88367,-0.02339
-0.74892,-0.71719,0.87777,0.1396,-0.49109,0.88388,-0.02381
-0.74604,-0.71345,0.87795,0.13936,-0.48816,0.88347,-0.02429
-0.74379,-0.71138,0.87786,0.13887,-0.48609,0.88361,-0.02465
-0.74057,-0.70831,0.87799,0.13858,-0.48294,0.88376,-0.02558
-0.73689,-0.70598,0.87775,0.13806,-0.4798,0.88356,-0.02555
-0.73404,-0.70153,0.87759,0.13796,-0.47782,0.88311,-0.02589
-0.73076,-0.70053,0.87779,0.13753,-0.47341,0.88347,-0.02696
-0.72831,-0.69632,0.87797,0.13674,-0.47139,0.88344,-0.02716
-0.72481,-0.69273,0.87745,0.13634,-0.46796,0.88283,-0.02773
-0.72132,-0.69043,0.87786,0.13584,-0.46453,0.88312,-0.02855
-0.71931,-0.68598,0.87814,0.13544,-0.46139,0.88374,-0.02926
-0.71598,-0.68385,0.87786,0.13474,-0.45936,0.88395,-0.02949
-0.71254,-0.6801,0.87742,0.13517,-0.45597,0.88322,-0.03057
-0.70896,-0.67668,0.87687,0.13317,-0.45341,0.883,-0.03106
-0.70527,-0.67411,0.87767,0.13291,-0.45038,0.88305,-0.03146
-0.70182,-0.67093,0.87801,0.13316,-0.44691,0.88302,-0.03251
-0.69931,-0.66679,0.87703,0.13204,-0.44473,0.88342,-0.03264
-0.69581,-0.66357,0.87746,0.13228,-0.44113,0.88341,-0.03348
-0.69172,-0.66067,0.87705,0.13127,-0.43727,0.88277,-0.0344
-0.68915,-0.65535,0.87723,0.13025,-0.43366,0.88245,-0.03536
-0.68562,-0.65281,0.87747,0.12951,-0.43021,0.88318,-0.03612
-0.68214,-0.6493,0.87804,0.12913,-0.42668,0.88317,-0.03731
-0.67799,-0.64525,0.87725,0.12859,-0.42318,0.88326,-0.03829
-0.67426,-0.64119,0.87708,0.12782,-0.41922,0.88321,-0.03921
-0.67051,-0.63868,0.87739,0.12635,-0.4151,0.88255,-0.04055
-0.66702,-0.63416,0.87757,0.1254,-0.41207,0.88282,-0.04125
-0.66236,-0.63034,0.87735,0.12549,-0.40915,0.88309,-0.04221
-0.65945,-0.62594,0.87727,0.12382,-0.40355,0.8829,-0.04361
-0.65484,-0.62188,0.87802,0.12324,-0.40081,0.88249,-0.04444
-0.65242,-0.61839,0.87688,0.12192,-0.39684,0.88316,-0.0459
-0.64834,-0.61435,0.87723,0.12128,-0.39442,0.88344,-0.04676
-0.64387,-0.61011,0.87685,0.12049,-0.39037,0.88302,-0.04799
-0.63993,-0.60732,0.87686,0.11958,-0.38451,0.88267,-0.04993
-0.63601,-0.6029,0.87715,0.11763,-0.38224,0.88324,-0.05082
-0.63332,-0.59887,0.87768,0.11671,-0.37877,0.88396,-0.05242
-0.62758,-0.59488,0.87742,0.11685,-0.37579,0.88391,-0.05327
-0.62449,-0.59015,0.87699,0.11487,-0.37121,0.88257,-0.05438
-0.62054,-0.58553,0.87714,0.11341,-0.36733,0.88236,-0.05576
-0.61834,-0.58303,0.87725,0.11248,-0.36364,0.88298,-0.05773
-0.61417,-0.57917,0.87726,0.11158,-0.35973,0.8833,-0.05889
-0.60999,-0.57487,0.87708,0.11044,-0.35679,0.88299,-0.0599
-0.60586,-0.57063,0.87682,0.10906,-0.35138,0.88285,-0.06161
-0.60202,-0.5677,0.87653,0.10819,-0.34881,0.88273,-0.06255
-0.59952,-0.56377,0.87707,0.10715,-0.34499,0.88272,-0.06418
-0.59533,-0.55983,0.87691,0.10587,-0.34243,0.8831,-0.06507
-0.5913,-0.5573,0.87701,0.10522,-0.33832,0.8832,-0.06644
-0.58906,-0.55195,0.87705,0.10398,-0.33447,0.88247,-0.06741
-0.58502,-0.54928,0.87706,0.10268,-0.33078,0.88255,-0.06875
-0.58138,-0.54549,0.87733,0.10151,-0.3284,0.88313,-0.07001
-0.57771,-0.54186,0.87717,0.10071,-0.32482,0.88375,-0.07087
-0.57351,-0.53816,0.87656,0.09922,-0.32125,0.88282,-0.07219
-0.56985,-0.53537,0.876,0.09844,-0.31726,0.88215,-0.07345
-0.56712,-0.53202,0.87652,0.09671,-0.31367,0.8824,-0.07455
-0.56159,-0.52808,0.87641,0.09544,-0.31133,0.88251,-0.07547
-0.55913,-0.5245,0.87478,0.09288,-0.30567,0.88266,-0.07779
-0.55557,-0.52099,0.8739,0.09078,-0.30338,0.88199,-0.07905
-0.55335,-0.51912,0.87409,0.08929,-0.30017,0.88099,-0.08103
-0.54965,-0.51594,0.8755,0.08648,-0.2976,0.88099,-0.08253
-0.54549,-0.51212,0.87715,0.08473,-0.29418,0.88245,-0.08395
-0.54126,-0.50867,0.87731,0.08379,-0.28866,0.88378,-0.08544
-0.53801,-0.50591,0.87589,0.08294,-0.28646,0.88384,-0.08605
-0.53454,-0.50296,0.87576,0.0821,-0.28286,0.88324,-0.08716
-0.53053,-0.49935,0.8761,0.08123,-0.2805,0.88267,-0.08801
-0.52902,-0.49547,0.87707,0.07939,-0.27686,0.88256,-0.0897
-0.52332,-0.4924,0.87792,0.07882,-0.27329,0.88354,-0.09101
-0.5205,-0.48784,0.87911,0.07825,-0.27059,0.88397,-0.09179
-0.51647,-0.48322,0.87884,0.07856,-0.26653,0.88395,-0.09304
-0.51274,-0.47883,0.87866,0.07823,-0.26272,0.88379,-0.09406
-0.50988,-0.47603,0.87901,0.07733,-0.25891,0.88356,-0.09492
-0.5062,-0.47157,0.87917,0.07722,-0.25642,0.88359,-0.09561
-0.50282,-0.4675,0.87934,0.07718,-0.25295,0.88369,-0.0967
-0.49938,-0.46477,0.87907,0.07736,-0.24958,0.88376,-0.09739
-0.49635,-0.46095,0.87888,0.07763,-0.2463,0.88326,-0.0978
-0.49402,-0.45596,0.8784,0.07787,-0.24301,0.88294,-0.09822
-0.49058,-0.45336,0.87798,0.07815,-0.24073,0.88284,-0.09849
-0.48779,-0.44962,0.87803,0.07895,-0.23758,0.8827,-0.09865
-0.48575,-0.44724,0.87834,0.07953,-0.2344,0.88294,-0.09871
-0.48119,-0.44238,0.879,0.08031,-0.23237,0.88335,-0.0986
-0.4787,-0.44016,0.87805,0.08125,-0.23045,0.88392,-0.09848
-0.47728,-0.437,0.87677,0.08238,-0.22727,0.88335,-0.09813
-0.47448,-0.43515,0.87668,0.08225,-0.22432,0.8824,-0.09755
-0.47085,-0.4322,0.87709,0.08141,-0.22233,0.8823,-0.09772
-0.46925,-0.42786,0.87722,0.08336,-0.22021,0.88318,-0.09798
-0.46712,-0.42626,0.87761,0.08333,-0.21932,0.88317,-0.09794
-0.46435,-0.42362,0.87754,0.08302,-0.21659,0.88332,-0.09748
-0.46208,-0.42032,0.87663,0.08389,-0.21395,0.88301,-0.09768
-0.46077,-0.41882,0.8768,0.08382,-0.21148,0.88285,-0.0972
-0.45844,-0.41655,0.87681,0.08335,-0.20927,0.88258,-0.09791
-0.45637,-0.41407,0.87674,0.08381,-0.20734,0.88286,-0.09828
-0.45462,-0.41182,0.87632,0.08406,-0.2054,0.88277,-0.09823
-0.45294,-0.41035,0.87621,0.08413,-0.20351,0.88235,-0.09849
-0.4518,-0.40775,0.87624,0.08432,-0.20195,0.88224,-0.09846
-0.4502,-0.40661,0.87621,0.08433,-0.20091,0.88227,-0.09863
-0.44875,-0.40483,0.8763,0.08428,-0.19933,0.88248,-0.09915
-0.44717,-0.40285,0.87624,0.08447,-0.19778,0.88267,-0.09933
-0.44607,-0.40171,0.87621,0.08452,-0.19636,0.88237,-0.09929
-0.44471,-0.40018,0.8763,0.08463,-0.19527,0.88235,-0.09943
-0.44373,-0.39854,0.87597,0.08514,-0.19424,0.88259,-0.09934
-0.44276,-0.39745,0.87569,0.08526,-0.19342,0.8825,-0.09946
-0.44177,-0.39638,0.87594,0.08507,-0.19225,0.88236,-0.09949
-0.44073,-0.39521,0.87593,0.08528,-0.19147,0.88235,-0.09958
-0.44026,-0.39449,0.87583,0.08537,-0.19084,0.8823,-0.09976
-0.4399,-0.39362,0.87599,0.08527,-0.19028,0.88233,-0.09992
-0.43951,-0.39302,0.87605,0.08515,-0.18957,0.88222,-0.09978
-0.43933,-0.39256,0.87598,0.08534,-0.18924,0.88221,-0.09932
-0.44013,-0.39241,0.87641,0.08653,-0.18931,0.88325,-0.09867
-0.44005,-0.39335,0.87851,0.0871,-0.19035,0.88125,-0.10134
-0.441,-0.39286,0.87634,0.08468,-0.19005,0.88266,-0.10018
-0.4425,-0.3939,0.87561,0.08683,-0.19094,0.88228,-0.10012
-0.44264,-0.39463,0.8755,0.08564,-0.19151,0.88064,-0.09948
-0.44296,-0.39545,0.87558,0.08491,-0.19184,0.88192,-0.0998
-0.44309,-0.39572,0.87507,0.08585,-0.19213,0.88242,-0.1001
-0.44303,-0.39585,0.8756,0.08604,-0.19278,0.88332,-0.09923
-0.44248,-0.39594,0.87571,0.08529,-0.19223,0.88154,-0.09989
-0.44239,-0.39518,0.87555,0.08498,-0.19188,0.88171,-0.10018
-0.44254,-0.39519,0.87556,0.08477,-0.19211,0.88212,-0.10029
-0.44251,-0.3954,0.87605,0.08445,-0.19189,0.88186,-0.10055
-0.44248,-0.3954,0.87576,0.08428,-0.1918,0.88201,-0.10099
-0.44242,-0.39525,0.87573,0.08433,-0.19208,0.88241,-0.10099
-0.4423,-0.3952,0.87576,0.08434,-0.192,0.88198,-0.10113
-0.4421,-0.39485,0.87551,0.08429,-0.19181,0.88182,-0.10138
-0.44178,-0.39458,0.87532,0.08416,-0.1915,0.88189,-0.10126
-0.44158,-0.39438,0.87541,0.08427,-0.19135,0.88166,-0.10123
-0.44118,-0.39414,0.8753,0.0843,-0.19091,0.88179,-0.10104
-0.44089,-0.39387,0.87551,0.08472,-0.19035,0.88199,-0.10069
-0.44068,-0.39361,0.87557,0.08494,-0.18991,0.88215,-0.1005
-0.44056,-0.39333,0.87562,0.08501,-0.18965,0.88233,-0.10055
-0.44037,-0.39316,0.87572,0.08497,-0.18935,0.8826,-0.10049
-0.44008,-0.39302,0.87564,0.08496,-0.18916,0.88251,-0.10056
-0.44015,-0.39272,0.87575,0.08493,-0.189,0.88259,-0.10071
-0.44038,-0.39265,0.87568,0.08496,-0.18887,0.88182,-0.10022
-0.44036,-0.39297,0.87569,0.08513,-0.18904,0.88089,-0.09969
-0.44115,-0.39323,0.87585,0.08513,-0.18961,0.8804,-0.09953
-0.44303,-0.39393,0.87585,0.08515,-0.19079,0.88203,-0.09966
-0.44557,-0.396,0.87584,0.08619,-0.19298,0.88408,-0.09943
-0.44738,-0.39829,0.87521,0.08644,-0.19426,0.88438,-0.09909
-0.44812,-0.39989,0.87498,0.08635,-0.19531,0.88348,-0.09888
-0.44882,-0.4008,0.87495,0.08604,-0.19674,0.88204,-0.09904
-0.44978,-0.40125,0.8749,0.08609,-0.19785,0.88142,-0.09906
-0.45064,-0.40229,0.87477,0.08632,-0.19936,0.88207,-0.09837
-0.45223,-0.4033,0.87492,0.08667,-0.19993,0.88221,-0.09823
-0.45321,-0.40518,0.87509,0.08701,-0.20067,0.88232,-0.09803
-0.45362,-0.40588,0.87514,0.08675,-0.20146,0.88234,-0.09779
-0.45399,-0.40637,0.87499,0.08671,-0.20203,0.88238,-0.09769
-0.45431,-0.40672,0.87502,0.08678,-0.20257,0.88229,-0.09732
-0.45442,-0.40726,0.87516,0.08723,-0.20272,0.88221,-0.09677
-0.4546,-0.40746,0.87521,0.08742,-0.20288,0.8825,-0.09627
-0.45521,-0.40776,0.87528,0.08813,-0.20315,0.88273,-0.09588
-0.45574,-0.40833,0.87531,0.08845,-0.20368,0.88291,-0.09533
-0.45611,-0.40898,0.87522,0.08875,-0.20398,0.88301,-0.09508
-0.4569,-0.40944,0.87516,0.08894,-0.20445,0.88294,-0.09462
-0.45722,-0.41018,0.87504,0.08931,-0.20498,0.88274,-0.09411
-0.45793,-0.41084,0.875,0.0896,-0.20539,0.88266,-0.0938
-0.45833,-0.41121,0.875,0.08974,-0.20592,0.88266,-0.09342
-0.45874,-0.41176,0.87504,0.08988,-0.2063,0.88258,-0.09318
-0.4592,-0.41232,0.87507,0.09013,-0.20664,0.88266,-0.09288
-0.45984,-0.4127,0.87517,0.09027,-0.20693,0.88269,-0.09272
-0.46014,-0.41348,0.87536,0.09051,-0.20755,0.88288,-0.09236
-0.46052,-0.41397,0.87535,0.09081,-0.20784,0.883,-0.09211
-0.46102,-0.41431,0.87533,0.09093,-0.20809,0.88288,-0.09184
-0.46137,-0.41476,0.87533,0.09117,-0.20888,0.88263,-0.0912
-0.46225,-0.41532,0.87537,0.09173,-0.20907,0.88267,-0.09079
-0.46304,-0.41604,0.87537,0.09224,-0.20963,0.88278,-0.09029
-0.46354,-0.41657,0.87538,0.09255,-0.21021,0.88311,-0.08991
-0.4642,-0.41738,0.87535,0.09307,-0.2106,0.88326,-0.08965
-0.46486,-0.418,0.87551,0.09353,-0.21118,0.88313,-0.08893
-0.46536,-0.4186,0.87554,0.09386,-0.21188,0.88308,-0.08862
-0.46702,-0.41909,0.87547,0.09424,-0.21244,0.88344,-0.0883
-0.46787,-0.42066,0.87543,0.0951,-0.21331,0.88345,-0.0876
-0.46896,-0.42136,0.87543,0.09545,-0.21431,0.8832,-0.08732
-0.46968,-0.42254,0.87546,0.09582,-0.21491,0.88316,-0.08726
-0.47112,-0.42294,0.87544,0.09654,-0.21646,0.88353,-0.08586
-0.47199,-0.42445,0.87552,0.09774,-0.21713,0.88315,-0.08566
-0.47292,-0.4251,0.8757,0.09823,-0.21781,0.88316,-0.08523
-0.47422,-0.42607,0.87571,0.09925,-0.21896,0.88345,-0.08429
-0.47511,-0.42707,0.87548,0.10006,-0.22094,0.88354,-0.08346
-0.47702,-0.42833,0.87598,0.10098,-0.22151,0.88358,-0.08306
-0.47783,-0.42949,0.87572,0.1019,-0.22271,0.8837,-0.08249
-0.47947,-0.43015,0.87565,0.10246,-0.22403,0.88367,-0.0815
-0.48088,-0.43131,0.87592,0.10338,-0.22551,0.88366,-0.08056
-0.48261,-0.43266,0.87569,0.10447,-0.22649,0.88371,-0.07996
-0.48377,-0.43435,0.87604,0.10588,-0.22829,0.88379,-0.07878
-0.48538,-0.43565,0.87631,0.10676,-0.22996,0.88356,-0.07747
-0.48777,-0.43732,0.87605,0.10795,-0.23109,0.8838,-0.07651
-0.48974,-0.43954,0.87623,0.10894,-0.23388,0.884,-0.07466
-0.49203,-0.44164,0.87569,0.11044,-0.23519,0.88365,-0.07372
-0.49387,-0.44326,0.87542,0.11129,-0.23741,0.88353,-0.07236
-0.4965,-0.44597,0.87543,0.11261,-0.23991,0.88335,-0.07059
-0.49846,-0.44884,0.87532,0.11407,-0.2416,0.88301,-0.06935
-0.50178,-0.45196,0.87528,0.11564,-0.24438,0.88285,-0.06766
-0.50517,-0.4557,0.87552,0.11699,-0.24732,0.88342,-0.06543
-0.50896,-0.45822,0.87559,0.11868,-0.25136,0.88329,-0.06263
-0.51243,-0.46196,0.87543,0.12001,-0.25353,0.88321,-0.06095
-0.51523,-0.46598,0.87471,0.12277,-0.25686,0.88322,-0.05937
-0.51992,-0.47058,0.87484,0.12381,-0.26029,0.88319,-0.05721
-0.52387,-0.47379,0.87525,0.12513,-0.2646,0.88307,-0.05478
-0.52821,-0.47797,0.87512,0.12688,-0.26854,0.88319,-0.05265
-0.5313,-0.48248,0.87573,0.1292,-0.27251,0.8838,-0.05007
-0.535,-0.48566,0.87539,0.13056,-0.27542,0.88359,-0.04831
-0.53954,-0.49162,0.87579,0.13308,-0.27917,0.88308,-0.04553
-0.54343,-0.4946,0.8755,0.13415,-0.2832,0.88309,-0.04318
-0.54746,-0.49872,0.87573,0.13664,-0.28725,0.88315,-0.04054
-0.55019,-0.50329,0.87558,0.13845,-0.28979,0.8828,-0.03896
-0.55439,-0.50734,0.87604,0.14051,-0.29384,0.88303,-0.03679
-0.55808,-0.51031,0.87609,0.14188,-0.29774,0.88333,-0.03437
-0.56172,-0.51412,0.87591,0.14457,-0.30153,0.88269,-0.03162
-0.56439,-0.51826,0.87584,0.14664,-0.30393,0.88207,-0.02999
-0.56863,-0.52198,0.87573,0.14858,-0.30775,0.88229,-0.02765
-0.57289,-0.52527,0.87596,0.14973,-0.31205,0.88241,-0.0254
-0.57717,-0.52932,0.87625,0.15231,-0.31557,0.88272,-0.02328
-0.58064,-0.53239,0.87634,0.15358,-0.31816,0.88275,-0.02166
-0.58357,-0.53731,0.87567,0.15684,-0.3225,0.88245,-0.01934
-0.58782,-0.54034,0.87606,0.1576,-0.32616,0.88205,-0.01751
-0.59176,-0.54449,0.87562,0.15975,-0.3301,0.88243,-0.01533
-0.59438,-0.54862,0.87577,0.16153,-0.33407,0.88248,-0.01338
-0.59799,-0.55239,0.87563,0.16375,-0.33645,0.88226,-0.01223
-0.60213,-0.55611,0.87572,0.16549,-0.3402,0.8828,-0.01006
-0.60564,-0.559,0.87632,0.16577,-0.34373,0.88235,-0.00891
-0.60874,-0.56224,0.87575,0.16779,-0.34608,0.8826,-0.00753
-0.61234,-0.56552,0.876,0.16889,-0.35039,0.8822,-0.00585
-0.61444,-0.56785,0.87608,0.16963,-0.35281,0.88239,-0.00467
-0.61809,-0.57102,0.8761,0.17137,-0.35608,0.88278,-0.00333
-0.62149,-0.57482,0.87663,0.17258,-0.35935,0.88319,-0.00198
-0.62328,-0.5781,0.87633,0.17386,-0.36231,0.88299,-0.0007
-0.62649,-0.58104,0.87636,0.17503,-0.36432,0.88289,0.00012
-0.62965,-0.58318,0.8763,0.17561,-0.36738,0.88284,0.0012
-0.6331,-0.58638,0.8762,0.17691,-0.37058,0.88297,0.00273
-0.63618,-0.58987,0.87686,0.17796,-0.37343,0.88326,0.00401
-0.63894,-0.59288,0.87633,0.17971,-0.37667,0.88337,0.0056
-0.64157,-0.59584,0.87659,0.18112,-0.37866,0.88341,0.00673
-0.6442,-0.59917,0.87592,0.18198,-0.38143,0.88257,0.00805
-0.64795,-0.60214,0.87597,0.18395,-0.38488,0.88271,0.00963
-0.65173,-0.6051,0.87611,0.18415,-0.38787,0.88277,0.01066
-0.65401,-0.60834,0.87582,0.18577,-0.39124,0.88284,0.0128
-0.65771,-0.6121,0.87556,0.18735,-0.39395,0.88265,0.01357
-0.66114,-0.61584,0.87606,0.18817,-0.39689,0.8827,0.01488
-0.66419,-0.61811,0.876,0.1888,-0.40027,0.88313,0.01626
-0.66751,-0.62143,0.87629,0.18999,-0.4037,0.88317,0.01784
-0.66973,-0.62467,0.87657,0.1917,-0.40563,0.88336,0.01868
-0.67249,-0.62787,0.87563,0.19265,-0.40842,0.88285,0.02012
-0.67589,-0.63009,0.87646,0.19362,-0.41154,0.88294,0.02181
-0.678,-0.63352,0.87635,0.19445,-0.41464,0.8832,0.02297
-0.68099,-0.6366,0.8767,0.19614,-0.41761,0.88338,0.02456
-0.68384,-0.63979,0.87678,0.1971,-0.41952,0.88339,0.02567
-0.68698,-0.64295,0.87671,0.19876,-0.42258,0.88328,0.02727
-0.69058,-0.64498,0.87651,0.19936,-0.42591,0.88344,0.02857
-0.69366,-0.64847,0.87689,0.20026,-0.42787,0.88364,0.02936
-0.69569,-0.65205,0.87703,0.20176,-0.43199,0.88345,0.03136
-0.69858,-0.65523,0.87679,0.20273,-0.43382,0.88329,0.03269
-0.70128,-0.65837,0.87656,0.20416,-0.43669,0.88301,0.03424
-0.70342,-0.66047,0.87672,0.2048,-0.43974,0.88305,0.03582
-0.70745,-0.66374,0.87716,0.20578,-0.44255,0.88315,0.0375
-0.70952,-0.66698,0.87675,0.20749,-0.44558,0.88296,0.03914
-0.71305,-0.66925,0.87685,0.20811,-0.44775,0.88305,0.04014
-0.71525,-0.67301,0.87725,0.20901,-0.45057,0.88328,0.04165
-0.71904,-0.67522,0.87692,0.20968,-0.45286,0.88342,0.04261
-0.72099,-0.67961,0.8769,0.21118,-0.45659,0.8829,0.0446
-0.7239,-0.68184,0.87676,0.21167,-0.45849,0.88271,0.04568
-0.72597,-0.68492,0.87654,0.21266,-0.46153,0.88237,0.04715
-0.72927,-0.68858,0.87666,0.2135,-0.46452,0.8827,0.04821
-0.73206,-0.69205,0.87678,0.21393,-0.46638,0.88293,0.0488
-0.73442,-0.69439,0.87708,0.21429,-0.46867,0.88302,0.05023
-0.73685,-0.69683,0.87617,0.21509,-0.47179,0.88288,0.05116
-0.7388,-0.69972,0.87601,0.21585,-0.47416,0.88295,0.05208
-0.74138,-0.70268,0.87657,0.21551,-0.47546,0.88285,0.05278
-0.7423,-0.70486,0.87665,0.21562,-0.47812,0.88292,0.05339
-0.74403,-0.70631,0.877,0.21588,-0.47912,0.8831,0.05368
-0.7454,-0.70837,0.87708,0.21567,-0.48078,0.88278,0.05415
-0.74656,-0.7099,0.87677,0.21576,-0.48281,0.88294,0.05447
-0.74841,-0.71208,0.87696,0.21512,-0.48354,0.88296,0.05412
-0.74937,-0.71326,0.87698,0.21455,-0.48477,0.88311,0.05413
-0.75041,-0.7151,0.87708,0.21408,-0.48619,0.88265,0.05384
-0.75151,-0.71593,0.87704,0.21395,-0.48748,0.88282,0.05363
-0.75213,-0.7171,0.87704,0.21345,-0.48854,0.88299,0.05325
-0.75292,-0.71825,0.87709,0.2129,-0.48915,0.88297,0.05303
-0.75356,-0.71895,0.87691,0.21238,-0.48976,0.88314,0.05235
-0.75362,-0.71929,0.87679,0.21195,-0.49005,0.88317,0.05164
-0.75343,-0.71945,0.87666,0.21125,-0.49011,0.88285,0.05111
-0.75313,-0.71935,0.87689,0.21087,-0.48998,0.88258,0.05078
-0.75277,-0.71892,0.87668,0.21075,-0.49,0.88266,0.05088
-0.75263,-0.71911,0.87696,0.21062,-0.48974,0.88268,0.05099
-0.75244,-0.71902,0.87675,0.21054,-0.48927,0.88306,0.05122
-0.75206,-0.71904,0.87687,0.21035,-0.48876,0.88289,0.05123
-0.75129,-0.71871,0.87719,0.21031,-0.48834,0.8826,0.05126
-0.75075,-0.7181,0.87729,0.2102,-0.48812,0.88255,0.05119
-0.7505,-0.71771,0.8776,0.21013,-0.48763,0.88269,0.0512
-0.75024,-0.71748,0.8778,0.20976,-0.48708,0.88274,0.05117
-0.74987,-0.71721,0.87807,0.20967,-0.48673,0.88281,0.05106
-0.74963,-0.71692,0.87812,0.20943,-0.48656,0.88282,0.05094
-0.74945,-0.71658,0.87829,0.2095,-0.48632,0.88288,0.05079
-0.74913,-0.71628,0.87809,0.20971,-0.48608,0.88304,0.05089
-0.74866,-0.71604,0.87794,0.20967,-0.48572,0.88286,0.05081
-0.74825,-0.71555,0.87764,0.2096,-0.48543,0.88273,0.05062
-0.74805,-0.71516,0.87795,0.20957,-0.48507,0.88272,0.05046
-0.74728,-0.71479,0.8782,0.20928,-0.48442,0.88255,0.05057
-0.74667,-0.71415,0.87819,0.20963,-0.48449,0.88263,0.05042
-0.74664,-0.71349,0.87755,0.21013,-0.48416,0.88286,0.05023
-0.74591,-0.71301,0.8778,0.2095,-0.48319,0.88256,0.05011
-0.74514,-0.71207,0.87773,0.2095,-0.48269,0.88238,0.05029
-0.74381,-0.71132,0.87731,0.20992,-0.48209,0.8827,0.04975
-0.74301,-0.70967,0.87612,0.21054,-0.48099,0.88332,0.04974
-0.74118,-0.70843,0.87742,0.20984,-0.47878,0.88185,0.04902
-0.73821,-0.70579,0.87807,0.20951,-0.4781,0.88156,0.04917
-0.73693,-0.70354,0.87808,0.21001,-0.47688,0.88158,0.04934
-0.73606,-0.7028,0.87814,0.21025,-0.47523,0.88209,0.04881
-0.73535,-0.70119,0.87783,0.21001,-0.47349,0.88248,0.04854
-0.73369,-0.70028,0.87803,0.20978,-0.47266,0.88259,0.04849
-0.73267,-0.69865,0.87765,0.20998,-0.47127,0.88244,0.04818
-0.73141,-0.69713,0.87743,0.21035,-0.46997,0.88264,0.04795
-0.73014,-0.69571,0.87757,0.21045,-0.46905,0.88274,0.0479
-0.72922,-0.69447,0.87761,0.21002,-0.46766,0.88283,0.04761
-0.7285,-0.69389,0.87779,0.20977,-0.46632,0.88323,0.04704
-0.72783,-0.69314,0.87771,0.20917,-0.46508,0.88333,0.04653
-0.72689,-0.69224,0.87741,0.20809,-0.464,0.88318,0.04605
-0.72594,-0.69156,0.87779,0.2075,-0.46341,0.88309,0.04565
-0.72513,-0.69067,0.87744,0.20697,-0.46252,0.883,0.04484
-0.72424,-0.69004,0.87713,0.2065,-0.46193,0.88304,0.04453
-0.72311,-0.68914,0.87731,0.20556,-0.46101,0.88268,0.04385
-0.72171,-0.68817,0.87759,0.20444,-0.46031,0.88251,0.04336
-0.72072,-0.68716,0.87768,0.20348,-0.459,0.88293,0.04224
-0.71962,-0.68658,0.87763,0.20286,-0.45844,0.88293,0.04157
-0.71852,-0.6857,0.87745,0.20174,-0.45735,0.88278,0.04082
-0.71781,-0.68495,0.87717,0.2005,-0.45617,0.88267,0.03994
-0.71649,-0.68418,0.87704,0.19891,-0.45536,0.88247,0.03936
-0.71509,-0.6831,0.87711,0.19765,-0.45403,0.88234,0.03827
-0.71405,-0.68231,0.87714,0.19666,-0.45234,0.88254,0.03703
-0.71248,-0.68097,0.87718,0.19546,-0.45132,0.88257,0.03628
-0.71089,-0.67974,0.87695,0.19408,-0.44984,0.88264,0.03519
-0.7094,-0.67844,0.87659,0.19275,-0.44836,0.8825,0.03397
-0.7084,-0.67733,0.87659,0.19119,-0.44719,0.88257,0.03331
-0.70524,-0.67635,0.87651,0.19031,-0.44543,0.88243,0.03261
-0.70382,-0.67435,0.87642,0.18953,-0.4436,0.88207,0.03148
-0.70203,-0.67288,0.87725,0.18777,-0.44187,0.88238,0.03064
-0.70032,-0.67091,0.87747,0.18663,-0.44008,0.88243,0.02976
-0.69822,-0.66945,0.87713,0.1863,-0.43796,0.88263,0.02878
-0.69624,-0.66778,0.87699,0.18515,-0.43636,0.8827,0.02834
-0.69377,-0.66579,0.87722,0.18369,-0.43401,0.88252,0.0275
-0.69061,-0.66347,0.87748,0.183,-0.43255,0.88273,0.02717
-0.6887,-0.66063,0.87638,0.18228,-0.43009,0.8825,0.02601
-0.68599,-0.65914,0.87665,0.18138,-0.42739,0.8823,0.02537
-0.68436,-0.65638,0.87743,0.18013,-0.42538,0.88281,0.02482
-0.68174,-0.65524,0.87729,0.17972,-0.42275,0.88333,0.02406
-0.67961,-0.65251,0.87695,0.17917,-0.42116,0.883,0.02376
-0.67659,-0.6507,0.87662,0.17829,-0.41744,0.88233,0.02282
-0.67417,-0.64802,0.87637,0.177,-0.41571,0.88258,0.02221
-0.67096,-0.64546,0.87695,0.17637,-0.41301,0.88293,0.02159
-0.66769,-0.64256,0.87682,0.17562,-0.40988,0.8828,0.0207
-0.6646,-0.64042,0.87663,0.17509,-0.40792,0.8829,0.02016
-0.66176,-0.63757,0.87683,0.17406,-0.40523,0.88291,0.01909
-0.6596,-0.63455,0.87692,0.17298,-0.40332,0.88292,0.01839
-0.65644,-0.63158,0.87682,0.17193,-0.39912,0.88309,0.01673
-0.65307,-0.62949,0.87679,0.1709,-0.39701,0.88309,0.01598
-0.6507,-0.62599,0.8768,0.16988,-0.39398,0.88306,0.01473
-0.64744,-0.62268,0.87661,0.16905,-0.39077,0.8828,0.01343
-0.64389,-0.61895,0.87644,0.16796,-0.38843,0.88265,0.01262
-0.64052,-0.61556,0.87651,0.16662,-0.38496,0.8825,0.0112
-0.63702,-0.61308,0.87644,0.16557,-0.38169,0.88243,0.00952
-0.63481,-0.60949,0.87591,0.16472,-0.37848,0.88217,0.00806
